# EXP-2026-09-08-045 workload: shard_index absolute_file_offset bytes
# source trace h2d.log sha256 3267cbeaeec4f25fd328e88db8b882f73b2b307ad0913d452b6aa56577b55945
1 30358122432 525312
1 30359172032 1574912
1 30361796032 3149312
1 30365469632 1574912
1 30368093632 1574912
1 30370192832 1050112
1 30372816832 525312
1 30373866432 2624512
1 30377015232 1050112
1 30378589632 525312
1 30380164032 1574912
1 30382263232 525312
1 30383837632 525312
1 30385412032 525312
1 30386461632 525312
1 30388560832 525312
1 30389610432 4723712
1 30394858432 2099712
1 30397482432 1050112
1 30399581632 1050112
1 30404829632 525312
1 30405879232 1574912
1 30407978432 4723712
1 30413226432 525312
1 30415325632 525312
1 30416375232 525312
1 30417424832 525312
1 30419524032 525312
1 30420573632 1050112
1 30422672832 1050112
1 30424247232 525312
1 30425821632 1050112
1 30427396032 2099712
1 30430544832 1050112
1 30432644032 1050112
1 30435268032 3149312
1 30439991232 525312
1 30441040832 3674112
1 30445764032 1050112
1 30447338432 1050112
1 30448912832 2099712
1 30451536832 525312
1 30452586432 525312
1 30454685632 525312
1 30455735232 1574912
1 30457834432 525312
1 30458884032 525312
1 30460458432 2099712
1 30463082432 1050112
1 30464656832 525312
1 30465706432 525312
1 30466756032 3149312
1 30471479232 2099712
1 30474103232 2099712
1 30476727232 1574912
1 30480400832 1574912
1 30482500032 1050112
1 30484074432 1574912
1 30486698432 1574912
1 30489847232 525312
1 30490896832 1050112
1 30493520832 1050112
1 30495620032 525312
1 30496669632 1050112
1 30498244032 525312
1 30499818432 525312
1 30500868032 525312
1 30501917632 3674112
1 30506116032 1050112
1 30508215232 3149312
1 30511888832 1574912
1 30513988032 525312
1 30516087232 1050112
1 30517661632 1574912
1 30519760832 1050112
1 30521860032 525312
1 30523959232 525312
1 30525533632 2099712
1 30528157632 2624512
1 30531306432 525312
1 30533405632 525312
1 30534455232 3674112
1 30539703232 2624512
1 30542852032 1574912
1 30544951232 4198912
1 30550199232 1050112
1 30551773632 1574912
1 30553872832 525312
1 30554922432 2624512
1 30558071232 1050112
1 30559645632 2099712
1 30563319232 2099712
1 30566992832 3674112
1 30571191232 1050112
1 30572765632 525312
1 30573815232 1050112
1 30575389632 1574912
1 30577488832 525312
1 30578538432 525312
1 30581162432 2099712
1 30583786432 1574912
1 30585885632 525312
1 30587460032 2624512
1 30590608832 2624512
1 30593757632 525312
1 30594807232 1050112
1 30598480832 1050112
1 30600055232 3674112
1 30604778432 2099712
1 30607402432 525312
1 30609501632 525312
1 30610551232 525312
1 30612650432 525312
1 30614749632 1050112
1 30616324032 525312
1 30617898432 525312
1 30618948032 525312
1 30619997632 1574912
1 30623146432 2099712
1 30633417152 525312
1 30634466752 1574912
1 30637090752 3149312
1 30640764352 1574912
1 30643388352 1574912
1 30645487552 1050112
1 30648111552 525312
1 30649161152 2624512
1 30652309952 1050112
1 30653884352 525312
1 30655458752 1574912
1 30657557952 525312
1 30659132352 525312
1 30660706752 525312
1 30661756352 525312
1 30663855552 525312
1 30664905152 4723712
1 30670153152 2099712
1 30672777152 1050112
1 30674876352 1050112
1 30680124352 525312
1 30681173952 1574912
1 30683273152 4723712
1 30688521152 525312
1 30690620352 525312
1 30691669952 525312
1 30692719552 525312
1 30694818752 525312
1 30695868352 1050112
1 30697967552 1050112
1 30699541952 525312
1 30701116352 1050112
1 30702690752 2099712
1 30705839552 1050112
1 30707938752 1050112
1 30710562752 3149312
1 30715285952 525312
1 30716335552 3674112
1 30721058752 1050112
1 30722633152 1050112
1 30724207552 2099712
1 30726831552 525312
1 30727881152 525312
1 30729980352 525312
1 30731029952 1574912
1 30733129152 525312
1 30734178752 525312
1 30735753152 2099712
1 30738377152 1050112
1 30739951552 525312
1 30741001152 525312
1 30742050752 3149312
1 30746773952 2099712
1 30749397952 2099712
1 30752021952 1574912
1 30755695552 1574912
1 30757794752 1050112
1 30759369152 1574912
1 30761993152 1574912
1 30765141952 525312
1 30766191552 1050112
1 30768815552 1050112
1 30770914752 525312
1 30771964352 1050112
1 30773538752 525312
1 30775113152 525312
1 30776162752 525312
1 30777212352 3674112
1 30781410752 1050112
1 30783509952 3149312
1 30787183552 1574912
1 30789282752 525312
1 30791381952 1050112
1 30792956352 1574912
1 30795055552 1050112
1 30797154752 525312
1 30799253952 525312
1 30800828352 2099712
1 30803452352 2624512
1 30806601152 525312
1 30808700352 525312
1 30809749952 3674112
1 30814997952 2624512
1 30818146752 1574912
1 30820245952 4198912
1 30825493952 1050112
1 30827068352 1574912
1 30829167552 525312
1 30830217152 2624512
1 30833365952 1050112
1 30834940352 2099712
1 30838613952 2099712
1 30842287552 3674112
1 30846485952 1050112
1 30848060352 525312
1 30849109952 1050112
1 30850684352 1574912
1 30852783552 525312
1 30853833152 525312
1 30856457152 2099712
1 30859081152 1574912
1 30861180352 525312
1 30862754752 2624512
1 30865903552 2624512
1 30869052352 525312
1 30870101952 1050112
1 30873775552 1050112
1 30875349952 3674112
1 30880073152 2099712
1 30882697152 525312
1 30884796352 525312
1 30885845952 525312
1 30887945152 525312
1 30890044352 1050112
1 30891618752 525312
1 30893193152 525312
1 30894242752 525312
1 30895292352 1574912
1 30898441152 2099712
1 29884522432 922112
1 29886365632 2765312
1 29890973632 5530112
1 29897424832 2765312
1 29902032832 2765312
1 29905719232 1843712
1 29910327232 922112
1 29912170432 4608512
1 29917700032 1843712
1 29920464832 922112
1 29923229632 2765312
1 29926916032 922112
1 29929680832 922112
1 29932445632 922112
1 29934288832 922112
1 29937975232 922112
1 29939818432 8294912
1 29949034432 3686912
1 29953642432 1843712
1 29957328832 1843712
1 29966544832 922112
1 29968388032 2765312
1 29972074432 8294912
1 29981290432 922112
1 29984976832 922112
1 29986820032 922112
1 29988663232 922112
1 29992349632 922112
1 29994192832 1843712
1 29997879232 1843712
1 30000644032 922112
1 30003408832 1843712
1 30006173632 3686912
1 30011703232 1843712
1 30015389632 1843712
1 30019997632 5530112
1 30028292032 922112
1 30030135232 6451712
1 30038429632 1843712
1 30041194432 1843712
1 30043959232 3686912
1 30048567232 922112
1 30050410432 922112
1 30054096832 922112
1 30055940032 2765312
1 30059626432 922112
1 30061469632 922112
1 30064234432 3686912
1 30068842432 1843712
1 30071607232 922112
1 30073450432 922112
1 30075293632 5530112
1 30083588032 3686912
1 30088196032 3686912
1 30092804032 2765312
1 30099255232 2765312
1 30102941632 1843712
1 30105706432 2765312
1 30110314432 2765312
1 30115844032 922112
1 30117687232 1843712
1 30122295232 1843712
1 30125981632 922112
1 30127824832 1843712
1 30130589632 922112
1 30133354432 922112
1 30135197632 922112
1 30137040832 6451712
1 30144413632 1843712
1 30148100032 5530112
1 30154551232 2765312
1 30158237632 922112
1 30161924032 1843712
1 30164688832 2765312
1 30168375232 1843712
1 30172061632 922112
1 30175748032 922112
1 30178512832 3686912
1 30183120832 4608512
1 30188650432 922112
1 30192336832 922112
1 30194180032 6451712
1 30203396032 4608512
1 30208925632 2765312
1 30212612032 7373312
1 30221828032 1843712
1 30224592832 2765312
1 30228279232 922112
1 30230122432 4608512
1 30235652032 1843712
1 30238416832 3686912
1 30244868032 3686912
1 30251319232 6451712
1 30258692032 1843712
1 30261456832 922112
1 30263300032 1843712
1 30266064832 2765312
1 30269751232 922112
1 30271594432 922112
1 30276202432 3686912
1 30280810432 2765312
1 30284496832 922112
1 30287261632 4608512
1 30292791232 4608512
1 30298320832 922112
1 30300164032 1843712
1 30306615232 1843712
1 30309380032 6451712
1 30317674432 3686912
1 30322282432 922112
1 30325968832 922112
1 30327812032 922112
1 30331498432 922112
1 30335184832 1843712
1 30337949632 922112
1 30340714432 922112
1 30342557632 922112
1 30344400832 2765312
1 30349930432 3686912
1 31439851328 525312
1 31441425728 2624512
1 31444574528 525312
1 31445624128 525312
1 31447723328 1050112
1 31449297728 1574912
1 31451921728 525312
1 31455070528 525312
1 31457694528 525312
1 31459793728 1050112
1 31461368128 1574912
1 31463467328 525312
1 31464516928 1050112
1 31466091328 525312
1 31467665728 525312
1 31469764928 3149312
1 31474488128 525312
1 31475537728 525312
1 31477112128 525312
1 31478161728 525312
1 31479736128 525312
1 31480785728 525312
1 31481835328 525312
1 31483934528 2624512
1 31487083328 1050112
1 31488657728 525312
1 31489707328 525312
1 31491281728 525312
1 31492331328 525312
1 31493380928 525312
1 31494430528 525312
1 31495480128 1574912
1 31498104128 1574912
1 31500203328 525312
1 31502302528 525312
1 31503352128 2624512
1 31507025728 525312
1 31508075328 1574912
1 31510174528 1050112
1 31511748928 525312
1 31514897728 525312
1 31516996928 1050112
1 31518571328 1050112
1 31520145728 525312
1 31521720128 5248512
1 31527492928 525312
1 31528542528 1050112
1 31530116928 525312
1 31531166528 1574912
1 31533790528 525312
1 31534840128 1574912
1 31536939328 525312
1 31538513728 2624512
1 31541662528 2624512
1 31544811328 525312
1 31545860928 1050112
1 31547435328 525312
1 31548484928 525312
1 31549534528 2099712
1 31552683328 2099712
1 31557406528 1574912
1 31560555328 525312
1 31562129728 525312
1 31563704128 1574912
1 31565803328 525312
1 31566852928 2099712
1 31570001728 525312
1 31571051328 1050112
1 31572625728 525312
1 31576299328 3149312
1 31579972928 1574912
1 31582596928 2099712
1 31585220928 1574912
1 31587320128 525312
1 31589419328 2099712
1 31592043328 2624512
1 31595192128 2099712
1 31597816128 2624512
1 31602014528 525312
1 31603064128 525312
1 31605688128 525312
1 31607262528 1574912
1 31609361728 3674112
1 31613560128 525312
1 31614609728 1050112
1 31616184128 525312
1 31618808128 1050112
1 31620382528 525312
1 31623006528 525312
1 31624056128 1050112
1 31626680128 525312
1 31630353728 1050112
1 31631928128 525312
1 31632977728 525312
1 31634027328 525312
1 31635601728 525312
1 31636651328 1050112
1 31638225728 525312
1 31639800128 525312
1 31640849728 525312
1 31641899328 1050112
1 31644523328 1574912
1 31646622528 1050112
1 31648196928 525312
1 31650296128 1574912
1 31652395328 525312
1 31653444928 525312
1 31655019328 3149312
1 31660267328 525312
1 31661316928 1050112
1 31663416128 1050112
1 31664990528 1050112
1 31667614528 1050112
1 31669188928 525312
1 31670238528 2099712
1 31673387328 2099712
1 31676536128 525312
1 31678110528 3149312
1 31683883328 525312
1 31684932928 525312
1 31687032128 525312
1 31689131328 2099712
1 31692280128 1574912
1 31694379328 525312
1 31695428928 1050112
1 31697528128 525312
1 31698577728 525312
1 31699627328 525312
1 31701201728 1574912
1 31703825728 1574912
1 31706974528 525312
1 31715146048 525312
1 31716720448 2624512
1 31719869248 525312
1 31720918848 525312
1 31723018048 1050112
1 31724592448 1574912
1 31727216448 525312
1 31730365248 525312
1 31732989248 525312
1 31735088448 1050112
1 31736662848 1574912
1 31738762048 525312
1 31739811648 1050112
1 31741386048 525312
1 31742960448 525312
1 31745059648 3149312
1 31749782848 525312
1 31750832448 525312
1 31752406848 525312
1 31753456448 525312
1 31755030848 525312
1 31756080448 525312
1 31757130048 525312
1 31759229248 2624512
1 31762378048 1050112
1 31763952448 525312
1 31765002048 525312
1 31766576448 525312
1 31767626048 525312
1 31768675648 525312
1 31769725248 525312
1 31770774848 1574912
1 31773398848 1574912
1 31775498048 525312
1 31777597248 525312
1 31778646848 2624512
1 31782320448 525312
1 31783370048 1574912
1 31785469248 1050112
1 31787043648 525312
1 31790192448 525312
1 31792291648 1050112
1 31793866048 1050112
1 31795440448 525312
1 31797014848 5248512
1 31802787648 525312
1 31803837248 1050112
1 31805411648 525312
1 31806461248 1574912
1 31809085248 525312
1 31810134848 1574912
1 31812234048 525312
1 31813808448 2624512
1 31816957248 2624512
1 31820106048 525312
1 31821155648 1050112
1 31822730048 525312
1 31823779648 525312
1 31824829248 2099712
1 31827978048 2099712
1 31832701248 1574912
1 31835850048 525312
1 31837424448 525312
1 31838998848 1574912
1 31841098048 525312
1 31842147648 2099712
1 31845296448 525312
1 31846346048 1050112
1 31847920448 525312
1 31851594048 3149312
1 31855267648 1574912
1 31857891648 2099712
1 31860515648 1574912
1 31862614848 525312
1 31864714048 2099712
1 31867338048 2624512
1 31870486848 2099712
1 31873110848 2624512
1 31877309248 525312
1 31878358848 525312
1 31880982848 525312
1 31882557248 1574912
1 31884656448 3674112
1 31888854848 525312
1 31889904448 1050112
1 31891478848 525312
1 31894102848 1050112
1 31895677248 525312
1 31898301248 525312
1 31899350848 1050112
1 31901974848 525312
1 31905648448 1050112
1 31907222848 525312
1 31908272448 525312
1 31909322048 525312
1 31910896448 525312
1 31911946048 1050112
1 31913520448 525312
1 31915094848 525312
1 31916144448 525312
1 31917194048 1050112
1 31919818048 1574912
1 31921917248 1050112
1 31923491648 525312
1 31925590848 1574912
1 31927690048 525312
1 31928739648 525312
1 31930314048 3149312
1 31935562048 525312
1 31936611648 1050112
1 31938710848 1050112
1 31940285248 1050112
1 31942909248 1050112
1 31944483648 525312
1 31945533248 2099712
1 31948682048 2099712
1 31951830848 525312
1 31953405248 3149312
1 31959178048 525312
1 31960227648 525312
1 31962326848 525312
1 31964426048 2099712
1 31967574848 1574912
1 31969674048 525312
1 31970723648 1050112
1 31972822848 525312
1 31973872448 525312
1 31974922048 525312
1 31976496448 1574912
1 31979120448 1574912
1 31982269248 525312
1 30966251328 922112
1 30969016128 4608512
1 30974545728 922112
1 30976388928 922112
1 30980075328 1843712
1 30982840128 2765312
1 30987448128 922112
1 30992977728 922112
1 30997585728 922112
1 31001272128 1843712
1 31004036928 2765312
1 31007723328 922112
1 31009566528 1843712
1 31012331328 922112
1 31015096128 922112
1 31018782528 5530112
1 31027076928 922112
1 31028920128 922112
1 31031684928 922112
1 31033528128 922112
1 31036292928 922112
1 31038136128 922112
1 31039979328 922112
1 31043665728 4608512
1 31049195328 1843712
1 31051960128 922112
1 31053803328 922112
1 31056568128 922112
1 31058411328 922112
1 31060254528 922112
1 31062097728 922112
1 31063940928 2765312
1 31068548928 2765312
1 31072235328 922112
1 31075921728 922112
1 31077764928 4608512
1 31084216128 922112
1 31086059328 2765312
1 31089745728 1843712
1 31092510528 922112
1 31098040128 922112
1 31101726528 1843712
1 31104491328 1843712
1 31107256128 922112
1 31110020928 9216512
1 31120158528 922112
1 31122001728 1843712
1 31124766528 922112
1 31126609728 2765312
1 31131217728 922112
1 31133060928 2765312
1 31136747328 922112
1 31139512128 4608512
1 31145041728 4608512
1 31150571328 922112
1 31152414528 1843712
1 31155179328 922112
1 31157022528 922112
1 31158865728 3686912
1 31164395328 3686912
1 31172689728 2765312
1 31178219328 922112
1 31180984128 922112
1 31183748928 2765312
1 31187435328 922112
1 31189278528 3686912
1 31194808128 922112
1 31196651328 1843712
1 31199416128 922112
1 31205867328 5530112
1 31212318528 2765312
1 31216926528 3686912
1 31221534528 2765312
1 31225220928 922112
1 31228907328 3686912
1 31233515328 4608512
1 31239044928 3686912
1 31243652928 4608512
1 31251025728 922112
1 31252868928 922112
1 31257476928 922112
1 31260241728 2765312
1 31263928128 6451712
1 31271300928 922112
1 31273144128 1843712
1 31275908928 922112
1 31280516928 1843712
1 31283281728 922112
1 31287889728 922112
1 31289732928 1843712
1 31294340928 922112
1 31300792128 1843712
1 31303556928 922112
1 31305400128 922112
1 31307243328 922112
1 31310008128 922112
1 31311851328 1843712
1 31314616128 922112
1 31317380928 922112
1 31319224128 922112
1 31321067328 1843712
1 31325675328 2765312
1 31329361728 1843712
1 31332126528 922112
1 31335812928 2765312
1 31339499328 922112
1 31341342528 922112
1 31344107328 5530112
1 31353323328 922112
1 31355166528 1843712
1 31358852928 1843712
1 31361617728 1843712
1 31366225728 1843712
1 31368990528 922112
1 31370833728 3686912
1 31376363328 3686912
1 31381892928 922112
1 31384657728 5530112
1 31394795328 922112
1 31396638528 922112
1 31400324928 922112
1 31404011328 3686912
1 31409540928 2765312
1 31413227328 922112
1 31415070528 1843712
1 31418756928 922112
1 31420600128 922112
1 31422443328 922112
1 31425208128 2765312
1 31429816128 2765312
1 31435345728 922112
1 32568249024 1408512
1 32573881024 704512
1 32575289024 704512
1 32578105024 704512
1 32579513024 704512
1 32580921024 704512
1 32582329024 704512
1 32586553024 704512
1 32587961024 704512
1 32590073024 704512
1 32592185024 2112512
1 32596409024 704512
1 32597817024 1408512
1 32601337024 1408512
1 32604857024 1408512
1 32606969024 704512
1 32609785024 704512
1 32611193024 1408512
1 32613305024 704512
1 32618937024 2112512
1 32622457024 704512
1 32623865024 2816512
1 32627385024 2816512
1 32631609024 704512
1 32633721024 2112512
1 32637241024 2112512
1 32640761024 2816512
1 32645689024 704512
1 32649209024 704512
1 32652729024 704512
1 32656249024 2112512
1 32661177024 1408512
1 32663289024 2112512
1 32666105024 2112512
1 32668921024 704512
1 32670329024 704512
1 32671737024 704512
1 32673849024 2816512
1 32678073024 3520512
1 32682297024 704512
1 32683705024 704512
1 32685113024 1408512
1 32687225024 704512
1 32688633024 704512
1 32690041024 4928512
1 32697081024 704512
1 32699193024 704512
1 32701305024 1408512
1 32704825024 2112512
1 32707641024 704512
1 32711865024 5632512
1 32718201024 704512
1 32725945024 1408512
1 32728761024 2112512
1 32731577024 3520512
1 32739321024 704512
1 32740729024 704512
1 32742137024 3520512
1 32746361024 2816512
1 32749881024 4224512
1 32754809024 2112512
1 32757625024 704512
1 32759033024 704512
1 32761145024 704512
1 32763257024 1408512
1 32768185024 1408512
1 32770297024 1408512
1 32772409024 2112512
1 32779449024 2112512
1 32782969024 3520512
1 32787193024 704512
1 32788601024 2112512
1 32791417024 704512
1 32792825024 704512
1 32801273024 704512
1 32804793024 1408512
1 32806905024 1408512
1 32810425024 704512
1 32812537024 704512
1 32813945024 704512
1 32816057024 704512
1 32819577024 1408512
1 32822393024 1408512
1 32825209024 3520512
1 32832249024 704512
1 32833657024 2816512
1 32837881024 704512
1 32839993024 704512
1 32842105024 704512
1 32843513024 1408512
1 32847737024 704512
1 32849145024 4224512
1 32855481024 2112512
1 32858297024 704512
1 32860409024 1408512
1 32863225024 704512
1 32867449024 704512
1 32869561024 704512
1 32870969024 1408512
1 32873081024 704512
1 32874489024 704512
1 32875897024 704512
1 32878009024 2816512
1 32882937024 2816512
1 32886457024 704512
1 32888569024 2816512
1 32894905024 704512
1 32896313024 704512
1 32897721024 2112512
1 32904057024 4224512
1 32908985024 704512
1 32911801024 5632512
1 32918841024 704512
1 32920953024 4224512
1 32926585024 704000
1 32935690944 1408512
1 32941322944 704512
1 32942730944 704512
1 32945546944 704512
1 32946954944 704512
1 32948362944 704512
1 32949770944 704512
1 32953994944 704512
1 32955402944 704512
1 32957514944 704512
1 32959626944 2112512
1 32963850944 704512
1 32965258944 1408512
1 32968778944 1408512
1 32972298944 1408512
1 32974410944 704512
1 32977226944 704512
1 32978634944 1408512
1 32980746944 704512
1 32986378944 2112512
1 32989898944 704512
1 32991306944 2816512
1 32994826944 2816512
1 32999050944 704512
1 33001162944 2112512
1 33004682944 2112512
1 33008202944 2816512
1 33013130944 704512
1 33016650944 704512
1 33020170944 704512
1 33023690944 2112512
1 33028618944 1408512
1 33030730944 2112512
1 33033546944 2112512
1 33036362944 704512
1 33037770944 704512
1 33039178944 704512
1 33041290944 2816512
1 33045514944 3520512
1 33049738944 704512
1 33051146944 704512
1 33052554944 1408512
1 33054666944 704512
1 33056074944 704512
1 33057482944 4928512
1 33064522944 704512
1 33066634944 704512
1 33068746944 1408512
1 33072266944 2112512
1 33075082944 704512
1 33079306944 5632512
1 33085642944 704512
1 33093386944 1408512
1 33096202944 2112512
1 33099018944 3520512
1 33106762944 704512
1 33108170944 704512
1 33109578944 3520512
1 33113802944 2816512
1 33117322944 4224512
1 33122250944 2112512
1 33125066944 704512
1 33126474944 704512
1 33128586944 704512
1 33130698944 1408512
1 33135626944 1408512
1 33137738944 1408512
1 33139850944 2112512
1 33146890944 2112512
1 33150410944 3520512
1 33154634944 704512
1 33156042944 2112512
1 33158858944 704512
1 33160266944 704512
1 33168714944 704512
1 33172234944 1408512
1 33174346944 1408512
1 33177866944 704512
1 33179978944 704512
1 33181386944 704512
1 33183498944 704512
1 33187018944 1408512
1 33189834944 1408512
1 33192650944 3520512
1 33199690944 704512
1 33201098944 2816512
1 33205322944 704512
1 33207434944 704512
1 33209546944 704512
1 33210954944 1408512
1 33215178944 704512
1 33216586944 4224512
1 33222922944 2112512
1 33225738944 704512
1 33227850944 1408512
1 33230666944 704512
1 33234890944 704512
1 33237002944 704512
1 33238410944 1408512
1 33240522944 704512
1 33241930944 704512
1 33243338944 704512
1 33245450944 2816512
1 33250378944 2816512
1 33253898944 704512
1 33256010944 2816512
1 33262346944 704512
1 33263754944 704512
1 33265162944 2112512
1 33271498944 4224512
1 33276426944 704512
1 33279242944 5632512
1 33286282944 704512
1 33288394944 4224512
1 33294026944 704000
1 32095084224 1843712
1 32102457024 922112
1 32104300224 922112
1 32107986624 922112
1 32109829824 922112
1 32111673024 922112
1 32113516224 922112
1 32119045824 922112
1 32120889024 922112
1 32123653824 922112
1 32126418624 2765312
1 32131948224 922112
1 32133791424 1843712
1 32138399424 1843712
1 32143007424 1843712
1 32145772224 922112
1 32149458624 922112
1 32151301824 1843712
1 32154066624 922112
1 32161439424 2765312
1 32166047424 922112
1 32167890624 3686912
1 32172498624 3686912
1 32178028224 922112
1 32180793024 2765312
1 32185401024 2765312
1 32190009024 3686912
1 32196460224 922112
1 32201068224 922112
1 32205676224 922112
1 32210284224 2765312
1 32216735424 1843712
1 32219500224 2765312
1 32223186624 2765312
1 32226873024 922112
1 32228716224 922112
1 32230559424 922112
1 32233324224 3686912
1 32238853824 4608512
1 32244383424 922112
1 32246226624 922112
1 32248069824 1843712
1 32250834624 922112
1 32252677824 922112
1 32254521024 6451712
1 32263737024 922112
1 32266501824 922112
1 32269266624 1843712
1 32273874624 2765312
1 32277561024 922112
1 32283090624 7373312
1 32291385024 922112
1 32301522624 1843712
1 32305209024 2765312
1 32308895424 4608512
1 32319033024 922112
1 32320876224 922112
1 32322719424 4608512
1 32328249024 3686912
1 32332857024 5530112
1 32339308224 2765312
1 32342994624 922112
1 32344837824 922112
1 32347602624 922112
1 32350367424 1843712
1 32356818624 1843712
1 32359583424 1843712
1 32362348224 2765312
1 32371564224 2765312
1 32376172224 4608512
1 32381701824 922112
1 32383545024 2765312
1 32387231424 922112
1 32389074624 922112
1 32400133824 922112
1 32404741824 1843712
1 32407506624 1843712
1 32412114624 922112
1 32414879424 922112
1 32416722624 922112
1 32419487424 922112
1 32424095424 1843712
1 32427781824 1843712
1 32431468224 4608512
1 32440684224 922112
1 32442527424 3686912
1 32448057024 922112
1 32450821824 922112
1 32453586624 922112
1 32455429824 1843712
1 32460959424 922112
1 32462802624 5530112
1 32471097024 2765312
1 32474783424 922112
1 32477548224 1843712
1 32481234624 922112
1 32486764224 922112
1 32489529024 922112
1 32491372224 1843712
1 32494137024 922112
1 32495980224 922112
1 32497823424 922112
1 32500588224 3686912
1 32507039424 3686912
1 32511647424 922112
1 32514412224 3686912
1 32522706624 922112
1 32524549824 922112
1 32526393024 2765312
1 32534687424 5530112
1 32541138624 922112
1 32544825024 7373312
1 32554041024 922112
1 32556805824 5530112
1 32564178624 921600
1 33839842368 525312
1 33840891968 525312
1 33844040768 1574912
1 33846139968 525312
1 33851387968 1050112
1 33854536768 525312
1 33857685568 525312
1 33862408768 1050112
1 33865032768 2099712
1 33867656768 525312
1 33869755968 525312
1 33871330368 525312
1 33872904768 525312
1 33873954368 525312
1 33875003968 1050112
1 33877627968 525312
1 33878677568 525312
1 33880251968 525312
1 33882351168 525312
1 33883400768 1574912
1 33885499968 525312
1 33886549568 525312
1 33892847168 1574912
1 33895995968 525312
1 33902293568 525312
1 33905967168 525312
1 33907541568 525312
1 33909115968 525312
1 33913314368 525312
1 33914888768 525312
1 33916463168 525312
1 33918037568 2099712
1 33922760768 2099712
1 33927483968 1050112
1 33930632768 1574912
1 33932731968 1050112
1 33934306368 525312
1 33935355968 525312
1 33936405568 1050112
1 33939029568 1050112
1 33942178368 2099712
1 33945327168 525312
1 33946901568 1050112
1 33950575168 525312
1 33951624768 2624512
1 33954773568 525312
1 33955823168 1050112
1 33957397568 525312
1 33958971968 1050112
1 33960546368 1574912
1 33962645568 525312
1 33963695168 525312
1 33964744768 1050112
1 33966319168 1050112
1 33967893568 1574912
1 33969992768 525312
1 33972091968 525312
1 33973141568 525312
1 33976815168 525312
1 33977864768 1050112
1 33979439168 1050112
1 33982063168 1050112
1 33985736768 1050112
1 33987311168 1050112
1 33988885568 525312
1 33989935168 1574912
1 33993083968 525312
1 34002005568 525312
1 34004629568 525312
1 34008827968 525312
1 34013551168 1050112
1 34015125568 1574912
1 34017224768 1574912
1 34021947968 525312
1 34025096768 525312
1 34026671168 525312
1 34028245568 525312
1 34029295168 1574912
1 34033493568 1050112
1 34035067968 1050112
1 34036642368 525312
1 34037691968 1050112
1 34039266368 525312
1 34040315968 1574912
1 34042939968 525312
1 34044514368 525312
1 34046088768 1050112
1 34047663168 525312
1 34050287168 2099712
1 34052911168 1050112
1 34057634368 525312
1 34062357568 1050112
1 34064981568 525312
1 34066555968 525312
1 34068655168 525312
1 34070754368 525312
1 34072328768 1050112
1 34074952768 1574912
1 34077051968 1050112
1 34080200768 525312
1 34082299968 525312
1 34083349568 525312
1 34084923968 525312
1 34085973568 525312
1 34088072768 525312
1 34089122368 525312
1 34092271168 525312
1 34093320768 525312
1 34095944768 1050112
1 34103291968 525312
1 34104341568 525312
1 34105391168 525312
1 34106965568 525312
1 34115137088 525312
1 34116186688 525312
1 34119335488 1574912
1 34121434688 525312
1 34126682688 1050112
1 34129831488 525312
1 34132980288 525312
1 34137703488 1050112
1 34140327488 2099712
1 34142951488 525312
1 34145050688 525312
1 34146625088 525312
1 34148199488 525312
1 34149249088 525312
1 34150298688 1050112
1 34152922688 525312
1 34153972288 525312
1 34155546688 525312
1 34157645888 525312
1 34158695488 1574912
1 34160794688 525312
1 34161844288 525312
1 34168141888 1574912
1 34171290688 525312
1 34177588288 525312
1 34181261888 525312
1 34182836288 525312
1 34184410688 525312
1 34188609088 525312
1 34190183488 525312
1 34191757888 525312
1 34193332288 2099712
1 34198055488 2099712
1 34202778688 1050112
1 34205927488 1574912
1 34208026688 1050112
1 34209601088 525312
1 34210650688 525312
1 34211700288 1050112
1 34214324288 1050112
1 34217473088 2099712
1 34220621888 525312
1 34222196288 1050112
1 34225869888 525312
1 34226919488 2624512
1 34230068288 525312
1 34231117888 1050112
1 34232692288 525312
1 34234266688 1050112
1 34235841088 1574912
1 34237940288 525312
1 34238989888 525312
1 34240039488 1050112
1 34241613888 1050112
1 34243188288 1574912
1 34245287488 525312
1 34247386688 525312
1 34248436288 525312
1 34252109888 525312
1 34253159488 1050112
1 34254733888 1050112
1 34257357888 1050112
1 34261031488 1050112
1 34262605888 1050112
1 34264180288 525312
1 34265229888 1574912
1 34268378688 525312
1 34277300288 525312
1 34279924288 525312
1 34284122688 525312
1 34288845888 1050112
1 34290420288 1574912
1 34292519488 1574912
1 34297242688 525312
1 34300391488 525312
1 34301965888 525312
1 34303540288 525312
1 34304589888 1574912
1 34308788288 1050112
1 34310362688 1050112
1 34311937088 525312
1 34312986688 1050112
1 34314561088 525312
1 34315610688 1574912
1 34318234688 525312
1 34319809088 525312
1 34321383488 1050112
1 34322957888 525312
1 34325581888 2099712
1 34328205888 1050112
1 34332929088 525312
1 34337652288 1050112
1 34340276288 525312
1 34341850688 525312
1 34343949888 525312
1 34346049088 525312
1 34347623488 1050112
1 34350247488 1574912
1 34352346688 1050112
1 34355495488 525312
1 34357594688 525312
1 34358644288 525312
1 34360218688 525312
1 34361268288 525312
1 34363367488 525312
1 34364417088 525312
1 34367565888 525312
1 34368615488 525312
1 34371239488 1050112
1 34378586688 525312
1 34379636288 525312
1 34380685888 525312
1 34382260288 525312
1 33366639168 922112
1 33368482368 922112
1 33374011968 2765312
1 33377698368 922112
1 33386914368 1843712
1 33392443968 922112
1 33397973568 922112
1 33406267968 1843712
1 33410875968 3686912
1 33415483968 922112
1 33419170368 922112
1 33421935168 922112
1 33424699968 922112
1 33426543168 922112
1 33428386368 1843712
1 33432994368 922112
1 33434837568 922112
1 33437602368 922112
1 33441288768 922112
1 33443131968 2765312
1 33446818368 922112
1 33448661568 922112
1 33459720768 2765312
1 33465250368 922112
1 33476309568 922112
1 33482760768 922112
1 33485525568 922112
1 33488290368 922112
1 33495663168 922112
1 33498427968 922112
1 33501192768 922112
1 33503957568 3686912
1 33512251968 3686912
1 33520546368 1843712
1 33526075968 2765312
1 33529762368 1843712
1 33532527168 922112
1 33534370368 922112
1 33536213568 1843712
1 33540821568 1843712
1 33546351168 3686912
1 33551880768 922112
1 33554645568 1843712
1 33561096768 922112
1 33562939968 4608512
1 33568469568 922112
1 33570312768 1843712
1 33573077568 922112
1 33575842368 1843712
1 33578607168 2765312
1 33582293568 922112
1 33584136768 922112
1 33585979968 1843712
1 33588744768 1843712
1 33591509568 2765312
1 33595195968 922112
1 33598882368 922112
1 33600725568 922112
1 33607176768 922112
1 33609019968 1843712
1 33611784768 1843712
1 33616392768 1843712
1 33622843968 1843712
1 33625608768 1843712
1 33628373568 922112
1 33630216768 2765312
1 33635746368 922112
1 33651413568 922112
1 33656021568 922112
1 33663394368 922112
1 33671688768 1843712
1 33674453568 2765312
1 33678139968 2765312
1 33686434368 922112
1 33691963968 922112
1 33694728768 922112
1 33697493568 922112
1 33699336768 2765312
1 33706709568 1843712
1 33709474368 1843712
1 33712239168 922112
1 33714082368 1843712
1 33716847168 922112
1 33718690368 2765312
1 33723298368 922112
1 33726063168 922112
1 33728827968 1843712
1 33731592768 922112
1 33736200768 3686912
1 33740808768 1843712
1 33749103168 922112
1 33757397568 1843712
1 33762005568 922112
1 33764770368 922112
1 33768456768 922112
1 33772143168 922112
1 33774907968 1843712
1 33779515968 2765312
1 33783202368 1843712
1 33788731968 922112
1 33792418368 922112
1 33794261568 922112
1 33797026368 922112
1 33798869568 922112
1 33802555968 922112
1 33804399168 922112
1 33809928768 922112
1 33811771968 922112
1 33816379968 1843712
1 33829282368 922112
1 33831125568 922112
1 33832968768 922112
1 33835733568 922112
1 34911323712 525312
1 34912898112 1574912
1 34914997312 525312
1 34917621312 525312
1 34920245312 525312
1 34921819712 525312
1 34922869312 525312
1 34926018112 525312
1 34927592512 1050112
1 34930741312 525312
1 34931790912 525312
1 34933365312 1050112
1 34938613312 1050112
1 34940712512 525312
1 34941762112 525312
1 34942811712 3674112
1 34947534912 525312
1 34948584512 1050112
1 34950683712 525312
1 34952258112 525312
1 34953307712 1050112
1 34954882112 1574912
1 34957506112 525312
1 34959080512 525312
1 34960654912 1050112
1 34963803712 2624512
1 34967477312 1050112
1 34969576512 3149312
1 34974824512 1050112
1 34976923712 2099712
1 34979547712 525312
1 34985845312 525312
1 34988469312 525312
1 34990043712 525312
1 34992667712 525312
1 34994766912 525312
1 34995816512 525312
1 34997390912 525312
1 34998440512 525312
1 35001589312 1050112
1 35003163712 525312
1 35007362112 525312
1 35008936512 525312
1 35009986112 2099712
1 35013134912 1050112
1 35014709312 525312
1 35021531712 1050112
1 35023630912 525312
1 35026254912 525312
1 35027304512 525312
1 35034651712 525312
1 35036226112 525312
1 35038850112 525312
1 35042523712 525312
1 35045147712 525312
1 35046722112 525312
1 35048821312 2099712
1 35053019712 1050112
1 35054594112 525312
1 35055643712 1050112
1 35057742912 525312
1 35060891712 525312
1 35062466112 525312
1 35063515712 2624512
1 35067189312 525312
1 35070862912 525312
1 35071912512 2624512
1 35075061312 2099712
1 35078210112 525312
1 35079784512 1574912
1 35082933312 1574912
1 35085557312 525312
1 35087656512 1574912
1 35091330112 2624512
1 35094478912 525312
1 35096053312 525312
1 35097627712 1574912
1 35102875712 525312
1 35104450112 1050112
1 35108648512 525312
1 35112846912 525312
1 35114421312 525312
1 35115470912 525312
1 35116520512 525312
1 35117570112 525312
1 35119669312 525312
1 35120718912 1050112
1 35122293312 1050112
1 35124917312 1050112
1 35126491712 525312
1 35127541312 525312
1 35129115712 525312
1 35130690112 525312
1 35131739712 1574912
1 35134888512 3149312
1 35139086912 1574912
1 35141186112 525312
1 35142760512 525312
1 35143810112 525312
1 35144859712 525312
1 35145909312 525312
1 35148008512 525312
1 35149582912 525312
1 35150632512 525312
1 35151682112 525312
1 35154306112 525312
1 35156405312 1574912
1 35160603712 525312
1 35162178112 525312
1 35163227712 525312
1 35164802112 525312
1 35166376512 525312
1 35167426112 525312
1 35169000512 525312
1 35170050112 1050112
1 35172149312 1050112
1 35175298112 1574912
1 35186618432 525312
1 35188192832 1574912
1 35190292032 525312
1 35192916032 525312
1 35195540032 525312
1 35197114432 525312
1 35198164032 525312
1 35201312832 525312
1 35202887232 1050112
1 35206036032 525312
1 35207085632 525312
1 35208660032 1050112
1 35213908032 1050112
1 35216007232 525312
1 35217056832 525312
1 35218106432 3674112
1 35222829632 525312
1 35223879232 1050112
1 35225978432 525312
1 35227552832 525312
1 35228602432 1050112
1 35230176832 1574912
1 35232800832 525312
1 35234375232 525312
1 35235949632 1050112
1 35239098432 2624512
1 35242772032 1050112
1 35244871232 3149312
1 35250119232 1050112
1 35252218432 2099712
1 35254842432 525312
1 35261140032 525312
1 35263764032 525312
1 35265338432 525312
1 35267962432 525312
1 35270061632 525312
1 35271111232 525312
1 35272685632 525312
1 35273735232 525312
1 35276884032 1050112
1 35278458432 525312
1 35282656832 525312
1 35284231232 525312
1 35285280832 2099712
1 35288429632 1050112
1 35290004032 525312
1 35296826432 1050112
1 35298925632 525312
1 35301549632 525312
1 35302599232 525312
1 35309946432 525312
1 35311520832 525312
1 35314144832 525312
1 35317818432 525312
1 35320442432 525312
1 35322016832 525312
1 35324116032 2099712
1 35328314432 1050112
1 35329888832 525312
1 35330938432 1050112
1 35333037632 525312
1 35336186432 525312
1 35337760832 525312
1 35338810432 2624512
1 35342484032 525312
1 35346157632 525312
1 35347207232 2624512
1 35350356032 2099712
1 35353504832 525312
1 35355079232 1574912
1 35358228032 1574912
1 35360852032 525312
1 35362951232 1574912
1 35366624832 2624512
1 35369773632 525312
1 35371348032 525312
1 35372922432 1574912
1 35378170432 525312
1 35379744832 1050112
1 35383943232 525312
1 35388141632 525312
1 35389716032 525312
1 35390765632 525312
1 35391815232 525312
1 35392864832 525312
1 35394964032 525312
1 35396013632 1050112
1 35397588032 1050112
1 35400212032 1050112
1 35401786432 525312
1 35402836032 525312
1 35404410432 525312
1 35405984832 525312
1 35407034432 1574912
1 35410183232 3149312
1 35414381632 1574912
1 35416480832 525312
1 35418055232 525312
1 35419104832 525312
1 35420154432 525312
1 35421204032 525312
1 35423303232 525312
1 35424877632 525312
1 35425927232 525312
1 35426976832 525312
1 35429600832 525312
1 35431700032 1574912
1 35435898432 525312
1 35437472832 525312
1 35438522432 525312
1 35440096832 525312
1 35441671232 525312
1 35442720832 525312
1 35444295232 525312
1 35445344832 1050112
1 35447444032 1050112
1 35450592832 1574912
1 34438517312 922112
1 34441282112 2765312
1 34444968512 922112
1 34449576512 922112
1 34454184512 922112
1 34456949312 922112
1 34458792512 922112
1 34464322112 922112
1 34467086912 1843712
1 34472616512 922112
1 34474459712 922112
1 34477224512 1843712
1 34486440512 1843712
1 34490126912 922112
1 34491970112 922112
1 34493813312 6451712
1 34502107712 922112
1 34503950912 1843712
1 34507637312 922112
1 34510402112 922112
1 34512245312 1843712
1 34515010112 2765312
1 34519618112 922112
1 34522382912 922112
1 34525147712 1843712
1 34530677312 4608512
1 34537128512 1843712
1 34540814912 5530112
1 34550030912 1843712
1 34553717312 3686912
1 34558325312 922112
1 34569384512 922112
1 34573992512 922112
1 34576757312 922112
1 34581365312 922112
1 34585051712 922112
1 34586894912 922112
1 34589659712 922112
1 34591502912 922112
1 34597032512 1843712
1 34599797312 922112
1 34607170112 922112
1 34609934912 922112
1 34611778112 3686912
1 34617307712 1843712
1 34620072512 922112
1 34632053312 1843712
1 34635739712 922112
1 34640347712 922112
1 34642190912 922112
1 34655093312 922112
1 34657858112 922112
1 34662466112 922112
1 34668917312 922112
1 34673525312 922112
1 34676290112 922112
1 34679976512 3686912
1 34687349312 1843712
1 34690114112 922112
1 34691957312 1843712
1 34695643712 922112
1 34701173312 922112
1 34703938112 922112
1 34705781312 4608512
1 34712232512 922112
1 34718683712 922112
1 34720526912 4608512
1 34726056512 3686912
1 34731586112 922112
1 34734350912 2765312
1 34739880512 2765312
1 34744488512 922112
1 34748174912 2765312
1 34754626112 4608512
1 34760155712 922112
1 34762920512 922112
1 34765685312 2765312
1 34774901312 922112
1 34777666112 1843712
1 34785038912 922112
1 34792411712 922112
1 34795176512 922112
1 34797019712 922112
1 34798862912 922112
1 34800706112 922112
1 34804392512 922112
1 34806235712 1843712
1 34809000512 1843712
1 34813608512 1843712
1 34816373312 922112
1 34818216512 922112
1 34820981312 922112
1 34823746112 922112
1 34825589312 2765312
1 34831118912 5530112
1 34838491712 2765312
1 34842178112 922112
1 34844942912 922112
1 34846786112 922112
1 34848629312 922112
1 34850472512 922112
1 34854158912 922112
1 34856923712 922112
1 34858766912 922112
1 34860610112 922112
1 34865218112 922112
1 34868904512 2765312
1 34876277312 922112
1 34879042112 922112
1 34880885312 922112
1 34883650112 922112
1 34886414912 922112
1 34888258112 922112
1 34891022912 922112
1 34892866112 1843712
1 34896552512 1843712
1 34902082112 2765312
1 35993052608 525312
1 35994627008 1574912
1 35997251008 1050112
1 35999875008 525312
1 36000924608 525312
1 36002499008 1050112
1 36004598208 525312
1 36005647808 1050112
1 36007222208 525312
1 36008271808 2099712
1 36010895808 1050112
1 36015094208 525312
1 36016668608 525312
1 36019292608 525312
1 36020342208 525312
1 36021391808 1050112
1 36023491008 1050112
1 36025065408 525312
1 36027689408 525312
1 36029263808 525312
1 36030838208 525312
1 36031887808 525312
1 36033462208 2099712
1 36036611008 525312
1 36037660608 525312
1 36038710208 1050112
1 36040809408 1050112
1 36042383808 1574912
1 36045007808 1050112
1 36048156608 525312
1 36049206208 1050112
1 36052355008 525312
1 36053404608 2099712
1 36057603008 1574912
1 36059702208 3149312
1 36063375808 525312
1 36064950208 1574912
1 36067049408 525312
1 36068623808 1050112
1 36072297408 525312
1 36073871808 525312
1 36074921408 2099712
1 36077545408 1574912
1 36082268608 1050112
1 36084892608 525312
1 36085942208 1050112
1 36089091008 1574912
1 36092239808 1050112
1 36094863808 1050112
1 36097487808 1050112
1 36099062208 1574912
1 36102211008 1574912
1 36104835008 1050112
1 36106409408 525312
1 36107459008 525312
1 36108508608 525312
1 36109558208 525312
1 36112182208 525312
1 36113756608 2624512
1 36117955008 1050112
1 36119529408 1574912
1 36121628608 1050112
1 36125827008 525312
1 36126876608 1574912
1 36130550208 525312
1 36133699008 525312
1 36134748608 2099712
1 36137897408 1574912
1 36140521408 2099712
1 36144195008 1050112
1 36145769408 2099712
1 36149443008 1574912
1 36151542208 525312
1 36153116608 525312
1 36154166208 2099712
1 36158364608 525312
1 36159414208 2099712
1 36162038208 2624512
1 36165187008 1050112
1 36166761408 525312
1 36168860608 525312
1 36169910208 1050112
1 36173583808 1574912
1 36175683008 1574912
1 36177782208 1050112
1 36179356608 1050112
1 36181455808 525312
1 36182505408 1050112
1 36186179008 525312
1 36187753408 1050112
1 36189327808 525312
1 36190902208 1050112
1 36192476608 525312
1 36195100608 525312
1 36196675008 1050112
1 36201398208 1050112
1 36202972608 525312
1 36204022208 1050112
1 36207695808 525312
1 36208745408 2099712
1 36211369408 525312
1 36212419008 1574912
1 36214518208 525312
1 36215567808 525312
1 36217667008 525312
1 36220291008 525312
1 36221340608 525312
1 36223964608 525312
1 36225014208 525312
1 36226063808 1050112
1 36227638208 525312
1 36229212608 525312
1 36230787008 1050112
1 36232361408 525312
1 36233411008 1050112
1 36236559808 525312
1 36237609408 525312
1 36239183808 525312
1 36240758208 2099712
1 36244956608 2099712
1 36247580608 525312
1 36249155008 2099712
1 36252828608 525312
1 36254403008 1050112
1 36257027008 525312
1 36258076608 1574912
1 36268347328 525312
1 36269921728 1574912
1 36272545728 1050112
1 36275169728 525312
1 36276219328 525312
1 36277793728 1050112
1 36279892928 525312
1 36280942528 1050112
1 36282516928 525312
1 36283566528 2099712
1 36286190528 1050112
1 36290388928 525312
1 36291963328 525312
1 36294587328 525312
1 36295636928 525312
1 36296686528 1050112
1 36298785728 1050112
1 36300360128 525312
1 36302984128 525312
1 36304558528 525312
1 36306132928 525312
1 36307182528 525312
1 36308756928 2099712
1 36311905728 525312
1 36312955328 525312
1 36314004928 1050112
1 36316104128 1050112
1 36317678528 1574912
1 36320302528 1050112
1 36323451328 525312
1 36324500928 1050112
1 36327649728 525312
1 36328699328 2099712
1 36332897728 1574912
1 36334996928 3149312
1 36338670528 525312
1 36340244928 1574912
1 36342344128 525312
1 36343918528 1050112
1 36347592128 525312
1 36349166528 525312
1 36350216128 2099712
1 36352840128 1574912
1 36357563328 1050112
1 36360187328 525312
1 36361236928 1050112
1 36364385728 1574912
1 36367534528 1050112
1 36370158528 1050112
1 36372782528 1050112
1 36374356928 1574912
1 36377505728 1574912
1 36380129728 1050112
1 36381704128 525312
1 36382753728 525312
1 36383803328 525312
1 36384852928 525312
1 36387476928 525312
1 36389051328 2624512
1 36393249728 1050112
1 36394824128 1574912
1 36396923328 1050112
1 36401121728 525312
1 36402171328 1574912
1 36405844928 525312
1 36408993728 525312
1 36410043328 2099712
1 36413192128 1574912
1 36415816128 2099712
1 36419489728 1050112
1 36421064128 2099712
1 36424737728 1574912
1 36426836928 525312
1 36428411328 525312
1 36429460928 2099712
1 36433659328 525312
1 36434708928 2099712
1 36437332928 2624512
1 36440481728 1050112
1 36442056128 525312
1 36444155328 525312
1 36445204928 1050112
1 36448878528 1574912
1 36450977728 1574912
1 36453076928 1050112
1 36454651328 1050112
1 36456750528 525312
1 36457800128 1050112
1 36461473728 525312
1 36463048128 1050112
1 36464622528 525312
1 36466196928 1050112
1 36467771328 525312
1 36470395328 525312
1 36471969728 1050112
1 36476692928 1050112
1 36478267328 525312
1 36479316928 1050112
1 36482990528 525312
1 36484040128 2099712
1 36486664128 525312
1 36487713728 1574912
1 36489812928 525312
1 36490862528 525312
1 36492961728 525312
1 36495585728 525312
1 36496635328 525312
1 36499259328 525312
1 36500308928 525312
1 36501358528 1050112
1 36502932928 525312
1 36504507328 525312
1 36506081728 1050112
1 36507656128 525312
1 36508705728 1050112
1 36511854528 525312
1 36512904128 525312
1 36514478528 525312
1 36516052928 2099712
1 36520251328 2099712
1 36522875328 525312
1 36524449728 2099712
1 36528123328 525312
1 36529697728 1050112
1 36532321728 525312
1 36533371328 1574912
1 35520246208 922112
1 35523011008 2765312
1 35527619008 1843712
1 35532227008 922112
1 35534070208 922112
1 35536835008 1843712
1 35540521408 922112
1 35542364608 1843712
1 35545129408 922112
1 35546972608 3686912
1 35551580608 1843712
1 35558953408 922112
1 35561718208 922112
1 35566326208 922112
1 35568169408 922112
1 35570012608 1843712
1 35573699008 1843712
1 35576463808 922112
1 35581071808 922112
1 35583836608 922112
1 35586601408 922112
1 35588444608 922112
1 35591209408 3686912
1 35596739008 922112
1 35598582208 922112
1 35600425408 1843712
1 35604111808 1843712
1 35606876608 2765312
1 35611484608 1843712
1 35617014208 922112
1 35618857408 1843712
1 35624387008 922112
1 35626230208 3686912
1 35633603008 2765312
1 35637289408 5530112
1 35643740608 922112
1 35646505408 2765312
1 35650191808 922112
1 35652956608 1843712
1 35659407808 922112
1 35662172608 922112
1 35664015808 3686912
1 35668623808 2765312
1 35676918208 1843712
1 35681526208 922112
1 35683369408 1843712
1 35688899008 2765312
1 35694428608 1843712
1 35699036608 1843712
1 35703644608 1843712
1 35706409408 2765312
1 35711939008 2765312
1 35716547008 1843712
1 35719311808 922112
1 35721155008 922112
1 35722998208 922112
1 35724841408 922112
1 35729449408 922112
1 35732214208 4608512
1 35739587008 1843712
1 35742351808 2765312
1 35746038208 1843712
1 35753411008 922112
1 35755254208 2765312
1 35761705408 922112
1 35767235008 922112
1 35769078208 3686912
1 35774607808 2765312
1 35779215808 3686912
1 35785667008 1843712
1 35788431808 3686912
1 35794883008 2765312
1 35798569408 922112
1 35801334208 922112
1 35803177408 3686912
1 35810550208 922112
1 35812393408 3686912
1 35817001408 4608512
1 35822531008 1843712
1 35825295808 922112
1 35828982208 922112
1 35830825408 1843712
1 35837276608 2765312
1 35840963008 2765312
1 35844649408 1843712
1 35847414208 1843712
1 35851100608 922112
1 35852943808 1843712
1 35859395008 922112
1 35862159808 1843712
1 35864924608 922112
1 35867689408 1843712
1 35870454208 922112
1 35875062208 922112
1 35877827008 1843712
1 35886121408 1843712
1 35888886208 922112
1 35890729408 1843712
1 35897180608 922112
1 35899023808 3686912
1 35903631808 922112
1 35905475008 2765312
1 35909161408 922112
1 35911004608 922112
1 35914691008 922112
1 35919299008 922112
1 35921142208 922112
1 35925750208 922112
1 35927593408 922112
1 35929436608 1843712
1 35932201408 922112
1 35934966208 922112
1 35937731008 1843712
1 35940495808 922112
1 35942339008 1843712
1 35947868608 922112
1 35949711808 922112
1 35952476608 922112
1 35955241408 3686912
1 35962614208 3686912
1 35967222208 922112
1 35969987008 3686912
1 35976438208 922112
1 35979203008 1843712
1 35983811008 922112
1 35985654208 2765312
1 37073731904 525312
1 37075306304 525312
1 37076355904 1574912
1 37078979904 1050112
1 37081079104 525312
1 37082128704 525312
1 37085277504 525312
1 37086327104 2099712
1 37088951104 525312
1 37091050304 525312
1 37092624704 1050112
1 37094199104 1050112
1 37095773504 525312
1 37096823104 1574912
1 37099447104 1050112
1 37101021504 1050112
1 37104695104 525312
1 37106794304 525312
1 37109418304 525312
1 37110467904 1050112
1 37112042304 1050112
1 37114666304 525312
1 37115715904 1050112
1 37117290304 1050112
1 37119389504 525312
1 37120439104 1050112
1 37122538304 525312
1 37123587904 525312
1 37125162304 1050112
1 37127261504 1050112
1 37130410304 525312
1 37131984704 1574912
1 37134083904 525312
1 37135133504 2624512
1 37139331904 525312
1 37141431104 2099712
1 37144055104 4723712
1 37149827904 525312
1 37150877504 1574912
1 37152976704 1050112
1 37154551104 525312
1 37158224704 2099712
1 37160848704 525312
1 37161898304 1574912
1 37165047104 1574912
1 37167146304 1574912
1 37169770304 525312
1 37170819904 525312
1 37172394304 1050112
1 37176592704 525312
1 37177642304 525312
1 37179216704 525312
1 37180266304 525312
1 37181315904 525312
1 37182365504 1050112
1 37183939904 525312
1 37184989504 2099712
1 37188138304 2099712
1 37190762304 1050112
1 37192336704 525312
1 37194960704 525312
1 37196010304 3149312
1 37200208704 525312
1 37201258304 525312
1 37202307904 525312
1 37203357504 2624512
1 37206506304 2099712
1 37209130304 1050112
1 37211754304 1050112
1 37213853504 525312
1 37214903104 525312
1 37216477504 525312
1 37218576704 2099712
1 37222250304 525312
1 37223299904 1050112
1 37224874304 525312
1 37225923904 525312
1 37226973504 525312
1 37229072704 2099712
1 37231696704 2099712
1 37234845504 525312
1 37236419904 2099712
1 37239568704 525312
1 37240618304 2099712
1 37243242304 2099712
1 37246391104 525312
1 37247440704 525312
1 37249539904 525312
1 37250589504 1050112
1 37252688704 1050112
1 37254787904 525312
1 37255837504 1574912
1 37258461504 1574912
1 37260560704 2099712
1 37265283904 525312
1 37266858304 525312
1 37268432704 1574912
1 37271581504 525312
1 37274205504 2099712
1 37276829504 1574912
1 37278928704 525312
1 37279978304 1050112
1 37282077504 525312
1 37283127104 525312
1 37284176704 525312
1 37285226304 525312
1 37286275904 2624512
1 37290474304 525312
1 37292048704 1050112
1 37293623104 525312
1 37295197504 1050112
1 37296771904 525312
1 37299920704 525312
1 37300970304 2624512
1 37305168704 525312
1 37306743104 525312
1 37307792704 1574912
1 37309891904 525312
1 37310941504 525312
1 37311991104 1050112
1 37313565504 1574912
1 37315664704 1050112
1 37317239104 525312
1 37319338304 525312
1 37320912704 1050112
1 37323011904 1050112
1 37325111104 1574912
1 37328784704 525312
1 37329834304 1050112
1 37332458304 525312
1 37333507904 3149312
1 37340855104 525312
1 37349026624 525312
1 37350601024 525312
1 37351650624 1574912
1 37354274624 1050112
1 37356373824 525312
1 37357423424 525312
1 37360572224 525312
1 37361621824 2099712
1 37364245824 525312
1 37366345024 525312
1 37367919424 1050112
1 37369493824 1050112
1 37371068224 525312
1 37372117824 1574912
1 37374741824 1050112
1 37376316224 1050112
1 37379989824 525312
1 37382089024 525312
1 37384713024 525312
1 37385762624 1050112
1 37387337024 1050112
1 37389961024 525312
1 37391010624 1050112
1 37392585024 1050112
1 37394684224 525312
1 37395733824 1050112
1 37397833024 525312
1 37398882624 525312
1 37400457024 1050112
1 37402556224 1050112
1 37405705024 525312
1 37407279424 1574912
1 37409378624 525312
1 37410428224 2624512
1 37414626624 525312
1 37416725824 2099712
1 37419349824 4723712
1 37425122624 525312
1 37426172224 1574912
1 37428271424 1050112
1 37429845824 525312
1 37433519424 2099712
1 37436143424 525312
1 37437193024 1574912
1 37440341824 1574912
1 37442441024 1574912
1 37445065024 525312
1 37446114624 525312
1 37447689024 1050112
1 37451887424 525312
1 37452937024 525312
1 37454511424 525312
1 37455561024 525312
1 37456610624 525312
1 37457660224 1050112
1 37459234624 525312
1 37460284224 2099712
1 37463433024 2099712
1 37466057024 1050112
1 37467631424 525312
1 37470255424 525312
1 37471305024 3149312
1 37475503424 525312
1 37476553024 525312
1 37477602624 525312
1 37478652224 2624512
1 37481801024 2099712
1 37484425024 1050112
1 37487049024 1050112
1 37489148224 525312
1 37490197824 525312
1 37491772224 525312
1 37493871424 2099712
1 37497545024 525312
1 37498594624 1050112
1 37500169024 525312
1 37501218624 525312
1 37502268224 525312
1 37504367424 2099712
1 37506991424 2099712
1 37510140224 525312
1 37511714624 2099712
1 37514863424 525312
1 37515913024 2099712
1 37518537024 2099712
1 37521685824 525312
1 37522735424 525312
1 37524834624 525312
1 37525884224 1050112
1 37527983424 1050112
1 37530082624 525312
1 37531132224 1574912
1 37533756224 1574912
1 37535855424 2099712
1 37540578624 525312
1 37542153024 525312
1 37543727424 1574912
1 37546876224 525312
1 37549500224 2099712
1 37552124224 1574912
1 37554223424 525312
1 37555273024 1050112
1 37557372224 525312
1 37558421824 525312
1 37559471424 525312
1 37560521024 525312
1 37561570624 2624512
1 37565769024 525312
1 37567343424 1050112
1 37568917824 525312
1 37570492224 1050112
1 37572066624 525312
1 37575215424 525312
1 37576265024 2624512
1 37580463424 525312
1 37582037824 525312
1 37583087424 1574912
1 37585186624 525312
1 37586236224 525312
1 37587285824 1050112
1 37588860224 1574912
1 37590959424 1050112
1 37592533824 525312
1 37594633024 525312
1 37596207424 1050112
1 37598306624 1050112
1 37600405824 1574912
1 37604079424 525312
1 37605129024 1050112
1 37607753024 525312
1 37608802624 3149312
1 37616149824 525312
1 36600131904 922112
1 36602896704 922112
1 36604739904 2765312
1 36609347904 1843712
1 36613034304 922112
1 36614877504 922112
1 36620407104 922112
1 36622250304 3686912
1 36626858304 922112
1 36630544704 922112
1 36633309504 1843712
1 36636074304 1843712
1 36638839104 922112
1 36640682304 2765312
1 36645290304 1843712
1 36648055104 1843712
1 36654506304 922112
1 36658192704 922112
1 36662800704 922112
1 36664643904 1843712
1 36667408704 1843712
1 36672016704 922112
1 36673859904 1843712
1 36676624704 1843712
1 36680311104 922112
1 36682154304 1843712
1 36685840704 922112
1 36687683904 922112
1 36690448704 1843712
1 36694135104 1843712
1 36699664704 922112
1 36702429504 2765312
1 36706115904 922112
1 36707959104 4608512
1 36715331904 922112
1 36719018304 3686912
1 36723626304 8294912
1 36733763904 922112
1 36735607104 2765312
1 36739293504 1843712
1 36742058304 922112
1 36748509504 3686912
1 36753117504 922112
1 36754960704 2765312
1 36760490304 2765312
1 36764176704 2765312
1 36768784704 922112
1 36770627904 922112
1 36773392704 1843712
1 36780765504 922112
1 36782608704 922112
1 36785373504 922112
1 36787216704 922112
1 36789059904 922112
1 36790903104 1843712
1 36793667904 922112
1 36795511104 3686912
1 36801040704 3686912
1 36805648704 1843712
1 36808413504 922112
1 36813021504 922112
1 36814864704 5530112
1 36822237504 922112
1 36824080704 922112
1 36825923904 922112
1 36827767104 4608512
1 36833296704 3686912
1 36837904704 1843712
1 36842512704 1843712
1 36846199104 922112
1 36848042304 922112
1 36850807104 922112
1 36854493504 3686912
1 36860944704 922112
1 36862787904 1843712
1 36865552704 922112
1 36867395904 922112
1 36869239104 922112
1 36872925504 3686912
1 36877533504 3686912
1 36883063104 922112
1 36885827904 3686912
1 36891357504 922112
1 36893200704 3686912
1 36897808704 3686912
1 36903338304 922112
1 36905181504 922112
1 36908867904 922112
1 36910711104 1843712
1 36914397504 1843712
1 36918083904 922112
1 36919927104 2765312
1 36924535104 2765312
1 36928221504 3686912
1 36936515904 922112
1 36939280704 922112
1 36942045504 2765312
1 36947575104 922112
1 36952183104 3686912
1 36956791104 2765312
1 36960477504 922112
1 36962320704 1843712
1 36966007104 922112
1 36967850304 922112
1 36969693504 922112
1 36971536704 922112
1 36973379904 4608512
1 36980752704 922112
1 36983517504 1843712
1 36986282304 922112
1 36989047104 1843712
1 36991811904 922112
1 36997341504 922112
1 36999184704 4608512
1 37006557504 922112
1 37009322304 922112
1 37011165504 2765312
1 37014851904 922112
1 37016695104 922112
1 37018538304 1843712
1 37021303104 2765312
1 37024989504 1843712
1 37027754304 922112
1 37031440704 922112
1 37034205504 1843712
1 37037891904 1843712
1 37041578304 2765312
1 37048029504 922112
1 37049872704 1843712
1 37054480704 922112
1 37056323904 5530112
1 37069226304 922112
1 38161914048 525312
1 38162963648 1050112
1 38164538048 1050112
1 38166112448 525312
1 38169261248 1574912
1 38172410048 1050112
1 38175558848 525312
1 38176608448 1050112
1 38178182848 525312
1 38179232448 3149312
1 38182906048 1050112
1 38184480448 1050112
1 38187104448 525312
1 38188678848 525312
1 38190778048 525312
1 38193926848 1050112
1 38196026048 525312
1 38198650048 2099712
1 38201274048 525312
1 38202848448 525312
1 38204947648 1050112
1 38206522048 1050112
1 38210195648 2099712
1 38214918848 525312
1 38215968448 525312
1 38217018048 525312
1 38218592448 525312
1 38221216448 525312
1 38222266048 4723712
1 38229088448 525312
1 38230138048 525312
1 38231187648 2099712
1 38234861248 525312
1 38235910848 1574912
1 38238010048 525312
1 38239059648 1050112
1 38241683648 3149312
1 38245882048 525312
1 38246931648 1574912
1 38249030848 1574912
1 38251130048 1574912
1 38253229248 2099712
1 38256902848 525312
1 38257952448 525312
1 38259002048 525312
1 38260051648 1050112
1 38261626048 1050112
1 38263725248 1050112
1 38266874048 525312
1 38267923648 525312
1 38270022848 1574912
1 38272122048 525312
1 38274221248 525312
1 38276845248 1050112
1 38278419648 1050112
1 38279994048 525312
1 38281568448 525312
1 38283142848 525312
1 38284717248 2099712
1 38288915648 525312
1 38290490048 1050112
1 38292064448 525312
1 38293114048 525312
1 38294163648 1050112
1 38295738048 3674112
1 38300461248 525312
1 38301510848 2099712
1 38305709248 1050112
1 38308333248 1050112
1 38309907648 1050112
1 38311482048 525312
1 38316205248 1050112
1 38317779648 525312
1 38318829248 1050112
1 38320403648 3674112
1 38326176448 3149312
1 38330374848 4198912
1 38336147648 525312
1 38337197248 525312
1 38339296448 1050112
1 38342970048 1050112
1 38346118848 3674112
1 38350317248 1050112
1 38352416448 525312
1 38353466048 2099712
1 38356090048 1050112
1 38357664448 1050112
1 38359238848 1574912
1 38361862848 525312
1 38364486848 525312
1 38366586048 1574912
1 38369210048 1574912
1 38371834048 1050112
1 38373408448 525312
1 38375507648 525312
1 38377082048 525312
1 38378131648 1050112
1 38381280448 525312
1 38383379648 1574912
1 38385478848 1050112
1 38387053248 525312
1 38391251648 2099712
1 38393875648 525312
1 38397024448 1574912
1 38401222848 1574912
1 38403846848 1050112
1 38405946048 1574912
1 38408045248 1050112
1 38409619648 1050112
1 38414342848 525312
1 38418541248 525312
1 38419590848 2099712
1 38422214848 525312
1 38423264448 1050112
1 38424838848 525312
1 38425888448 525312
1 38428512448 1050112
1 38437208768 525312
1 38438258368 1050112
1 38439832768 1050112
1 38441407168 525312
1 38444555968 1574912
1 38447704768 1050112
1 38450853568 525312
1 38451903168 1050112
1 38453477568 525312
1 38454527168 3149312
1 38458200768 1050112
1 38459775168 1050112
1 38462399168 525312
1 38463973568 525312
1 38466072768 525312
1 38469221568 1050112
1 38471320768 525312
1 38473944768 2099712
1 38476568768 525312
1 38478143168 525312
1 38480242368 1050112
1 38481816768 1050112
1 38485490368 2099712
1 38490213568 525312
1 38491263168 525312
1 38492312768 525312
1 38493887168 525312
1 38496511168 525312
1 38497560768 4723712
1 38504383168 525312
1 38505432768 525312
1 38506482368 2099712
1 38510155968 525312
1 38511205568 1574912
1 38513304768 525312
1 38514354368 1050112
1 38516978368 3149312
1 38521176768 525312
1 38522226368 1574912
1 38524325568 1574912
1 38526424768 1574912
1 38528523968 2099712
1 38532197568 525312
1 38533247168 525312
1 38534296768 525312
1 38535346368 1050112
1 38536920768 1050112
1 38539019968 1050112
1 38542168768 525312
1 38543218368 525312
1 38545317568 1574912
1 38547416768 525312
1 38549515968 525312
1 38552139968 1050112
1 38553714368 1050112
1 38555288768 525312
1 38556863168 525312
1 38558437568 525312
1 38560011968 2099712
1 38564210368 525312
1 38565784768 1050112
1 38567359168 525312
1 38568408768 525312
1 38569458368 1050112
1 38571032768 3674112
1 38575755968 525312
1 38576805568 2099712
1 38581003968 1050112
1 38583627968 1050112
1 38585202368 1050112
1 38586776768 525312
1 38591499968 1050112
1 38593074368 525312
1 38594123968 1050112
1 38595698368 3674112
1 38601471168 3149312
1 38605669568 4198912
1 38611442368 525312
1 38612491968 525312
1 38614591168 1050112
1 38618264768 1050112
1 38621413568 3674112
1 38625611968 1050112
1 38627711168 525312
1 38628760768 2099712
1 38631384768 1050112
1 38632959168 1050112
1 38634533568 1574912
1 38637157568 525312
1 38639781568 525312
1 38641880768 1574912
1 38644504768 1574912
1 38647128768 1050112
1 38648703168 525312
1 38650802368 525312
1 38652376768 525312
1 38653426368 1050112
1 38656575168 525312
1 38658674368 1574912
1 38660773568 1050112
1 38662347968 525312
1 38666546368 2099712
1 38669170368 525312
1 38672319168 1574912
1 38676517568 1574912
1 38679141568 1050112
1 38681240768 1574912
1 38683339968 1050112
1 38684914368 1050112
1 38689637568 525312
1 38693835968 525312
1 38694885568 2099712
1 38697509568 525312
1 38698559168 1050112
1 38700133568 525312
1 38701183168 525312
1 38703807168 1050112
1 37688314048 922112
1 37690157248 1843712
1 37692922048 1843712
1 37695686848 922112
1 37701216448 2765312
1 37706746048 1843712
1 37712275648 922112
1 37714118848 1843712
1 37716883648 922112
1 37718726848 5530112
1 37725178048 1843712
1 37727942848 1843712
1 37732550848 922112
1 37735315648 922112
1 37739002048 922112
1 37744531648 1843712
1 37748218048 922112
1 37752826048 3686912
1 37757434048 922112
1 37760198848 922112
1 37763885248 1843712
1 37766650048 1843712
1 37773101248 3686912
1 37781395648 922112
1 37783238848 922112
1 37785082048 922112
1 37787846848 922112
1 37792454848 922112
1 37794298048 8294912
1 37806278848 922112
1 37808122048 922112
1 37809965248 3686912
1 37816416448 922112
1 37818259648 2765312
1 37821946048 922112
1 37823789248 1843712
1 37828397248 5530112
1 37835770048 922112
1 37837613248 2765312
1 37841299648 2765312
1 37844986048 2765312
1 37848672448 3686912
1 37855123648 922112
1 37856966848 922112
1 37858810048 922112
1 37860653248 1843712
1 37863418048 1843712
1 37867104448 1843712
1 37872634048 922112
1 37874477248 922112
1 37878163648 2765312
1 37881850048 922112
1 37885536448 922112
1 37890144448 1843712
1 37892909248 1843712
1 37895674048 922112
1 37898438848 922112
1 37901203648 922112
1 37903968448 3686912
1 37911341248 922112
1 37914106048 1843712
1 37916870848 922112
1 37918714048 922112
1 37920557248 1843712
1 37923322048 6451712
1 37931616448 922112
1 37933459648 3686912
1 37940832448 1843712
1 37945440448 1843712
1 37948205248 1843712
1 37950970048 922112
1 37959264448 1843712
1 37962029248 922112
1 37963872448 1843712
1 37966637248 6451712
1 37976774848 5530112
1 37984147648 7373312
1 37994285248 922112
1 37996128448 922112
1 37999814848 1843712
1 38006266048 1843712
1 38011795648 6451712
1 38019168448 1843712
1 38022854848 922112
1 38024698048 3686912
1 38029306048 1843712
1 38032070848 1843712
1 38034835648 2765312
1 38039443648 922112
1 38044051648 922112
1 38047738048 2765312
1 38052346048 2765312
1 38056954048 1843712
1 38059718848 922112
1 38063405248 922112
1 38066170048 922112
1 38068013248 1843712
1 38073542848 922112
1 38077229248 2765312
1 38080915648 1843712
1 38083680448 922112
1 38091053248 3686912
1 38095661248 922112
1 38101190848 2765312
1 38108563648 2765312
1 38113171648 1843712
1 38116858048 2765312
1 38120544448 1843712
1 38123309248 1843712
1 38131603648 922112
1 38138976448 922112
1 38140819648 3686912
1 38145427648 922112
1 38147270848 1843712
1 38150035648 922112
1 38151878848 922112
1 38156486848 1843712
1 39233920192 1574912
1 39237593792 525312
1 39238643392 525312
1 39240217792 525312
1 39244416192 525312
1 39248614592 1574912
1 39250713792 1050112
1 39252288192 525312
1 39254387392 525312
1 39258585792 2624512
1 39262784192 525312
1 39263833792 1574912
1 39265932992 3149312
1 39269606592 1050112
1 39271180992 525312
1 39273804992 525312
1 39275904192 1050112
1 39278003392 2099712
1 39281152192 1050112
1 39286400192 525312
1 39287449792 525312
1 39289548992 525312
1 39290598592 2099712
1 39293747392 525312
1 39297420992 525312
1 39298995392 1574912
1 39305292992 525312
1 39306342592 525312
1 39309491392 525312
1 39310540992 1050112
1 39312115392 525312
1 39313689792 1050112
1 39316838592 2099712
1 39321561792 2624512
1 39324710592 2099712
1 39327859392 1050112
1 39330483392 525312
1 39333107392 525312
1 39336256192 1574912
1 39338355392 525312
1 39340454592 525312
1 39341504192 1050112
1 39343078592 1050112
1 39345702592 1574912
1 39347801792 525312
1 39348851392 525312
1 39350425792 1050112
1 39352524992 525312
1 39353574592 1050112
1 39355148992 525312
1 39356723392 1050112
1 39358297792 525312
1 39359347392 1050112
1 39360921792 525312
1 39362496192 525312
1 39363545792 525312
1 39365120192 1574912
1 39369318592 525312
1 39370892992 525312
1 39373516992 525312
1 39374566592 525312
1 39375616192 1050112
1 39377190592 2099712
1 39380339392 525312
1 39381388992 525312
1 39383488192 1050112
1 39385062592 525312
1 39386112192 2099712
1 39388736192 525312
1 39390835392 525312
1 39392409792 1050112
1 39393984192 1050112
1 39396083392 1050112
1 39397657792 1050112
1 39399232192 1050112
1 39400806592 525312
1 39401856192 525312
1 39403430592 525312
1 39405004992 2099712
1 39408153792 1050112
1 39409728192 525312
1 39412352192 525312
1 39414451392 1050112
1 39416025792 525312
1 39417075392 525312
1 39418649792 2099712
1 39421273792 1574912
1 39423372992 525312
1 39424422592 1050112
1 39426521792 1050112
1 39431244992 525312
1 39432819392 525312
1 39433868992 525312
1 39435443392 525312
1 39440166592 525312
1 39442265792 525312
1 39443315392 1050112
1 39444889792 1050112
1 39452761792 2099712
1 39456435392 1050112
1 39458009792 525312
1 39459584192 1574912
1 39461683392 1050112
1 39463257792 1050112
1 39464832192 1050112
1 39466931392 2099712
1 39469555392 525312
1 39470604992 525312
1 39471654592 1050112
1 39473228992 1050112
1 39474803392 525312
1 39475852992 525312
1 39476902592 1050112
1 39478476992 525312
1 39479526592 2099712
1 39482675392 1050112
1 39485824192 525312
1 39487923392 2624512
1 39491072192 525312
1 39493171392 2099712
1 39496844992 525312
1 39497894592 525312
1 39498944192 2099712
1 39509214912 1574912
1 39512888512 525312
1 39513938112 525312
1 39515512512 525312
1 39519710912 525312
1 39523909312 1574912
1 39526008512 1050112
1 39527582912 525312
1 39529682112 525312
1 39533880512 2624512
1 39538078912 525312
1 39539128512 1574912
1 39541227712 3149312
1 39544901312 1050112
1 39546475712 525312
1 39549099712 525312
1 39551198912 1050112
1 39553298112 2099712
1 39556446912 1050112
1 39561694912 525312
1 39562744512 525312
1 39564843712 525312
1 39565893312 2099712
1 39569042112 525312
1 39572715712 525312
1 39574290112 1574912
1 39580587712 525312
1 39581637312 525312
1 39584786112 525312
1 39585835712 1050112
1 39587410112 525312
1 39588984512 1050112
1 39592133312 2099712
1 39596856512 2624512
1 39600005312 2099712
1 39603154112 1050112
1 39605778112 525312
1 39608402112 525312
1 39611550912 1574912
1 39613650112 525312
1 39615749312 525312
1 39616798912 1050112
1 39618373312 1050112
1 39620997312 1574912
1 39623096512 525312
1 39624146112 525312
1 39625720512 1050112
1 39627819712 525312
1 39628869312 1050112
1 39630443712 525312
1 39632018112 1050112
1 39633592512 525312
1 39634642112 1050112
1 39636216512 525312
1 39637790912 525312
1 39638840512 525312
1 39640414912 1574912
1 39644613312 525312
1 39646187712 525312
1 39648811712 525312
1 39649861312 525312
1 39650910912 1050112
1 39652485312 2099712
1 39655634112 525312
1 39656683712 525312
1 39658782912 1050112
1 39660357312 525312
1 39661406912 2099712
1 39664030912 525312
1 39666130112 525312
1 39667704512 1050112
1 39669278912 1050112
1 39671378112 1050112
1 39672952512 1050112
1 39674526912 1050112
1 39676101312 525312
1 39677150912 525312
1 39678725312 525312
1 39680299712 2099712
1 39683448512 1050112
1 39685022912 525312
1 39687646912 525312
1 39689746112 1050112
1 39691320512 525312
1 39692370112 525312
1 39693944512 2099712
1 39696568512 1574912
1 39698667712 525312
1 39699717312 1050112
1 39701816512 1050112
1 39706539712 525312
1 39708114112 525312
1 39709163712 525312
1 39710738112 525312
1 39715461312 525312
1 39717560512 525312
1 39718610112 1050112
1 39720184512 1050112
1 39728056512 2099712
1 39731730112 1050112
1 39733304512 525312
1 39734878912 1574912
1 39736978112 1050112
1 39738552512 1050112
1 39740126912 1050112
1 39742226112 2099712
1 39744850112 525312
1 39745899712 525312
1 39746949312 1050112
1 39748523712 1050112
1 39750098112 525312
1 39751147712 525312
1 39752197312 1050112
1 39753771712 525312
1 39754821312 2099712
1 39757970112 1050112
1 39761118912 525312
1 39763218112 2624512
1 39766366912 525312
1 39768466112 2099712
1 39772139712 525312
1 39773189312 525312
1 39774238912 2099712
1 38761113792 2765312
1 38767564992 922112
1 38769408192 922112
1 38772172992 922112
1 38779545792 922112
1 38786918592 2765312
1 38790604992 1843712
1 38793369792 922112
1 38797056192 922112
1 38804428992 4608512
1 38811801792 922112
1 38813644992 2765312
1 38817331392 5530112
1 38823782592 1843712
1 38826547392 922112
1 38831155392 922112
1 38834841792 1843712
1 38838528192 3686912
1 38844057792 1843712
1 38853273792 922112
1 38855116992 922112
1 38858803392 922112
1 38860646592 3686912
1 38866176192 922112
1 38872627392 922112
1 38875392192 2765312
1 38886451392 922112
1 38888294592 922112
1 38893824192 922112
1 38895667392 1843712
1 38898432192 922112
1 38901196992 1843712
1 38906726592 3686912
1 38915020992 4608512
1 38920550592 3686912
1 38926080192 1843712
1 38930688192 922112
1 38935296192 922112
1 38940825792 2765312
1 38944512192 922112
1 38948198592 922112
1 38950041792 1843712
1 38952806592 1843712
1 38957414592 2765312
1 38961100992 922112
1 38962944192 922112
1 38965708992 1843712
1 38969395392 922112
1 38971238592 1843712
1 38974003392 922112
1 38976768192 1843712
1 38979532992 922112
1 38981376192 1843712
1 38984140992 922112
1 38986905792 922112
1 38988748992 922112
1 38991513792 2765312
1 38998886592 922112
1 39001651392 922112
1 39006259392 922112
1 39008102592 922112
1 39009945792 1843712
1 39012710592 3686912
1 39018240192 922112
1 39020083392 922112
1 39023769792 1843712
1 39026534592 922112
1 39028377792 3686912
1 39032985792 922112
1 39036672192 922112
1 39039436992 1843712
1 39042201792 1843712
1 39045888192 1843712
1 39048652992 1843712
1 39051417792 1843712
1 39054182592 922112
1 39056025792 922112
1 39058790592 922112
1 39061555392 3686912
1 39067084992 1843712
1 39069849792 922112
1 39074457792 922112
1 39078144192 1843712
1 39080908992 922112
1 39082752192 922112
1 39085516992 3686912
1 39090124992 2765312
1 39093811392 922112
1 39095654592 1843712
1 39099340992 1843712
1 39107635392 922112
1 39110400192 922112
1 39112243392 922112
1 39115008192 922112
1 39123302592 922112
1 39126988992 922112
1 39128832192 1843712
1 39131596992 1843712
1 39145420992 3686912
1 39151872192 1843712
1 39154636992 922112
1 39157401792 2765312
1 39161088192 1843712
1 39163852992 1843712
1 39166617792 1843712
1 39170304192 3686912
1 39174912192 922112
1 39176755392 922112
1 39178598592 1843712
1 39181363392 1843712
1 39184128192 922112
1 39185971392 922112
1 39187814592 1843712
1 39190579392 922112
1 39192422592 3686912
1 39197952192 1843712
1 39203481792 922112
1 39207168192 4608512
1 39212697792 922112
1 39216384192 3686912
1 39222835392 922112
1 39224678592 922112
1 39226521792 3686912
1 40314599488 525312
1 40315649088 525312
1 40317223488 1050112
1 40318797888 1574912
1 40321946688 1050112
1 40323521088 525312
1 40324570688 1050112
1 40328244288 525312
1 40329293888 525312
1 40330343488 525312
1 40331393088 1574912
1 40333492288 525312
1 40335066688 525312
1 40336116288 525312
1 40337690688 1574912
1 40339789888 1574912
1 40343463488 1050112
1 40346087488 525312
1 40347137088 1050112
1 40349236288 3149312
1 40352909888 525312
1 40354484288 2624512
1 40357633088 525312
1 40359732288 525312
1 40360781888 1574912
1 40363930688 525312
1 40366029888 1050112
1 40368653888 525312
1 40369703488 525312
1 40371802688 525312
1 40372852288 525312
1 40374951488 525312
1 40378100288 1050112
1 40380724288 2624512
1 40384397888 525312
1 40386497088 3149312
1 40391220288 525312
1 40392794688 525312
1 40394369088 525312
1 40395418688 1050112
1 40396993088 1050112
1 40398567488 1050112
1 40401716288 1050112
1 40403290688 525312
1 40404340288 525312
1 40408538688 1050112
1 40410637888 1574912
1 40412737088 525312
1 40413786688 1050112
1 40415885888 525312
1 40416935488 525312
1 40419559488 525312
1 40421133888 2624512
1 40425332288 525312
1 40426381888 1050112
1 40427956288 525312
1 40429530688 525312
1 40430580288 525312
1 40432679488 525312
1 40434253888 525312
1 40435828288 1050112
1 40441601088 1050112
1 40443175488 1050112
1 40445274688 525312
1 40446849088 525312
1 40448423488 1050112
1 40449997888 1574912
1 40452097088 1050112
1 40454196288 1050112
1 40455770688 525312
1 40458394688 525312
1 40459444288 525312
1 40462593088 525312
1 40463642688 525312
1 40464692288 525312
1 40465741888 525312
1 40468365888 525312
1 40471514688 3149312
1 40475713088 525312
1 40476762688 525312
1 40477812288 525312
1 40478861888 525312
1 40480436288 1050112
1 40482010688 1574912
1 40486733888 1050112
1 40488833088 1050112
1 40490407488 525312
1 40491457088 525312
1 40493031488 525312
1 40495655488 525312
1 40497754688 1050112
1 40500903488 525312
1 40503002688 1574912
1 40505101888 525312
1 40506676288 1574912
1 40509825088 1050112
1 40511924288 1050112
1 40513498688 1050112
1 40518221888 1050112
1 40519796288 525312
1 40520845888 525312
1 40521895488 1050112
1 40523469888 1574912
1 40526093888 525312
1 40527143488 525312
1 40528193088 1050112
1 40529767488 525312
1 40530817088 525312
1 40531866688 525312
1 40532916288 525312
1 40535015488 1050112
1 40536589888 1050112
1 40538164288 1050112
1 40539738688 525312
1 40540788288 2099712
1 40543412288 525312
1 40544986688 525312
1 40546036288 525312
1 40547085888 525312
1 40548660288 1050112
1 40551284288 525312
1 40553908288 1050112
1 40556007488 525312
1 40557057088 525312
1 40558631488 1050112
1 40561780288 2099712
1 40565978688 525312
1 40567553088 1574912
1 40572276288 525312
1 40573325888 1050112
1 40576474688 525312
1 40579098688 525312
1 40580148288 525312
1 40581197888 525312
1 40582772288 524800
1 40589894208 525312
1 40590943808 525312
1 40592518208 1050112
1 40594092608 1574912
1 40597241408 1050112
1 40598815808 525312
1 40599865408 1050112
1 40603539008 525312
1 40604588608 525312
1 40605638208 525312
1 40606687808 1574912
1 40608787008 525312
1 40610361408 525312
1 40611411008 525312
1 40612985408 1574912
1 40615084608 1574912
1 40618758208 1050112
1 40621382208 525312
1 40622431808 1050112
1 40624531008 3149312
1 40628204608 525312
1 40629779008 2624512
1 40632927808 525312
1 40635027008 525312
1 40636076608 1574912
1 40639225408 525312
1 40641324608 1050112
1 40643948608 525312
1 40644998208 525312
1 40647097408 525312
1 40648147008 525312
1 40650246208 525312
1 40653395008 1050112
1 40656019008 2624512
1 40659692608 525312
1 40661791808 3149312
1 40666515008 525312
1 40668089408 525312
1 40669663808 525312
1 40670713408 1050112
1 40672287808 1050112
1 40673862208 1050112
1 40677011008 1050112
1 40678585408 525312
1 40679635008 525312
1 40683833408 1050112
1 40685932608 1574912
1 40688031808 525312
1 40689081408 1050112
1 40691180608 525312
1 40692230208 525312
1 40694854208 525312
1 40696428608 2624512
1 40700627008 525312
1 40701676608 1050112
1 40703251008 525312
1 40704825408 525312
1 40705875008 525312
1 40707974208 525312
1 40709548608 525312
1 40711123008 1050112
1 40716895808 1050112
1 40718470208 1050112
1 40720569408 525312
1 40722143808 525312
1 40723718208 1050112
1 40725292608 1574912
1 40727391808 1050112
1 40729491008 1050112
1 40731065408 525312
1 40733689408 525312
1 40734739008 525312
1 40737887808 525312
1 40738937408 525312
1 40739987008 525312
1 40741036608 525312
1 40743660608 525312
1 40746809408 3149312
1 40751007808 525312
1 40752057408 525312
1 40753107008 525312
1 40754156608 525312
1 40755731008 1050112
1 40757305408 1574912
1 40762028608 1050112
1 40764127808 1050112
1 40765702208 525312
1 40766751808 525312
1 40768326208 525312
1 40770950208 525312
1 40773049408 1050112
1 40776198208 525312
1 40778297408 1574912
1 40780396608 525312
1 40781971008 1574912
1 40785119808 1050112
1 40787219008 1050112
1 40788793408 1050112
1 40793516608 1050112
1 40795091008 525312
1 40796140608 525312
1 40797190208 1050112
1 40798764608 1574912
1 40801388608 525312
1 40802438208 525312
1 40803487808 1050112
1 40805062208 525312
1 40806111808 525312
1 40807161408 525312
1 40808211008 525312
1 40810310208 1050112
1 40811884608 1050112
1 40813459008 1050112
1 40815033408 525312
1 40816083008 2099712
1 40818707008 525312
1 40820281408 525312
1 40821331008 525312
1 40822380608 525312
1 40823955008 1050112
1 40826579008 525312
1 40829203008 1050112
1 40831302208 525312
1 40832351808 525312
1 40833926208 1050112
1 40837075008 2099712
1 40841273408 525312
1 40842847808 1574912
1 40847571008 525312
1 40848620608 1050112
1 40851769408 525312
1 40854393408 525312
1 40855443008 525312
1 40856492608 525312
1 40858067008 524800
1 39840999488 922112
1 39842842688 922112
1 39845607488 1843712
1 39848372288 2765312
1 39853901888 1843712
1 39856666688 922112
1 39858509888 1843712
1 39864961088 922112
1 39866804288 922112
1 39868647488 922112
1 39870490688 2765312
1 39874177088 922112
1 39876941888 922112
1 39878785088 922112
1 39881549888 2765312
1 39885236288 2765312
1 39891687488 1843712
1 39896295488 922112
1 39898138688 1843712
1 39901825088 5530112
1 39908276288 922112
1 39911041088 4608512
1 39916570688 922112
1 39920257088 922112
1 39922100288 2765312
1 39927629888 922112
1 39931316288 1843712
1 39935924288 922112
1 39937767488 922112
1 39941453888 922112
1 39943297088 922112
1 39946983488 922112
1 39952513088 1843712
1 39957121088 4608512
1 39963572288 922112
1 39967258688 5530112
1 39975553088 922112
1 39978317888 922112
1 39981082688 922112
1 39982925888 1843712
1 39985690688 1843712
1 39988455488 1843712
1 39993985088 1843712
1 39996749888 922112
1 39998593088 922112
1 40005965888 1843712
1 40009652288 2765312
1 40013338688 922112
1 40015181888 1843712
1 40018868288 922112
1 40020711488 922112
1 40025319488 922112
1 40028084288 4608512
1 40035457088 922112
1 40037300288 1843712
1 40040065088 922112
1 40042829888 922112
1 40044673088 922112
1 40048359488 922112
1 40051124288 922112
1 40053889088 1843712
1 40064026688 1843712
1 40066791488 1843712
1 40070477888 922112
1 40073242688 922112
1 40076007488 1843712
1 40078772288 2765312
1 40082458688 1843712
1 40086145088 1843712
1 40088909888 922112
1 40093517888 922112
1 40095361088 922112
1 40100890688 922112
1 40102733888 922112
1 40104577088 922112
1 40106420288 922112
1 40111028288 922112
1 40116557888 5530112
1 40123930688 922112
1 40125773888 922112
1 40127617088 922112
1 40129460288 922112
1 40132225088 1843712
1 40134989888 2765312
1 40143284288 1843712
1 40146970688 1843712
1 40149735488 922112
1 40151578688 922112
1 40154343488 922112
1 40158951488 922112
1 40162637888 1843712
1 40168167488 922112
1 40171853888 2765312
1 40175540288 922112
1 40178305088 2765312
1 40183834688 1843712
1 40187521088 1843712
1 40190285888 1843712
1 40198580288 1843712
1 40201345088 922112
1 40203188288 922112
1 40205031488 1843712
1 40207796288 2765312
1 40212404288 922112
1 40214247488 922112
1 40216090688 1843712
1 40218855488 922112
1 40220698688 922112
1 40222541888 922112
1 40224385088 922112
1 40228071488 1843712
1 40230836288 1843712
1 40233601088 1843712
1 40236365888 922112
1 40238209088 3686912
1 40242817088 922112
1 40245581888 922112
1 40247425088 922112
1 40249268288 922112
1 40252033088 1843712
1 40256641088 922112
1 40261249088 1843712
1 40264935488 922112
1 40266778688 922112
1 40269543488 1843712
1 40275073088 3686912
1 40282445888 922112
1 40285210688 2765312
1 40293505088 922112
1 40295348288 1843712
1 40300877888 922112
1 40305485888 922112
1 40307329088 922112
1 40309172288 922112
1 40311937088 921600
1 41396853184 1574912
1 41398952384 1050112
1 41400526784 525312
1 41402625984 525312
1 41405249984 1050112
1 41406824384 525312
1 41408398784 1050112
1 41409973184 525312
1 41411547584 525312
1 41412597184 1574912
1 41416270784 525312
1 41418369984 525312
1 41419419584 525312
1 41420469184 525312
1 41421518784 525312
1 41423093184 1574912
1 41425192384 1050112
1 41427291584 1050112
1 41430440384 1574912
1 41433589184 525312
1 41436737984 1574912
1 41438837184 2099712
1 41441461184 1050112
1 41444085184 1050112
1 41447233984 2099712
1 41449857984 1050112
1 41451432384 1574912
1 41453531584 525312
1 41454581184 2624512
1 41459829184 1574912
1 41461928384 525312
1 41463502784 2099712
1 41466126784 525312
1 41468225984 1050112
1 41470325184 525312
1 41471374784 525312
1 41472424384 1574912
1 41475573184 1574912
1 41478197184 525312
1 41479771584 3149312
1 41483445184 525312
1 41487118784 525312
1 41488693184 1574912
1 41490792384 525312
1 41494465984 2624512
1 41497614784 525312
1 41498664384 1574912
1 41502337984 1050112
1 41506536384 525312
1 41509160384 3149312
1 41513358784 525312
1 41514408384 525312
1 41515457984 525312
1 41517032384 2624512
1 41520181184 525312
1 41521230784 1050112
1 41524904384 1050112
1 41528053184 1574912
1 41530152384 525312
1 41531201984 525312
1 41534875584 1574912
1 41536974784 2099712
1 41539598784 1050112
1 41541173184 525312
1 41542222784 1574912
1 41544321984 525312
1 41547470784 2099712
1 41550094784 1050112
1 41551669184 525312
1 41552718784 1050112
1 41554293184 525312
1 41555342784 525312
1 41556392384 525312
1 41557441984 1050112
1 41559016384 1050112
1 41561115584 525312
1 41562689984 525312
1 41565313984 525312
1 41566363584 2099712
1 41568987584 2099712
1 41572136384 525312
1 41573710784 525312
1 41574760384 525312
1 41576334784 525312
1 41577909184 525312
1 41578958784 1050112
1 41580533184 525312
1 41581582784 1050112
1 41585781184 1574912
1 41587880384 1050112
1 41589979584 1574912
1 41592078784 1050112
1 41593653184 2099712
1 41596277184 525312
1 41600475584 525312
1 41601525184 525312
1 41602574784 525312
1 41603624384 525312
1 41604673984 1050112
1 41606248384 525312
1 41607297984 1050112
1 41608872384 1050112
1 41610446784 2099712
1 41613070784 525312
1 41614120384 525312
1 41616219584 525312
1 41617269184 525312
1 41618843584 1050112
1 41620417984 525312
1 41623566784 525312
1 41625665984 525312
1 41626715584 2099712
1 41629339584 525312
1 41630389184 1574912
1 41634062784 525312
1 41635637184 1050112
1 41637211584 525312
1 41638261184 525312
1 41641409984 525312
1 41642459584 1050112
1 41644558784 525312
1 41649806784 1050112
1 41651381184 2624512
1 41655579584 1050112
1 41657153984 525312
1 41659253184 1050112
1 41661877184 2099712
1 41672147904 1574912
1 41674247104 1050112
1 41675821504 525312
1 41677920704 525312
1 41680544704 1050112
1 41682119104 525312
1 41683693504 1050112
1 41685267904 525312
1 41686842304 525312
1 41687891904 1574912
1 41691565504 525312
1 41693664704 525312
1 41694714304 525312
1 41695763904 525312
1 41696813504 525312
1 41698387904 1574912
1 41700487104 1050112
1 41702586304 1050112
1 41705735104 1574912
1 41708883904 525312
1 41712032704 1574912
1 41714131904 2099712
1 41716755904 1050112
1 41719379904 1050112
1 41722528704 2099712
1 41725152704 1050112
1 41726727104 1574912
1 41728826304 525312
1 41729875904 2624512
1 41735123904 1574912
1 41737223104 525312
1 41738797504 2099712
1 41741421504 525312
1 41743520704 1050112
1 41745619904 525312
1 41746669504 525312
1 41747719104 1574912
1 41750867904 1574912
1 41753491904 525312
1 41755066304 3149312
1 41758739904 525312
1 41762413504 525312
1 41763987904 1574912
1 41766087104 525312
1 41769760704 2624512
1 41772909504 525312
1 41773959104 1574912
1 41777632704 1050112
1 41781831104 525312
1 41784455104 3149312
1 41788653504 525312
1 41789703104 525312
1 41790752704 525312
1 41792327104 2624512
1 41795475904 525312
1 41796525504 1050112
1 41800199104 1050112
1 41803347904 1574912
1 41805447104 525312
1 41806496704 525312
1 41810170304 1574912
1 41812269504 2099712
1 41814893504 1050112
1 41816467904 525312
1 41817517504 1574912
1 41819616704 525312
1 41822765504 2099712
1 41825389504 1050112
1 41826963904 525312
1 41828013504 1050112
1 41829587904 525312
1 41830637504 525312
1 41831687104 525312
1 41832736704 1050112
1 41834311104 1050112
1 41836410304 525312
1 41837984704 525312
1 41840608704 525312
1 41841658304 2099712
1 41844282304 2099712
1 41847431104 525312
1 41849005504 525312
1 41850055104 525312
1 41851629504 525312
1 41853203904 525312
1 41854253504 1050112
1 41855827904 525312
1 41856877504 1050112
1 41861075904 1574912
1 41863175104 1050112
1 41865274304 1574912
1 41867373504 1050112
1 41868947904 2099712
1 41871571904 525312
1 41875770304 525312
1 41876819904 525312
1 41877869504 525312
1 41878919104 525312
1 41879968704 1050112
1 41881543104 525312
1 41882592704 1050112
1 41884167104 1050112
1 41885741504 2099712
1 41888365504 525312
1 41889415104 525312
1 41891514304 525312
1 41892563904 525312
1 41894138304 1050112
1 41895712704 525312
1 41898861504 525312
1 41900960704 525312
1 41902010304 2099712
1 41904634304 525312
1 41905683904 1574912
1 41909357504 525312
1 41910931904 1050112
1 41912506304 525312
1 41913555904 525312
1 41916704704 525312
1 41917754304 1050112
1 41919853504 525312
1 41925101504 1050112
1 41926675904 2624512
1 41930874304 1050112
1 41932448704 525312
1 41934547904 1050112
1 41937171904 2099712
1 40923649984 2765312
1 40927336384 1843712
1 40930101184 922112
1 40933787584 922112
1 40938395584 1843712
1 40941160384 922112
1 40943925184 1843712
1 40946689984 922112
1 40949454784 922112
1 40951297984 2765312
1 40957749184 922112
1 40961435584 922112
1 40963278784 922112
1 40965121984 922112
1 40966965184 922112
1 40969729984 2765312
1 40973416384 1843712
1 40977102784 1843712
1 40982632384 2765312
1 40988161984 922112
1 40993691584 2765312
1 40997377984 3686912
1 41001985984 1843712
1 41006593984 1843712
1 41012123584 3686912
1 41016731584 1843712
1 41019496384 2765312
1 41023182784 922112
1 41025025984 4608512
1 41034241984 2765312
1 41037928384 922112
1 41040693184 3686912
1 41045301184 922112
1 41048987584 1843712
1 41052673984 922112
1 41054517184 922112
1 41056360384 2765312
1 41061889984 2765312
1 41066497984 922112
1 41069262784 5530112
1 41075713984 922112
1 41082165184 922112
1 41084929984 2765312
1 41088616384 922112
1 41095067584 4608512
1 41100597184 922112
1 41102440384 2765312
1 41108891584 1843712
1 41116264384 922112
1 41120872384 5530112
1 41128245184 922112
1 41130088384 922112
1 41131931584 922112
1 41134696384 4608512
1 41140225984 922112
1 41142069184 1843712
1 41148520384 1843712
1 41154049984 2765312
1 41157736384 922112
1 41159579584 922112
1 41166030784 2765312
1 41169717184 3686912
1 41174325184 1843712
1 41177089984 922112
1 41178933184 2765312
1 41182619584 922112
1 41188149184 3686912
1 41192757184 1843712
1 41195521984 922112
1 41197365184 1843712
1 41200129984 922112
1 41201973184 922112
1 41203816384 922112
1 41205659584 1843712
1 41208424384 1843712
1 41212110784 922112
1 41214875584 922112
1 41219483584 922112
1 41221326784 3686912
1 41225934784 3686912
1 41231464384 922112
1 41234229184 922112
1 41236072384 922112
1 41238837184 922112
1 41241601984 922112
1 41243445184 1843712
1 41246209984 922112
1 41248053184 1843712
1 41255425984 2765312
1 41259112384 1843712
1 41262798784 2765312
1 41266485184 1843712
1 41269249984 3686912
1 41273857984 922112
1 41281230784 922112
1 41283073984 922112
1 41284917184 922112
1 41286760384 922112
1 41288603584 1843712
1 41291368384 922112
1 41293211584 1843712
1 41295976384 1843712
1 41298741184 3686912
1 41303349184 922112
1 41305192384 922112
1 41308878784 922112
1 41310721984 922112
1 41313486784 1843712
1 41316251584 922112
1 41321781184 922112
1 41325467584 922112
1 41327310784 3686912
1 41331918784 922112
1 41333761984 2765312
1 41340213184 922112
1 41342977984 1843712
1 41345742784 922112
1 41347585984 922112
1 41353115584 922112
1 41354958784 1843712
1 41358645184 922112
1 41367861184 1843712
1 41370625984 4608512
1 41377998784 1843712
1 41380763584 922112
1 41384449984 1843712
1 41389057984 3686912
1 42484510528 525312
1 42485560128 1050112
1 42488184128 525312
1 42489233728 525312
1 42490283328 3149312
1 42493956928 1050112
1 42496580928 2099712
1 42499204928 525312
1 42501304128 1574912
1 42503403328 525312
1 42504452928 1050112
1 42507076928 525312
1 42508126528 525312
1 42511275328 1574912
1 42513374528 2099712
1 42517572928 525312
1 42520721728 525312
1 42521771328 525312
1 42523345728 2624512
1 42526494528 1574912
1 42528593728 3674112
1 42534366528 525312
1 42536465728 525312
1 42538564928 1574912
1 42541188928 2099712
1 42543812928 525312
1 42544862528 525312
1 42545912128 525312
1 42548536128 1050112
1 42550110528 1574912
1 42552209728 1574912
1 42554308928 525312
1 42557457728 525312
1 42558507328 525312
1 42561131328 525312
1 42562180928 525312
1 42563230528 525312
1 42564280128 4198912
1 42570052928 525312
1 42571102528 525312
1 42572676928 1574912
1 42575825728 3149312
1 42579499328 1574912
1 42581598528 2099712
1 42585796928 525312
1 42586846528 2099712
1 42591044928 525312
1 42592094528 1574912
1 42594193728 525312
1 42595243328 525312
1 42596817728 1574912
1 42598916928 525312
1 42599966528 525312
1 42601540928 525312
1 42605739328 2624512
1 42611512128 1050112
1 42613611328 1050112
1 42615710528 1050112
1 42618859328 1574912
1 42621483328 525312
1 42625156928 1050112
1 42627780928 525312
1 42629880128 525312
1 42630929728 525312
1 42633028928 1050112
1 42635128128 1050112
1 42637752128 525312
1 42638801728 1050112
1 42640376128 525312
1 42644049728 1050112
1 42645624128 1050112
1 42647198528 1574912
1 42650347328 525312
1 42651396928 525312
1 42652446528 525312
1 42655070528 525312
1 42656120128 1050112
1 42657694528 525312
1 42659268928 525312
1 42660843328 525312
1 42662417728 1050112
1 42663992128 525312
1 42665041728 1050112
1 42668190528 525312
1 42669240128 1050112
1 42671339328 525312
1 42673438528 1050112
1 42675012928 525312
1 42676062528 525312
1 42678686528 525312
1 42680260928 3149312
1 42683934528 525312
1 42685508928 525312
1 42686558528 1574912
1 42688657728 1050112
1 42690232128 525312
1 42691806528 525312
1 42692856128 2099712
1 42695480128 525312
1 42696529728 525312
1 42697579328 2624512
1 42700728128 525312
1 42702302528 1050112
1 42704401728 525312
1 42705976128 525312
1 42708075328 2624512
1 42711224128 525312
1 42712273728 525312
1 42714372928 525312
1 42716472128 1050112
1 42718571328 525312
1 42721720128 1050112
1 42725918528 1050112
1 42728542528 525312
1 42730116928 2099712
1 42732740928 1050112
1 42734840128 525312
1 42735889728 1574912
1 42742187328 1050112
1 42744286528 2099712
1 42747960128 1050112
1 42751108928 1050112
1 42752683328 524800
1 42759805248 525312
1 42760854848 1050112
1 42763478848 525312
1 42764528448 525312
1 42765578048 3149312
1 42769251648 1050112
1 42771875648 2099712
1 42774499648 525312
1 42776598848 1574912
1 42778698048 525312
1 42779747648 1050112
1 42782371648 525312
1 42783421248 525312
1 42786570048 1574912
1 42788669248 2099712
1 42792867648 525312
1 42796016448 525312
1 42797066048 525312
1 42798640448 2624512
1 42801789248 1574912
1 42803888448 3674112
1 42809661248 525312
1 42811760448 525312
1 42813859648 1574912
1 42816483648 2099712
1 42819107648 525312
1 42820157248 525312
1 42821206848 525312
1 42823830848 1050112
1 42825405248 1574912
1 42827504448 1574912
1 42829603648 525312
1 42832752448 525312
1 42833802048 525312
1 42836426048 525312
1 42837475648 525312
1 42838525248 525312
1 42839574848 4198912
1 42845347648 525312
1 42846397248 525312
1 42847971648 1574912
1 42851120448 3149312
1 42854794048 1574912
1 42856893248 2099712
1 42861091648 525312
1 42862141248 2099712
1 42866339648 525312
1 42867389248 1574912
1 42869488448 525312
1 42870538048 525312
1 42872112448 1574912
1 42874211648 525312
1 42875261248 525312
1 42876835648 525312
1 42881034048 2624512
1 42886806848 1050112
1 42888906048 1050112
1 42891005248 1050112
1 42894154048 1574912
1 42896778048 525312
1 42900451648 1050112
1 42903075648 525312
1 42905174848 525312
1 42906224448 525312
1 42908323648 1050112
1 42910422848 1050112
1 42913046848 525312
1 42914096448 1050112
1 42915670848 525312
1 42919344448 1050112
1 42920918848 1050112
1 42922493248 1574912
1 42925642048 525312
1 42926691648 525312
1 42927741248 525312
1 42930365248 525312
1 42931414848 1050112
1 42932989248 525312
1 42934563648 525312
1 42936138048 525312
1 42937712448 1050112
1 42939286848 525312
1 42940336448 1050112
1 42943485248 525312
1 42944534848 1050112
1 42946634048 525312
1 42948733248 1050112
1 42950307648 525312
1 42951357248 525312
1 42953981248 525312
1 42955555648 3149312
1 42959229248 525312
1 42960803648 525312
1 42961853248 1574912
1 42963952448 1050112
1 42965526848 525312
1 42967101248 525312
1 42968150848 2099712
1 42970774848 525312
1 42971824448 525312
1 42972874048 2624512
1 42976022848 525312
1 42977597248 1050112
1 42979696448 525312
1 42981270848 525312
1 42983370048 2624512
1 42986518848 525312
1 42987568448 525312
1 42989667648 525312
1 42991766848 1050112
1 42993866048 525312
1 42997014848 1050112
1 43001213248 1050112
1 43003837248 525312
1 43005411648 2099712
1 43008035648 1050112
1 43010134848 525312
1 43011184448 1574912
1 43017482048 1050112
1 43019581248 2099712
1 43023254848 1050112
1 43026403648 1050112
1 43027978048 524800
1 42010910528 922112
1 42012753728 1843712
1 42017361728 922112
1 42019204928 922112
1 42021048128 5530112
1 42027499328 1843712
1 42032107328 3686912
1 42036715328 922112
1 42040401728 2765312
1 42044088128 922112
1 42045931328 1843712
1 42050539328 922112
1 42052382528 922112
1 42057912128 2765312
1 42061598528 3686912
1 42068971328 922112
1 42074500928 922112
1 42076344128 922112
1 42079108928 4608512
1 42084638528 2765312
1 42088324928 6451712
1 42098462528 922112
1 42102148928 922112
1 42105835328 2765312
1 42110443328 3686912
1 42115051328 922112
1 42116894528 922112
1 42118737728 922112
1 42123345728 1843712
1 42126110528 2765312
1 42129796928 2765312
1 42133483328 922112
1 42139012928 922112
1 42140856128 922112
1 42145464128 922112
1 42147307328 922112
1 42149150528 922112
1 42150993728 7373312
1 42161131328 922112
1 42162974528 922112
1 42165739328 2765312
1 42171268928 5530112
1 42177720128 2765312
1 42181406528 3686912
1 42188779328 922112
1 42190622528 3686912
1 42197995328 922112
1 42199838528 2765312
1 42203524928 922112
1 42205368128 922112
1 42208132928 2765312
1 42211819328 922112
1 42213662528 922112
1 42216427328 922112
1 42223800128 4608512
1 42233937728 1843712
1 42237624128 1843712
1 42241310528 1843712
1 42246840128 2765312
1 42251448128 922112
1 42257899328 1843712
1 42262507328 922112
1 42266193728 922112
1 42268036928 922112
1 42271723328 1843712
1 42275409728 1843712
1 42280017728 922112
1 42281860928 1843712
1 42284625728 922112
1 42291076928 1843712
1 42293841728 1843712
1 42296606528 2765312
1 42302136128 922112
1 42303979328 922112
1 42305822528 922112
1 42310430528 922112
1 42312273728 1843712
1 42315038528 922112
1 42317803328 922112
1 42320568128 922112
1 42323332928 1843712
1 42326097728 922112
1 42327940928 1843712
1 42333470528 922112
1 42335313728 1843712
1 42339000128 922112
1 42342686528 1843712
1 42345451328 922112
1 42347294528 922112
1 42351902528 922112
1 42354667328 5530112
1 42361118528 922112
1 42363883328 922112
1 42365726528 2765312
1 42369412928 1843712
1 42372177728 922112
1 42374942528 922112
1 42376785728 3686912
1 42381393728 922112
1 42383236928 922112
1 42385080128 4608512
1 42390609728 922112
1 42393374528 1843712
1 42397060928 922112
1 42399825728 922112
1 42403512128 4608512
1 42409041728 922112
1 42410884928 922112
1 42414571328 922112
1 42418257728 1843712
1 42421944128 922112
1 42427473728 1843712
1 42434846528 1843712
1 42439454528 922112
1 42442219328 3686912
1 42446827328 1843712
1 42450513728 922112
1 42452356928 2765312
1 42463416128 1843712
1 42467102528 3686912
1 42473553728 1843712
1 42479083328 1843712
1 42481848128 921600
1 43555467072 1050112
1 43557041472 1050112
1 43558615872 1050112
1 43560715072 1050112
1 43562814272 525312
1 43564388672 1050112
1 43567012672 1574912
1 43569636672 2099712
1 43572260672 1050112
1 43574359872 1574912
1 43578558272 2624512
1 43581707072 1574912
1 43586430272 1050112
1 43588004672 1050112
1 43590628672 525312
1 43592727872 525312
1 43594827072 525312
1 43596401472 525312
1 43597451072 525312
1 43599025472 1574912
1 43601124672 525312
1 43602699072 1050112
1 43604273472 525312
1 43605323072 1050112
1 43606897472 525312
1 43608471872 525312
1 43611620672 1574912
1 43613719872 525312
1 43615819072 525312
1 43618443072 1050112
1 43621591872 1050112
1 43625265472 525312
1 43626315072 2624512
1 43629463872 2624512
1 43632612672 525312
1 43634187072 1574912
1 43636286272 1050112
1 43637860672 2624512
1 43642059072 1574912
1 43644158272 525312
1 43646782272 525312
1 43647831872 2624512
1 43652555072 1050112
1 43654654272 1050112
1 43657803072 525312
1 43659377472 525312
1 43660951872 525312
1 43663575872 525312
1 43664625472 1050112
1 43668823872 525312
1 43669873472 525312
1 43670923072 1050112
1 43672497472 3149312
1 43676695872 2099712
1 43680369472 3149312
1 43684567872 525312
1 43685617472 1050112
1 43687191872 1050112
1 43690865472 525312
1 43692439872 525312
1 43694014272 2099712
1 43696638272 525312
1 43697687872 4723712
1 43702935872 525312
1 43704510272 525312
1 43705559872 3149312
1 43709758272 525312
1 43710807872 4198912
1 43715531072 2624512
1 43718679872 2099712
1 43721828672 1050112
1 43723403072 525312
1 43725502272 525312
1 43726551872 1050112
1 43729175872 525312
1 43731275072 525312
1 43732849472 525312
1 43733899072 1050112
1 43735473472 525312
1 43736523072 525312
1 43737572672 525312
1 43739147072 1574912
1 43741246272 1050112
1 43743870272 1050112
1 43745969472 525312
1 43747543872 525312
1 43749118272 2099712
1 43751742272 525312
1 43752791872 525312
1 43753841472 1574912
1 43756465472 525312
1 43758039872 1050112
1 43759614272 1050112
1 43761188672 525312
1 43762763072 525312
1 43764862272 1574912
1 43766961472 1050112
1 43768535872 525312
1 43769585472 1574912
1 43772209472 525312
1 43773783872 2624512
1 43778507072 1574912
1 43780606272 525312
1 43782180672 1574912
1 43784279872 525312
1 43785329472 525312
1 43786379072 525312
1 43787428672 2099712
1 43790577472 525312
1 43793201472 525312
1 43794775872 2624512
1 43797924672 1574912
1 43801073472 525312
1 43802123072 525312
1 43803697472 525312
1 43805271872 1574912
1 43809470272 525312
1 43812094272 525312
1 43813143872 4723712
1 43818391872 1050112
1 43820491072 1050112
1 43823115072 1049600
1 43830761792 1050112
1 43832336192 1050112
1 43833910592 1050112
1 43836009792 1050112
1 43838108992 525312
1 43839683392 1050112
1 43842307392 1574912
1 43844931392 2099712
1 43847555392 1050112
1 43849654592 1574912
1 43853852992 2624512
1 43857001792 1574912
1 43861724992 1050112
1 43863299392 1050112
1 43865923392 525312
1 43868022592 525312
1 43870121792 525312
1 43871696192 525312
1 43872745792 525312
1 43874320192 1574912
1 43876419392 525312
1 43877993792 1050112
1 43879568192 525312
1 43880617792 1050112
1 43882192192 525312
1 43883766592 525312
1 43886915392 1574912
1 43889014592 525312
1 43891113792 525312
1 43893737792 1050112
1 43896886592 1050112
1 43900560192 525312
1 43901609792 2624512
1 43904758592 2624512
1 43907907392 525312
1 43909481792 1574912
1 43911580992 1050112
1 43913155392 2624512
1 43917353792 1574912
1 43919452992 525312
1 43922076992 525312
1 43923126592 2624512
1 43927849792 1050112
1 43929948992 1050112
1 43933097792 525312
1 43934672192 525312
1 43936246592 525312
1 43938870592 525312
1 43939920192 1050112
1 43944118592 525312
1 43945168192 525312
1 43946217792 1050112
1 43947792192 3149312
1 43951990592 2099712
1 43955664192 3149312
1 43959862592 525312
1 43960912192 1050112
1 43962486592 1050112
1 43966160192 525312
1 43967734592 525312
1 43969308992 2099712
1 43971932992 525312
1 43972982592 4723712
1 43978230592 525312
1 43979804992 525312
1 43980854592 3149312
1 43985052992 525312
1 43986102592 4198912
1 43990825792 2624512
1 43993974592 2099712
1 43997123392 1050112
1 43998697792 525312
1 44000796992 525312
1 44001846592 1050112
1 44004470592 525312
1 44006569792 525312
1 44008144192 525312
1 44009193792 1050112
1 44010768192 525312
1 44011817792 525312
1 44012867392 525312
1 44014441792 1574912
1 44016540992 1050112
1 44019164992 1050112
1 44021264192 525312
1 44022838592 525312
1 44024412992 2099712
1 44027036992 525312
1 44028086592 525312
1 44029136192 1574912
1 44031760192 525312
1 44033334592 1050112
1 44034908992 1050112
1 44036483392 525312
1 44038057792 525312
1 44040156992 1574912
1 44042256192 1050112
1 44043830592 525312
1 44044880192 1574912
1 44047504192 525312
1 44049078592 2624512
1 44053801792 1574912
1 44055900992 525312
1 44057475392 1574912
1 44059574592 525312
1 44060624192 525312
1 44061673792 525312
1 44062723392 2099712
1 44065872192 525312
1 44068496192 525312
1 44070070592 2624512
1 44073219392 1574912
1 44076368192 525312
1 44077417792 525312
1 44078992192 525312
1 44080566592 1574912
1 44084764992 525312
1 44087388992 525312
1 44088438592 4723712
1 44093686592 1050112
1 44095785792 1050112
1 44098409792 1049600
1 43081867072 1843712
1 43084631872 1843712
1 43087396672 1843712
1 43091083072 1843712
1 43094769472 922112
1 43097534272 1843712
1 43102142272 2765312
1 43106750272 3686912
1 43111358272 1843712
1 43115044672 2765312
1 43122417472 4608512
1 43127947072 2765312
1 43136241472 1843712
1 43139006272 1843712
1 43143614272 922112
1 43147300672 922112
1 43150987072 922112
1 43153751872 922112
1 43155595072 922112
1 43158359872 2765312
1 43162046272 922112
1 43164811072 1843712
1 43167575872 922112
1 43169419072 1843712
1 43172183872 922112
1 43174948672 922112
1 43180478272 2765312
1 43184164672 922112
1 43187851072 922112
1 43192459072 1843712
1 43197988672 1843712
1 43204439872 922112
1 43206283072 4608512
1 43211812672 4608512
1 43217342272 922112
1 43220107072 2765312
1 43223793472 1843712
1 43226558272 4608512
1 43233931072 2765312
1 43237617472 922112
1 43242225472 922112
1 43244068672 4608512
1 43252363072 1843712
1 43256049472 1843712
1 43261579072 922112
1 43264343872 922112
1 43267108672 922112
1 43271716672 922112
1 43273559872 1843712
1 43280932672 922112
1 43282775872 922112
1 43284619072 1843712
1 43287383872 5530112
1 43294756672 3686912
1 43301207872 5530112
1 43308580672 922112
1 43310423872 1843712
1 43313188672 1843712
1 43319639872 922112
1 43322404672 922112
1 43325169472 3686912
1 43329777472 922112
1 43331620672 8294912
1 43340836672 922112
1 43343601472 922112
1 43345444672 5530112
1 43352817472 922112
1 43354660672 7373312
1 43362955072 4608512
1 43368484672 3686912
1 43374014272 1843712
1 43376779072 922112
1 43380465472 922112
1 43382308672 1843712
1 43386916672 922112
1 43390603072 922112
1 43393367872 922112
1 43395211072 1843712
1 43397975872 922112
1 43399819072 922112
1 43401662272 922112
1 43404427072 2765312
1 43408113472 1843712
1 43412721472 1843712
1 43416407872 922112
1 43419172672 922112
1 43421937472 3686912
1 43426545472 922112
1 43428388672 922112
1 43430231872 2765312
1 43434839872 922112
1 43437604672 1843712
1 43440369472 1843712
1 43443134272 922112
1 43445899072 922112
1 43449585472 2765312
1 43453271872 1843712
1 43456036672 922112
1 43457879872 2765312
1 43462487872 922112
1 43465252672 4608512
1 43473547072 2765312
1 43477233472 922112
1 43479998272 2765312
1 43483684672 922112
1 43485527872 922112
1 43487371072 922112
1 43489214272 3686912
1 43494743872 922112
1 43499351872 922112
1 43502116672 4608512
1 43507646272 2765312
1 43513175872 922112
1 43515019072 922112
1 43517783872 922112
1 43520548672 2765312
1 43527921472 922112
1 43532529472 922112
1 43534372672 8294912
1 43543588672 1843712
1 43547275072 1843712
1 43551883072 1843200
1 44637720768 1574912
1 44640344768 2624512
1 44644543168 2099712
1 44648216768 1050112
1 44649791168 2099712
1 44652415168 1574912
1 44655039168 1050112
1 44657663168 3674112
1 44661861568 1050112
1 44663435968 1574912
1 44666059968 2624512
1 44669208768 1050112
1 44670783168 525312
1 44671832768 1574912
1 44673931968 1574912
1 44677080768 1050112
1 44678655168 525312
1 44679704768 1050112
1 44681279168 525312
1 44682853568 525312
1 44683903168 2624512
1 44688626368 525312
1 44689675968 525312
1 44691250368 2624512
1 44694399168 525312
1 44696498368 525312
1 44697547968 1050112
1 44699122368 1050112
1 44700696768 1050112
1 44702271168 3149312
1 44707519168 525312
1 44709093568 1050112
1 44712767168 525312
1 44714341568 1050112
1 44716440768 525312
1 44718015168 2099712
1 44721163968 525312
1 44722738368 525312
1 44724837568 1574912
1 44726936768 1574912
1 44729035968 2099712
1 44731659968 1050112
1 44734283968 2624512
1 44739531968 525312
1 44740581568 525312
1 44741631168 2099712
1 44744255168 1574912
1 44746354368 2624512
1 44751602368 1574912
1 44753701568 525312
1 44754751168 2624512
1 44758949568 1050112
1 44762098368 1050112
1 44763672768 525312
1 44764722368 1050112
1 44766296768 1574912
1 44768395968 525312
1 44769445568 2099712
1 44772069568 525312
1 44774168768 525312
1 44775218368 525312
1 44776267968 2099712
1 44778891968 2099712
1 44781515968 2099712
1 44784139968 525312
1 44785189568 1050112
1 44787288768 525312
1 44788338368 525312
1 44789387968 2624512
1 44793061568 5773312
1 44800408768 1574912
1 44803032768 525312
1 44804082368 525312
1 44805131968 1050112
1 44807231168 525312
1 44809330368 1574912
1 44811429568 525312
1 44812479168 525312
1 44813528768 525312
1 44814578368 1050112
1 44817202368 2099712
1 44819826368 525312
1 44820875968 1050112
1 44823499968 1050112
1 44825599168 525312
1 44828223168 2099712
1 44831371968 525312
1 44832421568 2099712
1 44835570368 525312
1 44836619968 1574912
1 44838719168 1050112
1 44840293568 525312
1 44841867968 1050112
1 44843442368 1574912
1 44845541568 1050112
1 44847115968 1050112
1 44849215168 525312
1 44850789568 525312
1 44852888768 1050112
1 44854987968 525312
1 44856037568 525312
1 44857087168 2624512
1 44860760768 1050112
1 44862335168 1050112
1 44865483968 525312
1 44870731968 1050112
1 44872831168 525312
1 44874930368 4198912
1 44879653568 1050112
1 44881227968 1574912
1 44884901568 1574912
1 44887525568 1050112
1 44889624768 1574912
1 44891723968 2624512
1 44894872768 525312
1 44895922368 525312
1 44899071168 2099712
1 44901695168 525312
1 44902744768 525312
1 44905368768 524800
1 44913015488 1574912
1 44915639488 2624512
1 44919837888 2099712
1 44923511488 1050112
1 44925085888 2099712
1 44927709888 1574912
1 44930333888 1050112
1 44932957888 3674112
1 44937156288 1050112
1 44938730688 1574912
1 44941354688 2624512
1 44944503488 1050112
1 44946077888 525312
1 44947127488 1574912
1 44949226688 1574912
1 44952375488 1050112
1 44953949888 525312
1 44954999488 1050112
1 44956573888 525312
1 44958148288 525312
1 44959197888 2624512
1 44963921088 525312
1 44964970688 525312
1 44966545088 2624512
1 44969693888 525312
1 44971793088 525312
1 44972842688 1050112
1 44974417088 1050112
1 44975991488 1050112
1 44977565888 3149312
1 44982813888 525312
1 44984388288 1050112
1 44988061888 525312
1 44989636288 1050112
1 44991735488 525312
1 44993309888 2099712
1 44996458688 525312
1 44998033088 525312
1 45000132288 1574912
1 45002231488 1574912
1 45004330688 2099712
1 45006954688 1050112
1 45009578688 2624512
1 45014826688 525312
1 45015876288 525312
1 45016925888 2099712
1 45019549888 1574912
1 45021649088 2624512
1 45026897088 1574912
1 45028996288 525312
1 45030045888 2624512
1 45034244288 1050112
1 45037393088 1050112
1 45038967488 525312
1 45040017088 1050112
1 45041591488 1574912
1 45043690688 525312
1 45044740288 2099712
1 45047364288 525312
1 45049463488 525312
1 45050513088 525312
1 45051562688 2099712
1 45054186688 2099712
1 45056810688 2099712
1 45059434688 525312
1 45060484288 1050112
1 45062583488 525312
1 45063633088 525312
1 45064682688 2624512
1 45068356288 5773312
1 45075703488 1574912
1 45078327488 525312
1 45079377088 525312
1 45080426688 1050112
1 45082525888 525312
1 45084625088 1574912
1 45086724288 525312
1 45087773888 525312
1 45088823488 525312
1 45089873088 1050112
1 45092497088 2099712
1 45095121088 525312
1 45096170688 1050112
1 45098794688 1050112
1 45100893888 525312
1 45103517888 2099712
1 45106666688 525312
1 45107716288 2099712
1 45110865088 525312
1 45111914688 1574912
1 45114013888 1050112
1 45115588288 525312
1 45117162688 1050112
1 45118737088 1574912
1 45120836288 1050112
1 45122410688 1050112
1 45124509888 525312
1 45126084288 525312
1 45128183488 1050112
1 45130282688 525312
1 45131332288 525312
1 45132381888 2624512
1 45136055488 1050112
1 45137629888 1050112
1 45140778688 525312
1 45146026688 1050112
1 45148125888 525312
1 45150225088 4198912
1 45154948288 1050112
1 45156522688 1574912
1 45160196288 1574912
1 45162820288 1050112
1 45164919488 1574912
1 45167018688 2624512
1 45170167488 525312
1 45171217088 525312
1 45174365888 2099712
1 45176989888 525312
1 45178039488 525312
1 45180663488 524800
1 44164517568 2765312
1 44169125568 4608512
1 44176498368 3686912
1 44182949568 1843712
1 44185714368 3686912
1 44190322368 2765312
1 44194930368 1843712
1 44199538368 6451712
1 44206911168 1843712
1 44209675968 2765312
1 44214283968 4608512
1 44219813568 1843712
1 44222578368 922112
1 44224421568 2765312
1 44228107968 2765312
1 44233637568 1843712
1 44236402368 922112
1 44238245568 1843712
1 44241010368 922112
1 44243775168 922112
1 44245618368 4608512
1 44253912768 922112
1 44255755968 922112
1 44258520768 4608512
1 44264050368 922112
1 44267736768 922112
1 44269579968 1843712
1 44272344768 1843712
1 44275109568 1843712
1 44277874368 5530112
1 44287090368 922112
1 44289855168 1843712
1 44296306368 922112
1 44299071168 1843712
1 44302757568 922112
1 44305522368 3686912
1 44311051968 922112
1 44313816768 922112
1 44317503168 2765312
1 44321189568 2765312
1 44324875968 3686912
1 44329483968 1843712
1 44334091968 4608512
1 44343307968 922112
1 44345151168 922112
1 44346994368 3686912
1 44351602368 2765312
1 44355288768 4608512
1 44364504768 2765312
1 44368191168 922112
1 44370034368 4608512
1 44377407168 1843712
1 44382936768 1843712
1 44385701568 922112
1 44387544768 1843712
1 44390309568 2765312
1 44393995968 922112
1 44395839168 3686912
1 44400447168 922112
1 44404133568 922112
1 44405976768 922112
1 44407819968 3686912
1 44412427968 3686912
1 44417035968 3686912
1 44421643968 922112
1 44423487168 1843712
1 44427173568 922112
1 44429016768 922112
1 44430859968 4608512
1 44437311168 10138112
1 44450213568 2765312
1 44454821568 922112
1 44456664768 922112
1 44458507968 1843712
1 44462194368 922112
1 44465880768 2765312
1 44469567168 922112
1 44471410368 922112
1 44473253568 922112
1 44475096768 1843712
1 44479704768 3686912
1 44484312768 922112
1 44486155968 1843712
1 44490763968 1843712
1 44494450368 922112
1 44499058368 3686912
1 44504587968 922112
1 44506431168 3686912
1 44511960768 922112
1 44513803968 2765312
1 44517490368 1843712
1 44520255168 922112
1 44523019968 1843712
1 44525784768 2765312
1 44529471168 1843712
1 44532235968 1843712
1 44535922368 922112
1 44538687168 922112
1 44542373568 1843712
1 44546059968 922112
1 44547903168 922112
1 44549746368 4608512
1 44556197568 1843712
1 44558962368 1843712
1 44564491968 922112
1 44573707968 1843712
1 44577394368 922112
1 44581080768 7373312
1 44589375168 1843712
1 44592139968 2765312
1 44598591168 2765312
1 44603199168 1843712
1 44606885568 2765312
1 44610571968 4608512
1 44616101568 922112
1 44617944768 922112
1 44623474368 3686912
1 44628082368 922112
1 44629925568 922112
1 44634533568 921600
1 45719449664 525312
1 45720499264 525312
1 45721548864 1050112
1 45725747264 1050112
1 45727321664 3149312
1 45731520064 1050112
1 45733619264 525312
1 45734668864 525312
1 45736768064 525312
1 45737817664 1050112
1 45739392064 2099712
1 45742016064 2624512
1 45745689664 525312
1 45747788864 1050112
1 45750937664 525312
1 45751987264 1574912
1 45754086464 1050112
1 45755660864 525312
1 45757235264 1050112
1 45758809664 1574912
1 45760908864 1574912
1 45763008064 1050112
1 45765107264 1574912
1 45767206464 4198912
1 45772454464 2099712
1 45775078464 525312
1 45776128064 1050112
1 45779276864 525312
1 45780326464 525312
1 45781376064 525312
1 45784000064 525312
1 45785049664 1050112
1 45786624064 2099712
1 45789248064 525312
1 45790297664 1574912
1 45792396864 525312
1 45793446464 1050112
1 45795020864 525312
1 45796070464 1574912
1 45799219264 1050112
1 45802368064 1050112
1 45807091264 1050112
1 45808665664 525312
1 45809715264 525312
1 45810764864 525312
1 45813388864 525312
1 45814438464 1050112
1 45817062464 3149312
1 45820736064 2099712
1 45823884864 1050112
1 45825459264 525312
1 45827033664 1574912
1 45829132864 2099712
1 45831756864 525312
1 45833331264 525312
1 45837529664 1050112
1 45839104064 525312
1 45840153664 525312
1 45841203264 525312
1 45842252864 2099712
1 45844876864 2099712
1 45848025664 525312
1 45849600064 1574912
1 45853273664 525312
1 45854323264 1574912
1 45856422464 1050112
1 45859046464 2099712
1 45862195264 2624512
1 45865868864 1050112
1 45867443264 1574912
1 45869542464 525312
1 45871641664 1574912
1 45875315264 525312
1 45876364864 3149312
1 45880563264 525312
1 45882137664 1574912
1 45884236864 1050112
1 45886860864 1050112
1 45888435264 1050112
1 45890534464 1050112
1 45892108864 525312
1 45893683264 1050112
1 45896307264 525312
1 45897881664 525312
1 45899456064 1050112
1 45903129664 1050112
1 45904704064 1574912
1 45908902464 525312
1 45910476864 2099712
1 45913100864 525312
1 45914150464 525312
1 45915200064 525312
1 45916774464 525312
1 45918873664 2099712
1 45921497664 2099712
1 45924121664 1050112
1 45925696064 1574912
1 45927795264 1050112
1 45930419264 2099712
1 45933043264 1050112
1 45935142464 525312
1 45937241664 1050112
1 45938816064 1574912
1 45941440064 1050112
1 45943014464 1574912
1 45945113664 525312
1 45946163264 525312
1 45947212864 2624512
1 45950361664 525312
1 45952985664 1574912
1 45955084864 1050112
1 45956659264 2099712
1 45959808064 2099712
1 45964006464 525312
1 45965580864 1574912
1 45967680064 525312
1 45969254464 525312
1 45970304064 525312
1 45972928064 2099712
1 45975552064 525312
1 45978700864 525312
1 45979750464 1050112
1 45981324864 525312
1 45982374464 525312
1 45983424064 1574912
1 45986048064 525312
1 45994744384 525312
1 45995793984 525312
1 45996843584 1050112
1 46001041984 1050112
1 46002616384 3149312
1 46006814784 1050112
1 46008913984 525312
1 46009963584 525312
1 46012062784 525312
1 46013112384 1050112
1 46014686784 2099712
1 46017310784 2624512
1 46020984384 525312
1 46023083584 1050112
1 46026232384 525312
1 46027281984 1574912
1 46029381184 1050112
1 46030955584 525312
1 46032529984 1050112
1 46034104384 1574912
1 46036203584 1574912
1 46038302784 1050112
1 46040401984 1574912
1 46042501184 4198912
1 46047749184 2099712
1 46050373184 525312
1 46051422784 1050112
1 46054571584 525312
1 46055621184 525312
1 46056670784 525312
1 46059294784 525312
1 46060344384 1050112
1 46061918784 2099712
1 46064542784 525312
1 46065592384 1574912
1 46067691584 525312
1 46068741184 1050112
1 46070315584 525312
1 46071365184 1574912
1 46074513984 1050112
1 46077662784 1050112
1 46082385984 1050112
1 46083960384 525312
1 46085009984 525312
1 46086059584 525312
1 46088683584 525312
1 46089733184 1050112
1 46092357184 3149312
1 46096030784 2099712
1 46099179584 1050112
1 46100753984 525312
1 46102328384 1574912
1 46104427584 2099712
1 46107051584 525312
1 46108625984 525312
1 46112824384 1050112
1 46114398784 525312
1 46115448384 525312
1 46116497984 525312
1 46117547584 2099712
1 46120171584 2099712
1 46123320384 525312
1 46124894784 1574912
1 46128568384 525312
1 46129617984 1574912
1 46131717184 1050112
1 46134341184 2099712
1 46137489984 2624512
1 46141163584 1050112
1 46142737984 1574912
1 46144837184 525312
1 46146936384 1574912
1 46150609984 525312
1 46151659584 3149312
1 46155857984 525312
1 46157432384 1574912
1 46159531584 1050112
1 46162155584 1050112
1 46163729984 1050112
1 46165829184 1050112
1 46167403584 525312
1 46168977984 1050112
1 46171601984 525312
1 46173176384 525312
1 46174750784 1050112
1 46178424384 1050112
1 46179998784 1574912
1 46184197184 525312
1 46185771584 2099712
1 46188395584 525312
1 46189445184 525312
1 46190494784 525312
1 46192069184 525312
1 46194168384 2099712
1 46196792384 2099712
1 46199416384 1050112
1 46200990784 1574912
1 46203089984 1050112
1 46205713984 2099712
1 46208337984 1050112
1 46210437184 525312
1 46212536384 1050112
1 46214110784 1574912
1 46216734784 1050112
1 46218309184 1574912
1 46220408384 525312
1 46221457984 525312
1 46222507584 2624512
1 46225656384 525312
1 46228280384 1574912
1 46230379584 1050112
1 46231953984 2099712
1 46235102784 2099712
1 46239301184 525312
1 46240875584 1574912
1 46242974784 525312
1 46244549184 525312
1 46245598784 525312
1 46248222784 2099712
1 46250846784 525312
1 46253995584 525312
1 46255045184 1050112
1 46256619584 525312
1 46257669184 525312
1 46258718784 1574912
1 46261342784 525312
1 45246246464 922112
1 45248089664 922112
1 45249932864 1843712
1 45257305664 1843712
1 45260070464 5530112
1 45267443264 1843712
1 45271129664 922112
1 45272972864 922112
1 45276659264 922112
1 45278502464 1843712
1 45281267264 3686912
1 45285875264 4608512
1 45292326464 922112
1 45296012864 1843712
1 45301542464 922112
1 45303385664 2765312
1 45307072064 1843712
1 45309836864 922112
1 45312601664 1843712
1 45315366464 2765312
1 45319052864 2765312
1 45322739264 1843712
1 45326425664 2765312
1 45330112064 7373312
1 45339328064 3686912
1 45343936064 922112
1 45345779264 1843712
1 45351308864 922112
1 45353152064 922112
1 45354995264 922112
1 45359603264 922112
1 45361446464 1843712
1 45364211264 3686912
1 45368819264 922112
1 45370662464 2765312
1 45374348864 922112
1 45376192064 1843712
1 45378956864 922112
1 45380800064 2765312
1 45386329664 1843712
1 45391859264 1843712
1 45400153664 1843712
1 45402918464 922112
1 45404761664 922112
1 45406604864 922112
1 45411212864 922112
1 45413056064 1843712
1 45417664064 5530112
1 45424115264 3686912
1 45429644864 1843712
1 45432409664 922112
1 45435174464 2765312
1 45438860864 3686912
1 45443468864 922112
1 45446233664 922112
1 45453606464 1843712
1 45456371264 922112
1 45458214464 922112
1 45460057664 922112
1 45461900864 3686912
1 45466508864 3686912
1 45472038464 922112
1 45474803264 2765312
1 45481254464 922112
1 45483097664 2765312
1 45486784064 1843712
1 45491392064 3686912
1 45496921664 4608512
1 45503372864 1843712
1 45506137664 2765312
1 45509824064 922112
1 45513510464 2765312
1 45519961664 922112
1 45521804864 5530112
1 45529177664 922112
1 45531942464 2765312
1 45535628864 1843712
1 45540236864 1843712
1 45543001664 1843712
1 45546688064 1843712
1 45549452864 922112
1 45552217664 1843712
1 45556825664 922112
1 45559590464 922112
1 45562355264 1843712
1 45568806464 1843712
1 45571571264 2765312
1 45578944064 922112
1 45581708864 3686912
1 45586316864 922112
1 45588160064 922112
1 45590003264 922112
1 45592768064 922112
1 45596454464 3686912
1 45601062464 3686912
1 45605670464 1843712
1 45608435264 2765312
1 45612121664 1843712
1 45616729664 3686912
1 45621337664 1843712
1 45625024064 922112
1 45628710464 1843712
1 45631475264 2765312
1 45636083264 1843712
1 45638848064 2765312
1 45642534464 922112
1 45644377664 922112
1 45646220864 4608512
1 45651750464 922112
1 45656358464 2765312
1 45660044864 1843712
1 45662809664 3686912
1 45668339264 3686912
1 45675712064 922112
1 45678476864 2765312
1 45682163264 922112
1 45684928064 922112
1 45686771264 922112
1 45691379264 3686912
1 45695987264 922112
1 45701516864 922112
1 45703360064 1843712
1 45706124864 922112
1 45707968064 922112
1 45709811264 2765312
1 45714419264 922112
1 46810255808 525312
1 46811305408 525312
1 46813929408 525312
1 46814979008 525312
1 46818127808 1050112
1 46821276608 525312
1 46822851008 525312
1 46823900608 525312
1 46824950208 3149312
1 46829673408 1050112
1 46833347008 1050112
1 46835446208 525312
1 46837545408 525312
1 46839119808 525312
1 46840169408 525312
1 46841219008 1050112
1 46842793408 525312
1 46845417408 1050112
1 46847516608 525312
1 46848566208 525312
1 46849615808 525312
1 46853814208 1050112
1 46858537408 525312
1 46859587008 2099712
1 46866409408 525312
1 46869558208 525312
1 46871657408 525312
1 46873756608 1574912
1 46876905408 525312
1 46877955008 1050112
1 46879529408 525312
1 46880579008 525312
1 46882153408 525312
1 46884252608 525312
1 46886351808 1050112
1 46888975808 525312
1 46892649408 525312
1 46895798208 525312
1 46898422208 1050112
1 46899996608 525312
1 46903670208 1050112
1 46905244608 1050112
1 46906819008 525312
1 46907868608 1050112
1 46911542208 525312
1 46913641408 525312
1 46915215808 1050112
1 46916790208 525312
1 46917839808 1050112
1 46919939008 2099712
1 46922563008 525312
1 46923612608 1574912
1 46926236608 1050112
1 46928335808 525312
1 46931484608 525312
1 46933583808 525312
1 46935683008 525312
1 46936732608 525312
1 46937782208 1050112
1 46939881408 525312
1 46940931008 525312
1 46946703808 525312
1 46947753408 525312
1 46949327808 1050112
1 46951427008 525312
1 46954051008 525312
1 46955100608 1050112
1 46959823808 1050112
1 46961923008 1050112
1 46964022208 1050112
1 46967695808 525312
1 46968745408 525312
1 46969795008 1050112
1 46971894208 525312
1 46972943808 525312
1 46975567808 525312
1 46977667008 525312
1 46980291008 525312
1 46982390208 1574912
1 46985014208 525312
1 46986588608 1050112
1 46988687808 1050112
1 46990787008 1050112
1 46993935808 525312
1 46994985408 525312
1 46998134208 1050112
1 47001283008 525312
1 47002857408 525312
1 47006006208 1574912
1 47008105408 525312
1 47010729408 1050112
1 47012828608 525312
1 47014927808 525312
1 47018076608 525312
1 47021225408 525312
1 47022799808 525312
1 47023849408 525312
1 47029622208 525312
1 47030671808 1050112
1 47033295808 525312
1 47034870208 525312
1 47038543808 525312
1 47042742208 525312
1 47043791808 525312
1 47046415808 525312
1 47047990208 525312
1 47054287808 525312
1 47055337408 1574912
1 47058486208 525312
1 47062159808 1574912
1 47064783808 525312
1 47065833408 1574912
1 47069507008 525312
1 47071081408 525312
1 47072131008 1050112
1 47073705408 525312
1 47074755008 525312
1 47085550528 525312
1 47086600128 525312
1 47089224128 525312
1 47090273728 525312
1 47093422528 1050112
1 47096571328 525312
1 47098145728 525312
1 47099195328 525312
1 47100244928 3149312
1 47104968128 1050112
1 47108641728 1050112
1 47110740928 525312
1 47112840128 525312
1 47114414528 525312
1 47115464128 525312
1 47116513728 1050112
1 47118088128 525312
1 47120712128 1050112
1 47122811328 525312
1 47123860928 525312
1 47124910528 525312
1 47129108928 1050112
1 47133832128 525312
1 47134881728 2099712
1 47141704128 525312
1 47144852928 525312
1 47146952128 525312
1 47149051328 1574912
1 47152200128 525312
1 47153249728 1050112
1 47154824128 525312
1 47155873728 525312
1 47157448128 525312
1 47159547328 525312
1 47161646528 1050112
1 47164270528 525312
1 47167944128 525312
1 47171092928 525312
1 47173716928 1050112
1 47175291328 525312
1 47178964928 1050112
1 47180539328 1050112
1 47182113728 525312
1 47183163328 1050112
1 47186836928 525312
1 47188936128 525312
1 47190510528 1050112
1 47192084928 525312
1 47193134528 1050112
1 47195233728 2099712
1 47197857728 525312
1 47198907328 1574912
1 47201531328 1050112
1 47203630528 525312
1 47206779328 525312
1 47208878528 525312
1 47210977728 525312
1 47212027328 525312
1 47213076928 1050112
1 47215176128 525312
1 47216225728 525312
1 47221998528 525312
1 47223048128 525312
1 47224622528 1050112
1 47226721728 525312
1 47229345728 525312
1 47230395328 1050112
1 47235118528 1050112
1 47237217728 1050112
1 47239316928 1050112
1 47242990528 525312
1 47244040128 525312
1 47245089728 1050112
1 47247188928 525312
1 47248238528 525312
1 47250862528 525312
1 47252961728 525312
1 47255585728 525312
1 47257684928 1574912
1 47260308928 525312
1 47261883328 1050112
1 47263982528 1050112
1 47266081728 1050112
1 47269230528 525312
1 47270280128 525312
1 47273428928 1050112
1 47276577728 525312
1 47278152128 525312
1 47281300928 1574912
1 47283400128 525312
1 47286024128 1050112
1 47288123328 525312
1 47290222528 525312
1 47293371328 525312
1 47296520128 525312
1 47298094528 525312
1 47299144128 525312
1 47304916928 525312
1 47305966528 1050112
1 47308590528 525312
1 47310164928 525312
1 47313838528 525312
1 47318036928 525312
1 47319086528 525312
1 47321710528 525312
1 47323284928 525312
1 47329582528 525312
1 47330632128 1574912
1 47333780928 525312
1 47337454528 1574912
1 47340078528 525312
1 47341128128 1574912
1 47344801728 525312
1 47346376128 525312
1 47347425728 1050112
1 47349000128 525312
1 47350049728 525312
1 46339036608 922112
1 46340879808 922112
1 46345487808 922112
1 46347331008 922112
1 46352860608 1843712
1 46358390208 922112
1 46361155008 922112
1 46362998208 922112
1 46364841408 5530112
1 46373135808 1843712
1 46379587008 1843712
1 46383273408 922112
1 46386959808 922112
1 46389724608 922112
1 46391567808 922112
1 46393411008 1843712
1 46396175808 922112
1 46400783808 1843712
1 46404470208 922112
1 46406313408 922112
1 46408156608 922112
1 46415529408 1843712
1 46423823808 922112
1 46425667008 3686912
1 46437647808 922112
1 46443177408 922112
1 46446863808 922112
1 46450550208 2765312
1 46456079808 922112
1 46457923008 1843712
1 46460687808 922112
1 46462531008 922112
1 46465295808 922112
1 46468982208 922112
1 46472668608 1843712
1 46477276608 922112
1 46483727808 922112
1 46489257408 922112
1 46493865408 1843712
1 46496630208 922112
1 46503081408 1843712
1 46505846208 1843712
1 46508611008 922112
1 46510454208 1843712
1 46516905408 922112
1 46520591808 922112
1 46523356608 1843712
1 46526121408 922112
1 46527964608 1843712
1 46531651008 3686912
1 46536259008 922112
1 46538102208 2765312
1 46542710208 1843712
1 46546396608 922112
1 46551926208 922112
1 46555612608 922112
1 46559299008 922112
1 46561142208 922112
1 46562985408 1843712
1 46566671808 922112
1 46568515008 922112
1 46578652608 922112
1 46580495808 922112
1 46583260608 1843712
1 46586947008 922112
1 46591555008 922112
1 46593398208 1843712
1 46601692608 1843712
1 46605379008 1843712
1 46609065408 1843712
1 46615516608 922112
1 46617359808 922112
1 46619203008 1843712
1 46622889408 922112
1 46624732608 922112
1 46629340608 922112
1 46633027008 922112
1 46637635008 922112
1 46641321408 2765312
1 46645929408 922112
1 46648694208 1843712
1 46652380608 1843712
1 46656067008 1843712
1 46661596608 922112
1 46663439808 922112
1 46668969408 1843712
1 46674499008 922112
1 46677263808 922112
1 46682793408 2765312
1 46686479808 922112
1 46691087808 1843712
1 46694774208 922112
1 46698460608 922112
1 46703990208 922112
1 46709519808 922112
1 46712284608 922112
1 46714127808 922112
1 46724265408 922112
1 46726108608 1843712
1 46730716608 922112
1 46733481408 922112
1 46739932608 922112
1 46747305408 922112
1 46749148608 922112
1 46753756608 922112
1 46756521408 922112
1 46767580608 922112
1 46769423808 2765312
1 46774953408 922112
1 46781404608 2765312
1 46786012608 922112
1 46787855808 2765312
1 46794307008 922112
1 46797071808 922112
1 46798915008 1843712
1 46801679808 922112
1 46803523008 922112
1 47878588352 525312
1 47880162752 525312
1 47882261952 525312
1 47883311552 1050112
1 47886985152 1050112
1 47888559552 1574912
1 47891708352 525312
1 47892757952 525312
1 47894332352 2624512
1 47898530752 525312
1 47899580352 1574912
1 47903778752 525312
1 47904828352 1050112
1 47907977152 1050112
1 47909551552 1574912
1 47912175552 525312
1 47914799552 525312
1 47916373952 2099712
1 47920572352 525312
1 47921621952 525312
1 47923721152 1050112
1 47925295552 1574912
1 47927394752 525312
1 47928444352 525312
1 47931068352 1050112
1 47934741952 1574912
1 47936841152 525312
1 47939989952 525312
1 47941039552 525312
1 47942613952 525312
1 47943663552 525312
1 47944713152 525312
1 47946287552 525312
1 47947337152 525312
1 47948911552 525312
1 47951535552 525312
1 47952585152 1574912
1 47954684352 2099712
1 47957833152 1050112
1 47960981952 525312
1 47962556352 525312
1 47966229952 1050112
1 47967804352 525312
1 47968853952 1574912
1 47972002752 2099712
1 47975151552 1574912
1 47977250752 1574912
1 47980399552 525312
1 47981449152 525312
1 47983023552 1050112
1 47985122752 525312
1 47986697152 525312
1 47989845952 525312
1 47993519552 1050112
1 47995093952 525312
1 47996143552 2099712
1 48000341952 525312
1 48001916352 525312
1 48004015552 525312
1 48005589952 525312
1 48006639552 1574912
1 48008738752 2099712
1 48011887552 525312
1 48013986752 1574912
1 48016085952 525312
1 48017135552 1050112
1 48019234752 2099712
1 48022908352 525312
1 48025007552 525312
1 48026581952 525312
1 48027631552 1574912
1 48031305152 525312
1 48032354752 525312
1 48033929152 525312
1 48035503552 525312
1 48038652352 525312
1 48040226752 525312
1 48041801152 525312
1 48043900352 525312
1 48045999552 525312
1 48047049152 2624512
1 48052821952 1574912
1 48055445952 525312
1 48057020352 525312
1 48060693952 525312
1 48062268352 1574912
1 48064367552 525312
1 48066991552 1050112
1 48071189952 525312
1 48072239552 525312
1 48075388352 525312
1 48077487552 525312
1 48083785152 1050112
1 48085359552 1574912
1 48087458752 525312
1 48089033152 1050112
1 48090607552 525312
1 48092706752 525312
1 48095330752 1050112
1 48099529152 525312
1 48102677952 1050112
1 48104777152 1050112
1 48108450752 2624512
1 48114223552 525312
1 48115273152 1050112
1 48118946752 525312
1 48121045952 525312
1 48122095552 1574912
1 48124719552 1050112
1 48126818752 525312
1 48127868352 1050112
1 48129442752 2624512
1 48133641152 525312
1 48137839552 525312
1 48139413952 525312
1 48140463552 1050112
1 48143087552 525312
1 48144661952 525312
1 48153883072 525312
1 48155457472 525312
1 48157556672 525312
1 48158606272 1050112
1 48162279872 1050112
1 48163854272 1574912
1 48167003072 525312
1 48168052672 525312
1 48169627072 2624512
1 48173825472 525312
1 48174875072 1574912
1 48179073472 525312
1 48180123072 1050112
1 48183271872 1050112
1 48184846272 1574912
1 48187470272 525312
1 48190094272 525312
1 48191668672 2099712
1 48195867072 525312
1 48196916672 525312
1 48199015872 1050112
1 48200590272 1574912
1 48202689472 525312
1 48203739072 525312
1 48206363072 1050112
1 48210036672 1574912
1 48212135872 525312
1 48215284672 525312
1 48216334272 525312
1 48217908672 525312
1 48218958272 525312
1 48220007872 525312
1 48221582272 525312
1 48222631872 525312
1 48224206272 525312
1 48226830272 525312
1 48227879872 1574912
1 48229979072 2099712
1 48233127872 1050112
1 48236276672 525312
1 48237851072 525312
1 48241524672 1050112
1 48243099072 525312
1 48244148672 1574912
1 48247297472 2099712
1 48250446272 1574912
1 48252545472 1574912
1 48255694272 525312
1 48256743872 525312
1 48258318272 1050112
1 48260417472 525312
1 48261991872 525312
1 48265140672 525312
1 48268814272 1050112
1 48270388672 525312
1 48271438272 2099712
1 48275636672 525312
1 48277211072 525312
1 48279310272 525312
1 48280884672 525312
1 48281934272 1574912
1 48284033472 2099712
1 48287182272 525312
1 48289281472 1574912
1 48291380672 525312
1 48292430272 1050112
1 48294529472 2099712
1 48298203072 525312
1 48300302272 525312
1 48301876672 525312
1 48302926272 1574912
1 48306599872 525312
1 48307649472 525312
1 48309223872 525312
1 48310798272 525312
1 48313947072 525312
1 48315521472 525312
1 48317095872 525312
1 48319195072 525312
1 48321294272 525312
1 48322343872 2624512
1 48328116672 1574912
1 48330740672 525312
1 48332315072 525312
1 48335988672 525312
1 48337563072 1574912
1 48339662272 525312
1 48342286272 1050112
1 48346484672 525312
1 48347534272 525312
1 48350683072 525312
1 48352782272 525312
1 48359079872 1050112
1 48360654272 1574912
1 48362753472 525312
1 48364327872 1050112
1 48365902272 525312
1 48368001472 525312
1 48370625472 1050112
1 48374823872 525312
1 48377972672 1050112
1 48380071872 1050112
1 48383745472 2624512
1 48389518272 525312
1 48390567872 1050112
1 48394241472 525312
1 48396340672 525312
1 48397390272 1574912
1 48400014272 1050112
1 48402113472 525312
1 48403163072 1050112
1 48404737472 2624512
1 48408935872 525312
1 48413134272 525312
1 48414708672 525312
1 48415758272 1050112
1 48418382272 525312
1 48419956672 525312
1 47405385152 922112
1 47408149952 922112
1 47411836352 922112
1 47413679552 1843712
1 47420130752 1843712
1 47422895552 2765312
1 47428425152 922112
1 47430268352 922112
1 47433033152 4608512
1 47440405952 922112
1 47442249152 2765312
1 47449621952 922112
1 47451465152 1843712
1 47456994752 1843712
1 47459759552 2765312
1 47464367552 922112
1 47468975552 922112
1 47471740352 3686912
1 47479113152 922112
1 47480956352 922112
1 47484642752 1843712
1 47487407552 2765312
1 47491093952 922112
1 47492937152 922112
1 47497545152 1843712
1 47503996352 2765312
1 47507682752 922112
1 47513212352 922112
1 47515055552 922112
1 47517820352 922112
1 47519663552 922112
1 47521506752 922112
1 47524271552 922112
1 47526114752 922112
1 47528879552 922112
1 47533487552 922112
1 47535330752 2765312
1 47539017152 3686912
1 47544546752 1843712
1 47550076352 922112
1 47552841152 922112
1 47559292352 1843712
1 47562057152 922112
1 47563900352 2765312
1 47569429952 3686912
1 47574959552 2765312
1 47578645952 2765312
1 47584175552 922112
1 47586018752 922112
1 47588783552 1843712
1 47592469952 922112
1 47595234752 922112
1 47600764352 922112
1 47607215552 1843712
1 47609980352 922112
1 47611823552 3686912
1 47619196352 922112
1 47621961152 922112
1 47625647552 922112
1 47628412352 922112
1 47630255552 2765312
1 47633941952 3686912
1 47639471552 922112
1 47643157952 2765312
1 47646844352 922112
1 47648687552 1843712
1 47652373952 3686912
1 47658825152 922112
1 47662511552 922112
1 47665276352 922112
1 47667119552 2765312
1 47673570752 922112
1 47675413952 922112
1 47678178752 922112
1 47680943552 922112
1 47686473152 922112
1 47689237952 922112
1 47692002752 922112
1 47695689152 922112
1 47699375552 922112
1 47701218752 4608512
1 47711356352 2765312
1 47715964352 922112
1 47718729152 922112
1 47725180352 922112
1 47727945152 2765312
1 47731631552 922112
1 47736239552 1843712
1 47743612352 922112
1 47745455552 922112
1 47750985152 922112
1 47754671552 922112
1 47765730752 1843712
1 47768495552 2765312
1 47772181952 922112
1 47774946752 1843712
1 47777711552 922112
1 47781397952 922112
1 47786005952 1843712
1 47793378752 922112
1 47798908352 1843712
1 47802594752 1843712
1 47809045952 4608512
1 47819183552 922112
1 47821026752 1843712
1 47827477952 922112
1 47831164352 922112
1 47833007552 2765312
1 47837615552 1843712
1 47841301952 922112
1 47843145152 1843712
1 47845909952 4608512
1 47853282752 922112
1 47860655552 922112
1 47863420352 922112
1 47865263552 1843712
1 47869871552 922112
1 47872636352 922112
1 48959792448 525312
1 48960842048 525312
1 48961891648 525312
1 48962941248 1050112
1 48965040448 525312
1 48966090048 525312
1 48967139648 2099712
1 48972912448 525312
1 48973962048 525312
1 48975536448 1050112
1 48977635648 525312
1 48980259648 1050112
1 48981834048 1574912
1 48984458048 2099712
1 48987606848 1050112
1 48989181248 2099712
1 48991805248 1574912
1 48993904448 1050112
1 48995478848 3674112
1 49000726848 1050112
1 49002301248 3674112
1 49007024448 1050112
1 49009648448 1050112
1 49012797248 1050112
1 49014371648 1574912
1 49016470848 1050112
1 49018045248 1574912
1 49020669248 525312
1 49021718848 525312
1 49022768448 2099712
1 49025392448 525312
1 49029066048 1050112
1 49031165248 525312
1 49033264448 1050112
1 49034838848 525312
1 49035888448 1574912
1 49039037248 525312
1 49041661248 525312
1 49042710848 1574912
1 49045334848 1050112
1 49050058048 2099712
1 49052682048 1050112
1 49054256448 525312
1 49057930048 1050112
1 49059504448 2624512
1 49062653248 525312
1 49064227648 525312
1 49065277248 525312
1 49066851648 525312
1 49068426048 1574912
1 49070525248 525312
1 49072099648 1574912
1 49074198848 525312
1 49075248448 525312
1 49076298048 2099712
1 49079446848 525312
1 49080496448 1050112
1 49084170048 1050112
1 49085744448 525312
1 49086794048 1574912
1 49088893248 525312
1 49089942848 525312
1 49092042048 1574912
1 49095715648 1574912
1 49097814848 525312
1 49098864448 1574912
1 49101488448 525312
1 49103062848 525312
1 49104637248 525312
1 49105686848 525312
1 49107261248 525312
1 49108310848 2099712
1 49110934848 525312
1 49115658048 525312
1 49116707648 525312
1 49118282048 1050112
1 49119856448 1050112
1 49121955648 525312
1 49128253248 3149312
1 49131926848 1050112
1 49133501248 525312
1 49134550848 525312
1 49136125248 1050112
1 49139798848 525312
1 49141373248 525312
1 49142947648 525312
1 49147146048 525312
1 49148195648 1574912
1 49150294848 1574912
1 49152394048 3149312
1 49158166848 1050112
1 49160266048 1050112
1 49161840448 525312
1 49162890048 525312
1 49163939648 1574912
1 49166563648 525312
1 49167613248 525312
1 49168662848 525312
1 49170237248 1574912
1 49174435648 1574912
1 49176534848 525312
1 49179158848 1050112
1 49181258048 525312
1 49182832448 1050112
1 49184931648 1050112
1 49186506048 525312
1 49189130048 525312
1 49190704448 2099712
1 49195427648 525312
1 49197002048 3149312
1 49200675648 2624512
1 49203824448 2624512
1 49208547648 525312
1 49211696448 525312
1 49213795648 2099712
1 49216944448 525312
1 49219043648 3674112
1 49224291648 1050112
1 49226390848 525312
1 49227440448 525312
1 49235087168 525312
1 49236136768 525312
1 49237186368 525312
1 49238235968 1050112
1 49240335168 525312
1 49241384768 525312
1 49242434368 2099712
1 49248207168 525312
1 49249256768 525312
1 49250831168 1050112
1 49252930368 525312
1 49255554368 1050112
1 49257128768 1574912
1 49259752768 2099712
1 49262901568 1050112
1 49264475968 2099712
1 49267099968 1574912
1 49269199168 1050112
1 49270773568 3674112
1 49276021568 1050112
1 49277595968 3674112
1 49282319168 1050112
1 49284943168 1050112
1 49288091968 1050112
1 49289666368 1574912
1 49291765568 1050112
1 49293339968 1574912
1 49295963968 525312
1 49297013568 525312
1 49298063168 2099712
1 49300687168 525312
1 49304360768 1050112
1 49306459968 525312
1 49308559168 1050112
1 49310133568 525312
1 49311183168 1574912
1 49314331968 525312
1 49316955968 525312
1 49318005568 1574912
1 49320629568 1050112
1 49325352768 2099712
1 49327976768 1050112
1 49329551168 525312
1 49333224768 1050112
1 49334799168 2624512
1 49337947968 525312
1 49339522368 525312
1 49340571968 525312
1 49342146368 525312
1 49343720768 1574912
1 49345819968 525312
1 49347394368 1574912
1 49349493568 525312
1 49350543168 525312
1 49351592768 2099712
1 49354741568 525312
1 49355791168 1050112
1 49359464768 1050112
1 49361039168 525312
1 49362088768 1574912
1 49364187968 525312
1 49365237568 525312
1 49367336768 1574912
1 49371010368 1574912
1 49373109568 525312
1 49374159168 1574912
1 49376783168 525312
1 49378357568 525312
1 49379931968 525312
1 49380981568 525312
1 49382555968 525312
1 49383605568 2099712
1 49386229568 525312
1 49390952768 525312
1 49392002368 525312
1 49393576768 1050112
1 49395151168 1050112
1 49397250368 525312
1 49403547968 3149312
1 49407221568 1050112
1 49408795968 525312
1 49409845568 525312
1 49411419968 1050112
1 49415093568 525312
1 49416667968 525312
1 49418242368 525312
1 49422440768 525312
1 49423490368 1574912
1 49425589568 1574912
1 49427688768 3149312
1 49433461568 1050112
1 49435560768 1050112
1 49437135168 525312
1 49438184768 525312
1 49439234368 1574912
1 49441858368 525312
1 49442907968 525312
1 49443957568 525312
1 49445531968 1574912
1 49449730368 1574912
1 49451829568 525312
1 49454453568 1050112
1 49456552768 525312
1 49458127168 1050112
1 49460226368 1050112
1 49461800768 525312
1 49464424768 525312
1 49465999168 2099712
1 49470722368 525312
1 49472296768 3149312
1 49475970368 2624512
1 49479119168 2624512
1 49483842368 525312
1 49486991168 525312
1 49489090368 2099712
1 49492239168 525312
1 49494338368 3674112
1 49499586368 1050112
1 49501685568 525312
1 49502735168 525312
1 48486192448 922112
1 48488035648 922112
1 48489878848 922112
1 48491722048 1843712
1 48495408448 922112
1 48497251648 922112
1 48499094848 3686912
1 48509232448 922112
1 48511075648 922112
1 48513840448 1843712
1 48517526848 922112
1 48522134848 1843712
1 48524899648 2765312
1 48529507648 3686912
1 48535037248 1843712
1 48537802048 3686912
1 48542410048 2765312
1 48546096448 1843712
1 48548861248 6451712
1 48558077248 1843712
1 48560842048 6451712
1 48569136448 1843712
1 48573744448 1843712
1 48579274048 1843712
1 48582038848 2765312
1 48585725248 1843712
1 48588490048 2765312
1 48593098048 922112
1 48594941248 922112
1 48596784448 3686912
1 48601392448 922112
1 48607843648 1843712
1 48611530048 922112
1 48615216448 1843712
1 48617981248 922112
1 48619824448 2765312
1 48625354048 922112
1 48629962048 922112
1 48631805248 2765312
1 48636413248 1843712
1 48644707648 3686912
1 48649315648 1843712
1 48652080448 922112
1 48658531648 1843712
1 48661296448 4608512
1 48666826048 922112
1 48669590848 922112
1 48671434048 922112
1 48674198848 922112
1 48676963648 2765312
1 48680650048 922112
1 48683414848 2765312
1 48687101248 922112
1 48688944448 922112
1 48690787648 3686912
1 48696317248 922112
1 48698160448 1843712
1 48704611648 1843712
1 48707376448 922112
1 48709219648 2765312
1 48712906048 922112
1 48714749248 922112
1 48718435648 2765312
1 48724886848 2765312
1 48728573248 922112
1 48730416448 2765312
1 48735024448 922112
1 48737789248 922112
1 48740554048 922112
1 48742397248 922112
1 48745162048 922112
1 48747005248 3686912
1 48751613248 922112
1 48759907648 922112
1 48761750848 922112
1 48764515648 1843712
1 48767280448 1843712
1 48770966848 922112
1 48782026048 5530112
1 48788477248 1843712
1 48791242048 922112
1 48793085248 922112
1 48795850048 1843712
1 48802301248 922112
1 48805066048 922112
1 48807830848 922112
1 48815203648 922112
1 48817046848 2765312
1 48820733248 2765312
1 48824419648 5530112
1 48834557248 1843712
1 48838243648 1843712
1 48841008448 922112
1 48842851648 922112
1 48844694848 2765312
1 48849302848 922112
1 48851146048 922112
1 48852989248 922112
1 48855754048 2765312
1 48863126848 2765312
1 48866813248 922112
1 48871421248 1843712
1 48875107648 922112
1 48877872448 1843712
1 48881558848 1843712
1 48884323648 922112
1 48888931648 922112
1 48891696448 3686912
1 48899990848 922112
1 48902755648 5530112
1 48909206848 4608512
1 48914736448 4608512
1 48923030848 922112
1 48928560448 922112
1 48932246848 3686912
1 48937776448 922112
1 48941462848 6451712
1 48950678848 1843712
1 48954365248 922112
1 48956208448 922112
2 473648320 525312
2 476272320 1574912
2 479421120 525312
2 480470720 1574912
2 483619520 525312
2 484669120 525312
2 486768320 1050112
2 488867520 525312
2 490966720 2099712
2 493590720 525312
2 496214720 525312
2 497789120 3149312
2 501462720 525312
2 502512320 1050112
2 504611520 1050112
2 506185920 1050112
2 508285120 1050112
2 509859520 1050112
2 511433920 1050112
2 513533120 525312
2 514582720 1050112
2 516157120 1050112
2 517731520 1050112
2 519830720 525312
2 521929920 1050112
2 523504320 1050112
2 525078720 525312
2 527177920 1050112
2 529277120 525312
2 530326720 1050112
2 531901120 1050112
2 534525120 1050112
2 536099520 1050112
2 537673920 525312
2 539248320 525312
2 540297920 525312
2 542921920 525312
2 545545920 525312
2 547120320 1574912
2 549219520 525312
2 550793920 525312
2 552368320 1574912
2 554467520 525312
2 555517120 2099712
2 559715520 1050112
2 561289920 2099712
2 564438720 1050112
2 566013120 525312
2 567062720 2099712
2 569686720 2099712
2 575459520 525312
2 576509120 525312
2 577558720 1050112
2 579133120 525312
2 580182720 525312
2 582281920 525312
2 583331520 525312
2 584381120 2099712
2 587005120 525312
2 588054720 1574912
2 590678720 1050112
2 592777920 2099712
2 595926720 525312
2 596976320 525312
2 598550720 525312
2 599600320 525312
2 600649920 525312
2 601699520 525312
2 602749120 525312
2 604323520 1050112
2 605897920 525312
2 607472320 1050112
2 610096320 525312
2 612195520 1574912
2 616393920 525312
2 617443520 525312
2 619542720 525312
2 620592320 525312
2 621641920 3149312
2 627414720 1050112
2 628989120 525312
2 630038720 1574912
2 632137920 525312
2 633187520 525312
2 634237120 2624512
2 639485120 525312
2 641059520 525312
2 642109120 525312
2 643683520 525312
2 645257920 525312
2 646307520 1574912
2 649981120 1574912
2 652080320 1050112
2 653654720 525312
2 654704320 525312
2 655753920 1574912
2 658377920 1050112
2 661001920 1050112
2 663101120 1574912
2 665725120 525312
2 667299520 1574912
2 669398720 525312
2 672547520 525312
2 673597120 1050112
2 675171520 1574912
2 677270720 525312
2 678320320 1574912
2 680419520 1574912
2 682518720 525312
2 684093120 1574912
2 687766720 1050112
2 690915520 525312
2 691965120 2099712
2 698262720 525312
2 700361920 3149312
2 704560320 525312
2 705609920 1574912
2 709283520 1050112
2 713481920 1574912
2 715581120 525312
2 717155520 525312
2 718205120 1574912
2 720829120 1574912
2 722928320 525312
2 724502720 1050112
2 726077120 3674112
2 730275520 1050112
2 732374720 1050112
2 733949120 1050112
2 735523520 6298112
2 748943040 525312
2 751567040 1574912
2 754715840 525312
2 755765440 1574912
2 758914240 525312
2 759963840 525312
2 762063040 1050112
2 764162240 525312
2 766261440 2099712
2 768885440 525312
2 771509440 525312
2 773083840 3149312
2 776757440 525312
2 777807040 1050112
2 779906240 1050112
2 781480640 1050112
2 783579840 1050112
2 785154240 1050112
2 786728640 1050112
2 788827840 525312
2 789877440 1050112
2 791451840 1050112
2 793026240 1050112
2 795125440 525312
2 797224640 1050112
2 798799040 1050112
2 800373440 525312
2 802472640 1050112
2 804571840 525312
2 805621440 1050112
2 807195840 1050112
2 809819840 1050112
2 811394240 1050112
2 812968640 525312
2 814543040 525312
2 815592640 525312
2 818216640 525312
2 820840640 525312
2 822415040 1574912
2 824514240 525312
2 826088640 525312
2 827663040 1574912
2 829762240 525312
2 830811840 2099712
2 835010240 1050112
2 836584640 2099712
2 839733440 1050112
2 841307840 525312
2 842357440 2099712
2 844981440 2099712
2 850754240 525312
2 851803840 525312
2 852853440 1050112
2 854427840 525312
2 855477440 525312
2 857576640 525312
2 858626240 525312
2 859675840 2099712
2 862299840 525312
2 863349440 1574912
2 865973440 1050112
2 868072640 2099712
2 871221440 525312
2 872271040 525312
2 873845440 525312
2 874895040 525312
2 875944640 525312
2 876994240 525312
2 878043840 525312
2 879618240 1050112
2 881192640 525312
2 882767040 1050112
2 885391040 525312
2 887490240 1574912
2 891688640 525312
2 892738240 525312
2 894837440 525312
2 895887040 525312
2 896936640 3149312
2 902709440 1050112
2 904283840 525312
2 905333440 1574912
2 907432640 525312
2 908482240 525312
2 909531840 2624512
2 914779840 525312
2 916354240 525312
2 917403840 525312
2 918978240 525312
2 920552640 525312
2 921602240 1574912
2 925275840 1574912
2 927375040 1050112
2 928949440 525312
2 929999040 525312
2 931048640 1574912
2 933672640 1050112
2 936296640 1050112
2 938395840 1574912
2 941019840 525312
2 942594240 1574912
2 944693440 525312
2 947842240 525312
2 948891840 1050112
2 950466240 1574912
2 952565440 525312
2 953615040 1574912
2 955714240 1574912
2 957813440 525312
2 959387840 1574912
2 963061440 1050112
2 966210240 525312
2 967259840 2099712
2 973557440 525312
2 975656640 3149312
2 979855040 525312
2 980904640 1574912
2 984578240 1050112
2 988776640 1574912
2 990875840 525312
2 992450240 525312
2 993499840 1574912
2 996123840 1574912
2 998223040 525312
2 999797440 1050112
2 1001371840 3674112
2 1005570240 1050112
2 1007669440 1050112
2 1009243840 1050112
2 1010818240 6298112
2 48320 922112
2 4656320 2765312
2 10185920 922112
2 12029120 2765312
2 17558720 922112
2 19401920 922112
2 23088320 1843712
2 26774720 922112
2 30461120 3686912
2 35069120 922112
2 39677120 922112
2 42441920 5530112
2 48893120 922112
2 50736320 1843712
2 54422720 1843712
2 57187520 1843712
2 60873920 1843712
2 63638720 1843712
2 66403520 1843712
2 70089920 922112
2 71933120 1843712
2 74697920 1843712
2 77462720 1843712
2 81149120 922112
2 84835520 1843712
2 87600320 1843712
2 90365120 922112
2 94051520 1843712
2 97737920 922112
2 99581120 1843712
2 102345920 1843712
2 106953920 1843712
2 109718720 1843712
2 112483520 922112
2 115248320 922112
2 117091520 922112
2 121699520 922112
2 126307520 922112
2 129072320 2765312
2 132758720 922112
2 135523520 922112
2 138288320 2765312
2 141974720 922112
2 143817920 3686912
2 151190720 1843712
2 153955520 3686912
2 159485120 1843712
2 162249920 922112
2 164093120 3686912
2 168701120 3686912
2 178838720 922112
2 180681920 922112
2 182525120 1843712
2 185289920 922112
2 187133120 922112
2 190819520 922112
2 192662720 922112
2 194505920 3686912
2 199113920 922112
2 200957120 2765312
2 205565120 1843712
2 209251520 3686912
2 214781120 922112
2 216624320 922112
2 219389120 922112
2 221232320 922112
2 223075520 922112
2 224918720 922112
2 226761920 922112
2 229526720 1843712
2 232291520 922112
2 235056320 1843712
2 239664320 922112
2 243350720 2765312
2 250723520 922112
2 252566720 922112
2 256253120 922112
2 258096320 922112
2 259939520 5530112
2 270077120 1843712
2 272841920 922112
2 274685120 2765312
2 278371520 922112
2 280214720 922112
2 282057920 4608512
2 291273920 922112
2 294038720 922112
2 295881920 922112
2 298646720 922112
2 301411520 922112
2 303254720 2765312
2 309705920 2765312
2 313392320 1843712
2 316157120 922112
2 318000320 922112
2 319843520 2765312
2 324451520 1843712
2 329059520 1843712
2 332745920 2765312
2 337353920 922112
2 340118720 2765312
2 343805120 922112
2 349334720 922112
2 351177920 1843712
2 353942720 2765312
2 357629120 922112
2 359472320 2765312
2 363158720 2765312
2 366845120 922112
2 369609920 2765312
2 376061120 1843712
2 381590720 922112
2 383433920 3686912
2 394493120 922112
2 398179520 5530112
2 405552320 922112
2 407395520 2765312
2 413846720 1843712
2 421219520 2765312
2 424905920 922112
2 427670720 922112
2 429513920 2765312
2 434121920 2765312
2 437808320 922112
2 440573120 1843712
2 443337920 6451712
2 450710720 1843712
2 454397120 1843712
2 457161920 1843712
2 459926720 11059712
2 1562355264 525312
2 1564454464 1574912
2 1566553664 1050112
2 1568128064 525312
2 1570227264 525312
2 1571276864 2624512
2 1574425664 1050112
2 1576000064 525312
2 1577574464 1050112
2 1579148864 1050112
2 1580723264 1574912
2 1582822464 525312
2 1583872064 525312
2 1584921664 1574912
2 1587020864 525312
2 1588070464 1050112
2 1589644864 525312
2 1590694464 1574912
2 1592793664 1050112
2 1594368064 1574912
2 1596467264 1574912
2 1600140864 525312
2 1601715264 525312
2 1604339264 1050112
2 1605913664 525312
2 1608012864 2624512
2 1611161664 525312
2 1612211264 525312
2 1613785664 525312
2 1614835264 2099712
2 1617459264 525312
2 1619558464 1050112
2 1621657664 525312
2 1622707264 525312
2 1623756864 525312
2 1625856064 1574912
2 1628480064 525312
2 1630054464 525312
2 1632678464 525312
2 1634252864 525312
2 1635302464 2099712
2 1637926464 525312
2 1638976064 525312
2 1640025664 525312
2 1641075264 2099712
2 1644224064 525312
2 1645798464 2099712
2 1648422464 1050112
2 1651046464 525312
2 1652620864 1574912
2 1654720064 525312
2 1658393664 525312
2 1661017664 1050112
2 1663116864 525312
2 1665740864 525312
2 1668889664 1050112
2 1670464064 525312
2 1672038464 525312
2 1675712064 525312
2 1677811264 1574912
2 1680435264 525312
2 1681484864 1050112
2 1683059264 525312
2 1686732864 525312
2 1687782464 525312
2 1688832064 525312
2 1690406464 2099712
2 1693030464 525312
2 1694080064 1574912
2 1696179264 2099712
2 1699852864 525312
2 1700902464 525312
2 1703001664 525312
2 1704051264 525312
2 1705100864 525312
2 1709299264 1050112
2 1711398464 1050112
2 1712972864 1050112
2 1714547264 1050112
2 1722419264 2099712
2 1725568064 1574912
2 1727667264 1574912
2 1732915264 5248512
2 1739212864 1050112
2 1740787264 1050112
2 1743936064 525312
2 1744985664 525312
2 1748659264 1050112
2 1751283264 1050112
2 1752857664 2099712
2 1756531264 4198912
2 1761779264 525312
2 1762828864 1574912
2 1765452864 525312
2 1767027264 525312
2 1769651264 525312
2 1770700864 1050112
2 1772275264 525312
2 1773324864 525312
2 1775424064 1574912
2 1777523264 1574912
2 1782771264 525312
2 1784345664 3149312
2 1788019264 1050112
2 1789593664 525312
2 1790643264 1574912
2 1792742464 525312
2 1794841664 1050112
2 1799040064 1574912
2 1801139264 525312
2 1802713664 1050112
2 1804812864 1050112
2 1807436864 1050112
2 1809536064 525312
2 1811110464 525312
2 1812684864 1574912
2 1814784064 1050112
2 1817408064 525312
2 1818457664 1574912
2 1821606464 1050112
2 1823180864 525312
2 1825280064 3674112
2 1829478464 525312
2 1837649984 525312
2 1839749184 1574912
2 1841848384 1050112
2 1843422784 525312
2 1845521984 525312
2 1846571584 2624512
2 1849720384 1050112
2 1851294784 525312
2 1852869184 1050112
2 1854443584 1050112
2 1856017984 1574912
2 1858117184 525312
2 1859166784 525312
2 1860216384 1574912
2 1862315584 525312
2 1863365184 1050112
2 1864939584 525312
2 1865989184 1574912
2 1868088384 1050112
2 1869662784 1574912
2 1871761984 1574912
2 1875435584 525312
2 1877009984 525312
2 1879633984 1050112
2 1881208384 525312
2 1883307584 2624512
2 1886456384 525312
2 1887505984 525312
2 1889080384 525312
2 1890129984 2099712
2 1892753984 525312
2 1894853184 1050112
2 1896952384 525312
2 1898001984 525312
2 1899051584 525312
2 1901150784 1574912
2 1903774784 525312
2 1905349184 525312
2 1907973184 525312
2 1909547584 525312
2 1910597184 2099712
2 1913221184 525312
2 1914270784 525312
2 1915320384 525312
2 1916369984 2099712
2 1919518784 525312
2 1921093184 2099712
2 1923717184 1050112
2 1926341184 525312
2 1927915584 1574912
2 1930014784 525312
2 1933688384 525312
2 1936312384 1050112
2 1938411584 525312
2 1941035584 525312
2 1944184384 1050112
2 1945758784 525312
2 1947333184 525312
2 1951006784 525312
2 1953105984 1574912
2 1955729984 525312
2 1956779584 1050112
2 1958353984 525312
2 1962027584 525312
2 1963077184 525312
2 1964126784 525312
2 1965701184 2099712
2 1968325184 525312
2 1969374784 1574912
2 1971473984 2099712
2 1975147584 525312
2 1976197184 525312
2 1978296384 525312
2 1979345984 525312
2 1980395584 525312
2 1984593984 1050112
2 1986693184 1050112
2 1988267584 1050112
2 1989841984 1050112
2 1997713984 2099712
2 2000862784 1574912
2 2002961984 1574912
2 2008209984 5248512
2 2014507584 1050112
2 2016081984 1050112
2 2019230784 525312
2 2020280384 525312
2 2023953984 1050112
2 2026577984 1050112
2 2028152384 2099712
2 2031825984 4198912
2 2037073984 525312
2 2038123584 1574912
2 2040747584 525312
2 2042321984 525312
2 2044945984 525312
2 2045995584 1050112
2 2047569984 525312
2 2048619584 525312
2 2050718784 1574912
2 2052817984 1574912
2 2058065984 525312
2 2059640384 3149312
2 2063313984 1050112
2 2064888384 525312
2 2065937984 1574912
2 2068037184 525312
2 2070136384 1050112
2 2074334784 1574912
2 2076433984 525312
2 2078008384 1050112
2 2080107584 1050112
2 2082731584 1050112
2 2084830784 525312
2 2086405184 525312
2 2087979584 1574912
2 2090078784 1050112
2 2092702784 525312
2 2093752384 1574912
2 2096901184 1050112
2 2098475584 525312
2 2100574784 3674112
2 2104773184 525312
2 1089152064 922112
2 1092838464 2765312
2 1096524864 1843712
2 1099289664 922112
2 1102976064 922112
2 1104819264 4608512
2 1110348864 1843712
2 1113113664 922112
2 1115878464 1843712
2 1118643264 1843712
2 1121408064 2765312
2 1125094464 922112
2 1126937664 922112
2 1128780864 2765312
2 1132467264 922112
2 1134310464 1843712
2 1137075264 922112
2 1138918464 2765312
2 1142604864 1843712
2 1145369664 2765312
2 1149056064 2765312
2 1155507264 922112
2 1158272064 922112
2 1162880064 1843712
2 1165644864 922112
2 1169331264 4608512
2 1174860864 922112
2 1176704064 922112
2 1179468864 922112
2 1181312064 3686912
2 1185920064 922112
2 1189606464 1843712
2 1193292864 922112
2 1195136064 922112
2 1196979264 922112
2 1200665664 2765312
2 1205273664 922112
2 1208038464 922112
2 1212646464 922112
2 1215411264 922112
2 1217254464 3686912
2 1221862464 922112
2 1223705664 922112
2 1225548864 922112
2 1227392064 3686912
2 1232921664 922112
2 1235686464 3686912
2 1240294464 1843712
2 1244902464 922112
2 1247667264 2765312
2 1251353664 922112
2 1257804864 922112
2 1262412864 1843712
2 1266099264 922112
2 1270707264 922112
2 1276236864 1843712
2 1279001664 922112
2 1281766464 922112
2 1288217664 922112
2 1291904064 2765312
2 1296512064 922112
2 1298355264 1843712
2 1301120064 922112
2 1307571264 922112
2 1309414464 922112
2 1311257664 922112
2 1314022464 3686912
2 1318630464 922112
2 1320473664 2765312
2 1324160064 3686912
2 1330611264 922112
2 1332454464 922112
2 1336140864 922112
2 1337984064 922112
2 1339827264 922112
2 1347200064 1843712
2 1350886464 1843712
2 1353651264 1843712
2 1356416064 1843712
2 1370240064 3686912
2 1375769664 2765312
2 1379456064 2765312
2 1388672064 9216512
2 1399731264 1843712
2 1402496064 1843712
2 1408025664 922112
2 1409868864 922112
2 1416320064 1843712
2 1420928064 1843712
2 1423692864 3686912
2 1430144064 7373312
2 1439360064 922112
2 1441203264 2765312
2 1445811264 922112
2 1448576064 922112
2 1453184064 922112
2 1455027264 1843712
2 1457792064 922112
2 1459635264 922112
2 1463321664 2765312
2 1467008064 2765312
2 1476224064 922112
2 1478988864 5530112
2 1485440064 1843712
2 1488204864 922112
2 1490048064 2765312
2 1493734464 922112
2 1497420864 1843712
2 1504793664 2765312
2 1508480064 922112
2 1511244864 1843712
2 1514931264 1843712
2 1519539264 1843712
2 1523225664 922112
2 1525990464 922112
2 1528755264 2765312
2 1532441664 1843712
2 1537049664 922112
2 1538892864 2765312
2 1544422464 1843712
2 1547187264 922112
2 1550873664 6451712
2 1558246464 922112
2 2633836608 525312
2 2635411008 3674112
2 2639609408 3149312
2 2643283008 525312
2 2644332608 525312
2 2645382208 525312
2 2646956608 2099712
2 2650630208 525312
2 2652204608 2099712
2 2654828608 525312
2 2656403008 525312
2 2657452608 525312
2 2658502208 525312
2 2660601408 525312
2 2661651008 2099712
2 2664799808 1050112
2 2667423808 525312
2 2668998208 1050112
2 2672147008 1050112
2 2673721408 525312
2 2675295808 1050112
2 2677395008 1050112
2 2679494208 5773312
2 2687366208 1050112
2 2689990208 1050112
2 2691564608 525312
2 2694188608 1050112
2 2696812608 2099712
2 2699961408 3149312
2 2704159808 2624512
2 2707308608 1050112
2 2709932608 1050112
2 2712031808 525312
2 2713606208 525312
2 2715180608 525312
2 2716755008 525312
2 2717804608 525312
2 2718854208 525312
2 2721478208 1050112
2 2723052608 1574912
2 2725151808 3149312
2 2731974208 2624512
2 2735647808 525312
2 2736697408 525312
2 2738796608 525312
2 2739846208 525312
2 2740895808 3149312
2 2744569408 3149312
2 2748243008 525312
2 2750867008 1050112
2 2752441408 1050112
2 2754015808 525312
2 2756639808 1050112
2 2758214208 525312
2 2760838208 525312
2 2762412608 1574912
2 2764511808 1050112
2 2766086208 525312
2 2768185408 525312
2 2769235008 525312
2 2771859008 1050112
2 2773958208 525312
2 2775007808 1050112
2 2778681408 525312
2 2782355008 525312
2 2783929408 2099712
2 2786553408 525312
2 2787603008 2099712
2 2790751808 525312
2 2791801408 525312
2 2794425408 525312
2 2795475008 525312
2 2797574208 1050112
2 2799148608 1574912
2 2801247808 525312
2 2803347008 525312
2 2804396608 1050112
2 2806495808 1050112
2 2808595008 525312
2 2810694208 525312
2 2811743808 525312
2 2812793408 3674112
2 2816991808 525312
2 2818041408 525312
2 2820665408 1050112
2 2822764608 1050112
2 2826438208 1050112
2 2828012608 1050112
2 2832735808 525312
2 2833785408 3149312
2 2837459008 1050112
2 2839558208 2099712
2 2843231808 525312
2 2844281408 525312
2 2845331008 1050112
2 2846905408 1574912
2 2849004608 1050112
2 2850579008 525312
2 2851628608 1050112
2 2854252608 1050112
2 2856351808 525312
2 2857926208 1050112
2 2860550208 2099712
2 2863174208 1574912
2 2865798208 1574912
2 2869471808 1574912
2 2872095808 1050112
2 2873670208 1050112
2 2876294208 1574912
2 2878393408 2099712
2 2881017408 1050112
2 2883116608 1050112
2 2884691008 525312
2 2886265408 525312
2 2887315008 1050112
2 2888889408 525312
2 2889939008 525312
2 2891513408 1050112
2 2893612608 1050112
2 2896761408 1050112
2 2898335808 2099712
2 2900959808 524800
2 2909131328 525312
2 2910705728 3674112
2 2914904128 3149312
2 2918577728 525312
2 2919627328 525312
2 2920676928 525312
2 2922251328 2099712
2 2925924928 525312
2 2927499328 2099712
2 2930123328 525312
2 2931697728 525312
2 2932747328 525312
2 2933796928 525312
2 2935896128 525312
2 2936945728 2099712
2 2940094528 1050112
2 2942718528 525312
2 2944292928 1050112
2 2947441728 1050112
2 2949016128 525312
2 2950590528 1050112
2 2952689728 1050112
2 2954788928 5773312
2 2962660928 1050112
2 2965284928 1050112
2 2966859328 525312
2 2969483328 1050112
2 2972107328 2099712
2 2975256128 3149312
2 2979454528 2624512
2 2982603328 1050112
2 2985227328 1050112
2 2987326528 525312
2 2988900928 525312
2 2990475328 525312
2 2992049728 525312
2 2993099328 525312
2 2994148928 525312
2 2996772928 1050112
2 2998347328 1574912
2 3000446528 3149312
2 3007268928 2624512
2 3010942528 525312
2 3011992128 525312
2 3014091328 525312
2 3015140928 525312
2 3016190528 3149312
2 3019864128 3149312
2 3023537728 525312
2 3026161728 1050112
2 3027736128 1050112
2 3029310528 525312
2 3031934528 1050112
2 3033508928 525312
2 3036132928 525312
2 3037707328 1574912
2 3039806528 1050112
2 3041380928 525312
2 3043480128 525312
2 3044529728 525312
2 3047153728 1050112
2 3049252928 525312
2 3050302528 1050112
2 3053976128 525312
2 3057649728 525312
2 3059224128 2099712
2 3061848128 525312
2 3062897728 2099712
2 3066046528 525312
2 3067096128 525312
2 3069720128 525312
2 3070769728 525312
2 3072868928 1050112
2 3074443328 1574912
2 3076542528 525312
2 3078641728 525312
2 3079691328 1050112
2 3081790528 1050112
2 3083889728 525312
2 3085988928 525312
2 3087038528 525312
2 3088088128 3674112
2 3092286528 525312
2 3093336128 525312
2 3095960128 1050112
2 3098059328 1050112
2 3101732928 1050112
2 3103307328 1050112
2 3108030528 525312
2 3109080128 3149312
2 3112753728 1050112
2 3114852928 2099712
2 3118526528 525312
2 3119576128 525312
2 3120625728 1050112
2 3122200128 1574912
2 3124299328 1050112
2 3125873728 525312
2 3126923328 1050112
2 3129547328 1050112
2 3131646528 525312
2 3133220928 1050112
2 3135844928 2099712
2 3138468928 1574912
2 3141092928 1574912
2 3144766528 1574912
2 3147390528 1050112
2 3148964928 1050112
2 3151588928 1574912
2 3153688128 2099712
2 3156312128 1050112
2 3158411328 1050112
2 3159985728 525312
2 3161560128 525312
2 3162609728 1050112
2 3164184128 525312
2 3165233728 525312
2 3166808128 1050112
2 3168907328 1050112
2 3172056128 1050112
2 3173630528 2099712
2 3176254528 524800
2 2161030208 922112
2 2163795008 6451712
2 2171167808 5530112
2 2177619008 922112
2 2179462208 922112
2 2181305408 922112
2 2184070208 3686912
2 2190521408 922112
2 2193286208 3686912
2 2197894208 922112
2 2200659008 922112
2 2202502208 922112
2 2204345408 922112
2 2208031808 922112
2 2209875008 3686912
2 2215404608 1843712
2 2220012608 922112
2 2222777408 1843712
2 2228307008 1843712
2 2231071808 922112
2 2233836608 1843712
2 2237523008 1843712
2 2241209408 10138112
2 2255033408 1843712
2 2259641408 1843712
2 2262406208 922112
2 2267014208 1843712
2 2271622208 3686912
2 2277151808 5530112
2 2284524608 4608512
2 2290054208 1843712
2 2294662208 1843712
2 2298348608 922112
2 2301113408 922112
2 2303878208 922112
2 2306643008 922112
2 2308486208 922112
2 2310329408 922112
2 2314937408 1843712
2 2317702208 2765312
2 2321388608 5530112
2 2333369408 4608512
2 2339820608 922112
2 2341663808 922112
2 2345350208 922112
2 2347193408 922112
2 2349036608 5530112
2 2355487808 5530112
2 2361939008 922112
2 2366547008 1843712
2 2369311808 1843712
2 2372076608 922112
2 2376684608 1843712
2 2379449408 922112
2 2384057408 922112
2 2386822208 2765312
2 2390508608 1843712
2 2393273408 922112
2 2396959808 922112
2 2398803008 922112
2 2403411008 1843712
2 2407097408 922112
2 2408940608 1843712
2 2415391808 922112
2 2421843008 922112
2 2424607808 3686912
2 2429215808 922112
2 2431059008 3686912
2 2436588608 922112
2 2438431808 922112
2 2443039808 922112
2 2444883008 922112
2 2448569408 1843712
2 2451334208 2765312
2 2455020608 922112
2 2458707008 922112
2 2460550208 1843712
2 2464236608 1843712
2 2467923008 922112
2 2471609408 922112
2 2473452608 922112
2 2475295808 6451712
2 2482668608 922112
2 2484511808 922112
2 2489119808 1843712
2 2492806208 1843712
2 2499257408 1843712
2 2502022208 1843712
2 2510316608 922112
2 2512159808 5530112
2 2518611008 1843712
2 2522297408 3686912
2 2528748608 922112
2 2530591808 922112
2 2532435008 1843712
2 2535199808 2765312
2 2538886208 1843712
2 2541651008 922112
2 2543494208 1843712
2 2548102208 1843712
2 2551788608 922112
2 2554553408 1843712
2 2559161408 3686912
2 2563769408 2765312
2 2568377408 2765312
2 2574828608 2765312
2 2579436608 1843712
2 2582201408 1843712
2 2586809408 2765312
2 2590495808 3686912
2 2595103808 1843712
2 2598790208 1843712
2 2601555008 922112
2 2604319808 922112
2 2606163008 1843712
2 2608927808 922112
2 2610771008 922112
2 2613535808 1843712
2 2617222208 1843712
2 2622751808 1843712
2 2625516608 3686912
2 2630124608 921600
2 3714515904 525312
2 3715565504 1050112
2 3717139904 1050112
2 3719763904 2099712
2 3722912704 2099712
2 3725536704 3149312
2 3729210304 525312
2 3730259904 1574912
2 3732359104 525312
2 3733408704 525312
2 3734983104 1574912
2 3737082304 525312
2 3738131904 1050112
2 3739706304 525312
2 3741280704 1050112
2 3742855104 1574912
2 3744954304 1050112
2 3747053504 525312
2 3748627904 525312
2 3749677504 525312
2 3750727104 525312
2 3751776704 525312
2 3752826304 525312
2 3754400704 1574912
2 3757024704 525312
2 3758074304 525312
2 3759648704 525312
2 3760698304 525312
2 3762272704 1050112
2 3763847104 525312
2 3765421504 1050112
2 3766995904 525312
2 3769095104 525312
2 3770144704 1050112
2 3772768704 525312
2 3773818304 525312
2 3774867904 1050112
2 3776967104 2624512
2 3782215104 2099712
2 3785888704 525312
2 3787987904 525312
2 3790087104 525312
2 3791136704 5248512
2 3797434304 525312
2 3799533504 1574912
2 3801632704 1574912
2 3803731904 525312
2 3806355904 1050112
2 3807930304 525312
2 3808979904 1050112
2 3810554304 525312
2 3812653504 525312
2 3813703104 525312
2 3815277504 1574912
2 3818426304 2099712
2 3822099904 2099712
2 3825248704 1050112
2 3826823104 1574912
2 3829971904 525312
2 3831021504 1050112
2 3833120704 2099712
2 3835744704 525312
2 3836794304 525312
2 3838368704 1050112
2 3839943104 1050112
2 3841517504 1050112
2 3844141504 525312
2 3845715904 525312
2 3846765504 1050112
2 3848339904 525312
2 3851488704 1574912
2 3854112704 525312
2 3855162304 525312
2 3856736704 525312
2 3859885504 525312
2 3860935104 525312
2 3861984704 1050112
2 3864608704 1050112
2 3866707904 1574912
2 3868807104 525312
2 3869856704 2099712
2 3872480704 525312
2 3874579904 1574912
2 3877728704 1050112
2 3879303104 525312
2 3882451904 1050112
2 3884551104 525312
2 3885600704 1050112
2 3887699904 1050112
2 3889274304 525312
2 3890323904 2099712
2 3894522304 525312
2 3895571904 2624512
2 3898720704 1574912
2 3901869504 525312
2 3902919104 1050112
2 3905543104 525312
2 3908691904 525312
2 3912890304 1050112
2 3914464704 525312
2 3916039104 1050112
2 3917613504 1050112
2 3919712704 525312
2 3922336704 525312
2 3923386304 525312
2 3924435904 525312
2 3925485504 525312
2 3928109504 525312
2 3929159104 525312
2 3930733504 1574912
2 3933357504 2099712
2 3937031104 1574912
2 3940179904 525312
2 3941754304 1050112
2 3943328704 525312
2 3944378304 1574912
2 3946477504 525312
2 3949101504 1050112
2 3950675904 2624512
2 3953824704 525312
2 3954874304 1050112
2 3956448704 525312
2 3957498304 2099712
2 3960122304 525312
2 3961171904 1050112
2 3962746304 1050112
2 3964320704 525312
2 3965370304 1050112
2 3966944704 1574912
2 3970093504 525312
2 3973767104 525312
2 3974816704 1050112
2 3977965504 2099712
2 3981639104 525312
2 3982688704 524800
2 3989810624 525312
2 3990860224 1050112
2 3992434624 1050112
2 3995058624 2099712
2 3998207424 2099712
2 4000831424 3149312
2 4004505024 525312
2 4005554624 1574912
2 4007653824 525312
2 4008703424 525312
2 4010277824 1574912
2 4012377024 525312
2 4013426624 1050112
2 4015001024 525312
2 4016575424 1050112
2 4018149824 1574912
2 4020249024 1050112
2 4022348224 525312
2 4023922624 525312
2 4024972224 525312
2 4026021824 525312
2 4027071424 525312
2 4028121024 525312
2 4029695424 1574912
2 4032319424 525312
2 4033369024 525312
2 4034943424 525312
2 4035993024 525312
2 4037567424 1050112
2 4039141824 525312
2 4040716224 1050112
2 4042290624 525312
2 4044389824 525312
2 4045439424 1050112
2 4048063424 525312
2 4049113024 525312
2 4050162624 1050112
2 4052261824 2624512
2 4057509824 2099712
2 4061183424 525312
2 4063282624 525312
2 4065381824 525312
2 4066431424 5248512
2 4072729024 525312
2 4074828224 1574912
2 4076927424 1574912
2 4079026624 525312
2 4081650624 1050112
2 4083225024 525312
2 4084274624 1050112
2 4085849024 525312
2 4087948224 525312
2 4088997824 525312
2 4090572224 1574912
2 4093721024 2099712
2 4097394624 2099712
2 4100543424 1050112
2 4102117824 1574912
2 4105266624 525312
2 4106316224 1050112
2 4108415424 2099712
2 4111039424 525312
2 4112089024 525312
2 4113663424 1050112
2 4115237824 1050112
2 4116812224 1050112
2 4119436224 525312
2 4121010624 525312
2 4122060224 1050112
2 4123634624 525312
2 4126783424 1574912
2 4129407424 525312
2 4130457024 525312
2 4132031424 525312
2 4135180224 525312
2 4136229824 525312
2 4137279424 1050112
2 4139903424 1050112
2 4142002624 1574912
2 4144101824 525312
2 4145151424 2099712
2 4147775424 525312
2 4149874624 1574912
2 4153023424 1050112
2 4154597824 525312
2 4157746624 1050112
2 4159845824 525312
2 4160895424 1050112
2 4162994624 1050112
2 4164569024 525312
2 4165618624 2099712
2 4169817024 525312
2 4170866624 2624512
2 4174015424 1574912
2 4177164224 525312
2 4178213824 1050112
2 4180837824 525312
2 4183986624 525312
2 4188185024 1050112
2 4189759424 525312
2 4191333824 1050112
2 4192908224 1050112
2 4195007424 525312
2 4197631424 525312
2 4198681024 525312
2 4199730624 525312
2 4200780224 525312
2 4203404224 525312
2 4204453824 525312
2 4206028224 1574912
2 4208652224 2099712
2 4212325824 1574912
2 4215474624 525312
2 4217049024 1050112
2 4218623424 525312
2 4219673024 1574912
2 4221772224 525312
2 4224396224 1050112
2 4225970624 2624512
2 4229119424 525312
2 4230169024 1050112
2 4231743424 525312
2 4232793024 2099712
2 4235417024 525312
2 4236466624 1050112
2 4238041024 1050112
2 4239615424 525312
2 4240665024 1050112
2 4242239424 1574912
2 4245388224 525312
2 4249061824 525312
2 4250111424 1050112
2 4253260224 2099712
2 4256933824 525312
2 4257983424 524800
2 3240915904 922112
2 3242759104 1843712
2 3245523904 1843712
2 3250131904 3686912
2 3255661504 3686912
2 3260269504 5530112
2 3266720704 922112
2 3268563904 2765312
2 3272250304 922112
2 3274093504 922112
2 3276858304 2765312
2 3280544704 922112
2 3282387904 1843712
2 3285152704 922112
2 3287917504 1843712
2 3290682304 2765312
2 3294368704 1843712
2 3298055104 922112
2 3300819904 922112
2 3302663104 922112
2 3304506304 922112
2 3306349504 922112
2 3308192704 922112
2 3310957504 2765312
2 3315565504 922112
2 3317408704 922112
2 3320173504 922112
2 3322016704 922112
2 3324781504 1843712
2 3327546304 922112
2 3330311104 1843712
2 3333075904 922112
2 3336762304 922112
2 3338605504 1843712
2 3343213504 922112
2 3345056704 922112
2 3346899904 1843712
2 3350586304 4608512
2 3359802304 3686912
2 3366253504 922112
2 3369939904 922112
2 3373626304 922112
2 3375469504 9216512
2 3386528704 922112
2 3390215104 2765312
2 3393901504 2765312
2 3397587904 922112
2 3402195904 1843712
2 3404960704 922112
2 3406803904 1843712
2 3409568704 922112
2 3413255104 922112
2 3415098304 922112
2 3417863104 2765312
2 3423392704 3686912
2 3429843904 3686912
2 3435373504 1843712
2 3438138304 2765312
2 3443667904 922112
2 3445511104 1843712
2 3449197504 3686912
2 3453805504 922112
2 3455648704 922112
2 3458413504 1843712
2 3461178304 1843712
2 3463943104 1843712
2 3468551104 922112
2 3471315904 922112
2 3473159104 1843712
2 3475923904 922112
2 3481453504 2765312
2 3486061504 922112
2 3487904704 922112
2 3490669504 922112
2 3496199104 922112
2 3498042304 922112
2 3499885504 1843712
2 3504493504 1843712
2 3508179904 2765312
2 3511866304 922112
2 3513709504 3686912
2 3518317504 922112
2 3522003904 2765312
2 3527533504 1843712
2 3530298304 922112
2 3535827904 1843712
2 3539514304 922112
2 3541357504 1843712
2 3545043904 1843712
2 3547808704 922112
2 3549651904 3686912
2 3557024704 922112
2 3558867904 4608512
2 3564397504 2765312
2 3569927104 922112
2 3571770304 1843712
2 3576378304 922112
2 3581907904 922112
2 3589280704 1843712
2 3592045504 922112
2 3594810304 1843712
2 3597575104 1843712
2 3601261504 922112
2 3605869504 922112
2 3607712704 922112
2 3609555904 922112
2 3611399104 922112
2 3616007104 922112
2 3617850304 922112
2 3620615104 2765312
2 3625223104 3686912
2 3631674304 2765312
2 3637203904 922112
2 3639968704 1843712
2 3642733504 922112
2 3644576704 2765312
2 3648263104 922112
2 3652871104 1843712
2 3655635904 4608512
2 3661165504 922112
2 3663008704 1843712
2 3665773504 922112
2 3667616704 3686912
2 3672224704 922112
2 3674067904 1843712
2 3676832704 1843712
2 3679597504 922112
2 3681440704 1843712
2 3684205504 2765312
2 3689735104 922112
2 3696186304 922112
2 3698029504 1843712
2 3703559104 3686912
2 3710010304 922112
2 3711853504 921600
2 4797819200 525312
2 4800443200 525312
2 4801492800 525312
2 4803067200 2624512
2 4806216000 1574912
2 4808315200 525312
2 4810939200 525312
2 4813038400 1050112
2 4814612800 525312
2 4816712000 2624512
2 4819860800 2099712
2 4822484800 1574912
2 4824584000 525312
2 4825633600 2099712
2 4828257600 525312
2 4830356800 1050112
2 4832456000 525312
2 4834030400 525312
2 4835080000 525312
2 4836654400 1050112
2 4841377600 1050112
2 4844526400 525312
2 4846100800 1574912
2 4849774400 525312
2 4852398400 525312
2 4853972800 1574912
2 4856596800 525312
2 4858696000 525312
2 4859745600 1574912
2 4861844800 1050112
2 4863419200 525312
2 4866043200 525312
2 4867092800 1574912
2 4870241600 1050112
2 4872340800 1050112
2 4873915200 1574912
2 4877064000 525312
2 4879688000 1050112
2 4881262400 2624512
2 4884411200 525312
2 4885985600 1574912
2 4888084800 525312
2 4889134400 1574912
2 4891233600 525312
2 4893857600 1574912
2 4897006400 1050112
2 4899105600 1050112
2 4900680000 525312
2 4901729600 525312
2 4903828800 525312
2 4905403200 525312
2 4909076800 1050112
2 4910651200 525312
2 4912225600 1050112
2 4913800000 1050112
2 4916948800 1574912
2 4920097600 1050112
2 4921672000 525312
2 4923246400 1050112
2 4929019200 525312
2 4930068800 525312
2 4931643200 525312
2 4933217600 525312
2 4934792000 1050112
2 4936366400 525312
2 4937416000 1050112
2 4939515200 525312
2 4941089600 525312
2 4942664000 525312
2 4943713600 525312
2 4944763200 525312
2 4946862400 525312
2 4948436800 525312
2 4949486400 525312
2 4951060800 525312
2 4952110400 525312
2 4953160000 6822912
2 4960507200 525312
2 4962081600 525312
2 4963131200 525312
2 4964180800 1050112
2 4966280000 1050112
2 4968379200 525312
2 4970478400 2624512
2 4974152000 525312
2 4976251200 525312
2 4977300800 525312
2 4978350400 525312
2 4979400000 1574912
2 4982024000 2624512
2 4988321600 525312
2 4989371200 1050112
2 4990945600 5773312
2 4997768000 2099712
2 5000392000 1050112
2 5003016000 525312
2 5004065600 525312
2 5005640000 5773312
2 5012987200 2624512
2 5016136000 525312
2 5017185600 3149312
2 5020859200 4198912
2 5025582400 525312
2 5027156800 2624512
2 5030305600 525312
2 5031355200 3149312
2 5035553600 525312
2 5037652800 1050112
2 5039227200 1574912
2 5041326400 3149312
2 5047624000 1050112
2 5050248000 525312
2 5051822400 525312
2 5052872000 525312
2 5055496000 3674112
2 5059694400 2099712
2 5062318400 525312
2 5063368000 525312
2 5064417600 524800
2 5073113920 525312
2 5075737920 525312
2 5076787520 525312
2 5078361920 2624512
2 5081510720 1574912
2 5083609920 525312
2 5086233920 525312
2 5088333120 1050112
2 5089907520 525312
2 5092006720 2624512
2 5095155520 2099712
2 5097779520 1574912
2 5099878720 525312
2 5100928320 2099712
2 5103552320 525312
2 5105651520 1050112
2 5107750720 525312
2 5109325120 525312
2 5110374720 525312
2 5111949120 1050112
2 5116672320 1050112
2 5119821120 525312
2 5121395520 1574912
2 5125069120 525312
2 5127693120 525312
2 5129267520 1574912
2 5131891520 525312
2 5133990720 525312
2 5135040320 1574912
2 5137139520 1050112
2 5138713920 525312
2 5141337920 525312
2 5142387520 1574912
2 5145536320 1050112
2 5147635520 1050112
2 5149209920 1574912
2 5152358720 525312
2 5154982720 1050112
2 5156557120 2624512
2 5159705920 525312
2 5161280320 1574912
2 5163379520 525312
2 5164429120 1574912
2 5166528320 525312
2 5169152320 1574912
2 5172301120 1050112
2 5174400320 1050112
2 5175974720 525312
2 5177024320 525312
2 5179123520 525312
2 5180697920 525312
2 5184371520 1050112
2 5185945920 525312
2 5187520320 1050112
2 5189094720 1050112
2 5192243520 1574912
2 5195392320 1050112
2 5196966720 525312
2 5198541120 1050112
2 5204313920 525312
2 5205363520 525312
2 5206937920 525312
2 5208512320 525312
2 5210086720 1050112
2 5211661120 525312
2 5212710720 1050112
2 5214809920 525312
2 5216384320 525312
2 5217958720 525312
2 5219008320 525312
2 5220057920 525312
2 5222157120 525312
2 5223731520 525312
2 5224781120 525312
2 5226355520 525312
2 5227405120 525312
2 5228454720 6822912
2 5235801920 525312
2 5237376320 525312
2 5238425920 525312
2 5239475520 1050112
2 5241574720 1050112
2 5243673920 525312
2 5245773120 2624512
2 5249446720 525312
2 5251545920 525312
2 5252595520 525312
2 5253645120 525312
2 5254694720 1574912
2 5257318720 2624512
2 5263616320 525312
2 5264665920 1050112
2 5266240320 5773312
2 5273062720 2099712
2 5275686720 1050112
2 5278310720 525312
2 5279360320 525312
2 5280934720 5773312
2 5288281920 2624512
2 5291430720 525312
2 5292480320 3149312
2 5296153920 4198912
2 5300877120 525312
2 5302451520 2624512
2 5305600320 525312
2 5306649920 3149312
2 5310848320 525312
2 5312947520 1050112
2 5314521920 1574912
2 5316621120 3149312
2 5322918720 1050112
2 5325542720 525312
2 5327117120 525312
2 5328166720 525312
2 5330790720 3674112
2 5334989120 2099712
2 5337613120 525312
2 5338662720 525312
2 5339712320 524800
2 4325409600 922112
2 4330017600 922112
2 4331860800 922112
2 4334625600 4608512
2 4340155200 2765312
2 4343841600 922112
2 4348449600 922112
2 4352136000 1843712
2 4354900800 922112
2 4358587200 4608512
2 4364116800 3686912
2 4368724800 2765312
2 4372411200 922112
2 4374254400 3686912
2 4378862400 922112
2 4382548800 1843712
2 4386235200 922112
2 4389000000 922112
2 4390843200 922112
2 4393608000 1843712
2 4401902400 1843712
2 4407432000 922112
2 4410196800 2765312
2 4416648000 922112
2 4421256000 922112
2 4424020800 2765312
2 4428628800 922112
2 4432315200 922112
2 4434158400 2765312
2 4437844800 1843712
2 4440609600 922112
2 4445217600 922112
2 4447060800 2765312
2 4452590400 1843712
2 4456276800 1843712
2 4459041600 2765312
2 4464571200 922112
2 4469179200 1843712
2 4471944000 4608512
2 4477473600 922112
2 4480238400 2765312
2 4483924800 922112
2 4485768000 2765312
2 4489454400 922112
2 4494062400 2765312
2 4499592000 1843712
2 4503278400 1843712
2 4506043200 922112
2 4507886400 922112
2 4511572800 922112
2 4514337600 922112
2 4520788800 1843712
2 4523553600 922112
2 4526318400 1843712
2 4529083200 1843712
2 4534612800 2765312
2 4540142400 1843712
2 4542907200 922112
2 4545672000 1843712
2 4555809600 922112
2 4557652800 922112
2 4560417600 922112
2 4563182400 922112
2 4565947200 1843712
2 4568712000 922112
2 4570555200 1843712
2 4574241600 922112
2 4577006400 922112
2 4579771200 922112
2 4581614400 922112
2 4583457600 922112
2 4587144000 922112
2 4589908800 922112
2 4591752000 922112
2 4594516800 922112
2 4596360000 922112
2 4598203200 11981312
2 4611105600 922112
2 4613870400 922112
2 4615713600 922112
2 4617556800 1843712
2 4621243200 1843712
2 4624929600 922112
2 4628616000 4608512
2 4635067200 922112
2 4638753600 922112
2 4640596800 922112
2 4642440000 922112
2 4644283200 2765312
2 4648891200 4608512
2 4659950400 922112
2 4661793600 1843712
2 4664558400 10138112
2 4676539200 3686912
2 4681147200 1843712
2 4685755200 922112
2 4687598400 922112
2 4690363200 10138112
2 4703265600 4608512
2 4708795200 922112
2 4710638400 5530112
2 4717089600 7373312
2 4725384000 922112
2 4728148800 4608512
2 4733678400 922112
2 4735521600 5530112
2 4742894400 922112
2 4746580800 1843712
2 4749345600 2765312
2 4753032000 5530112
2 4764091200 1843712
2 4768699200 922112
2 4771464000 922112
2 4773307200 922112
2 4777915200 6451712
2 4785288000 3686912
2 4789896000 922112
2 4791739200 922112
2 4793582400 921600
2 5884426944 1050112
2 5886526144 525312
2 5887575744 525312
2 5890724544 525312
2 5891774144 1574912
2 5895447744 525312
2 5896497344 1574912
2 5898596544 525312
2 5899646144 2624512
2 5902794944 1050112
2 5904369344 525312
2 5906468544 525312
2 5908042944 2099712
2 5911191744 1050112
2 5914340544 1574912
2 5917489344 525312
2 5919063744 525312
2 5920113344 1050112
2 5921687744 525312
2 5922737344 1050112
2 5924311744 1574912
2 5926410944 2624512
2 5930084544 525312
2 5931134144 525312
2 5932183744 1574912
2 5934282944 1574912
2 5936906944 525312
2 5937956544 1050112
2 5940055744 1050112
2 5941630144 525312
2 5943204544 525312
2 5944254144 1050112
2 5945828544 2099712
2 5948452544 1050112
2 5951601344 525312
2 5953700544 525312
2 5954750144 525312
2 5955799744 1050112
2 5957374144 525312
2 5958948544 1050112
2 5961047744 2099712
2 5964196544 1050112
2 5965770944 1050112
2 5967345344 525312
2 5969444544 525312
2 5970494144 525312
2 5972068544 525312
2 5974167744 1050112
2 5975742144 525312
2 5976791744 525312
2 5977841344 2099712
2 5980465344 525312
2 5981514944 1050112
2 5983089344 2099712
2 5985713344 1574912
2 5988862144 2099712
2 5992535744 525312
2 5994634944 525312
2 5995684544 525312
2 5997258944 525312
2 5998308544 1574912
2 6000932544 2099712
2 6003556544 1050112
2 6007230144 2624512
2 6010903744 1050112
2 6012478144 2624512
2 6015626944 1050112
2 6017726144 525312
2 6019300544 525312
2 6020874944 525312
2 6022449344 525312
2 6026122944 525312
2 6028746944 525312
2 6029796544 525312
2 6032420544 525312
2 6033470144 1050112
2 6036094144 2099712
2 6039767744 1050112
2 6042391744 1574912
2 6045015744 1574912
2 6047114944 1050112
2 6048689344 525312
2 6050263744 1574912
2 6052887744 525312
2 6053937344 1574912
2 6056036544 3149312
2 6059710144 525312
2 6060759744 1574912
2 6062858944 1050112
2 6064958144 1050112
2 6068106944 525312
2 6069681344 2624512
2 6073354944 2099712
2 6077553344 525312
2 6079652544 525312
2 6081226944 2624512
2 6084375744 1050112
2 6085950144 525312
2 6087524544 2099712
2 6090148544 1574912
2 6092772544 1050112
2 6094346944 1574912
2 6096446144 525312
2 6097495744 1050112
2 6099594944 525312
2 6101694144 525312
2 6102743744 525312
2 6104842944 525312
2 6107466944 525312
2 6110090944 525312
2 6111665344 525312
2 6114289344 1050112
2 6116913344 525312
2 6117962944 525312
2 6120062144 3149312
2 6124260544 525312
2 6125310144 525312
2 6126884544 5248512
2 6134756544 1050112
2 6136330944 1574912
2 6139479744 1050112
2 6143153344 1050112
2 6144727744 525312
2 6145777344 525312
2 6147351744 525312
2 6148926144 1050112
2 6150500544 1050112
2 6152074944 1049600
2 6159721664 1050112
2 6161820864 525312
2 6162870464 525312
2 6166019264 525312
2 6167068864 1574912
2 6170742464 525312
2 6171792064 1574912
2 6173891264 525312
2 6174940864 2624512
2 6178089664 1050112
2 6179664064 525312
2 6181763264 525312
2 6183337664 2099712
2 6186486464 1050112
2 6189635264 1574912
2 6192784064 525312
2 6194358464 525312
2 6195408064 1050112
2 6196982464 525312
2 6198032064 1050112
2 6199606464 1574912
2 6201705664 2624512
2 6205379264 525312
2 6206428864 525312
2 6207478464 1574912
2 6209577664 1574912
2 6212201664 525312
2 6213251264 1050112
2 6215350464 1050112
2 6216924864 525312
2 6218499264 525312
2 6219548864 1050112
2 6221123264 2099712
2 6223747264 1050112
2 6226896064 525312
2 6228995264 525312
2 6230044864 525312
2 6231094464 1050112
2 6232668864 525312
2 6234243264 1050112
2 6236342464 2099712
2 6239491264 1050112
2 6241065664 1050112
2 6242640064 525312
2 6244739264 525312
2 6245788864 525312
2 6247363264 525312
2 6249462464 1050112
2 6251036864 525312
2 6252086464 525312
2 6253136064 2099712
2 6255760064 525312
2 6256809664 1050112
2 6258384064 2099712
2 6261008064 1574912
2 6264156864 2099712
2 6267830464 525312
2 6269929664 525312
2 6270979264 525312
2 6272553664 525312
2 6273603264 1574912
2 6276227264 2099712
2 6278851264 1050112
2 6282524864 2624512
2 6286198464 1050112
2 6287772864 2624512
2 6290921664 1050112
2 6293020864 525312
2 6294595264 525312
2 6296169664 525312
2 6297744064 525312
2 6301417664 525312
2 6304041664 525312
2 6305091264 525312
2 6307715264 525312
2 6308764864 1050112
2 6311388864 2099712
2 6315062464 1050112
2 6317686464 1574912
2 6320310464 1574912
2 6322409664 1050112
2 6323984064 525312
2 6325558464 1574912
2 6328182464 525312
2 6329232064 1574912
2 6331331264 3149312
2 6335004864 525312
2 6336054464 1574912
2 6338153664 1050112
2 6340252864 1050112
2 6343401664 525312
2 6344976064 2624512
2 6348649664 2099712
2 6352848064 525312
2 6354947264 525312
2 6356521664 2624512
2 6359670464 1050112
2 6361244864 525312
2 6362819264 2099712
2 6365443264 1574912
2 6368067264 1050112
2 6369641664 1574912
2 6371740864 525312
2 6372790464 1050112
2 6374889664 525312
2 6376988864 525312
2 6378038464 525312
2 6380137664 525312
2 6382761664 525312
2 6385385664 525312
2 6386960064 525312
2 6389584064 1050112
2 6392208064 525312
2 6393257664 525312
2 6395356864 3149312
2 6399555264 525312
2 6400604864 525312
2 6402179264 5248512
2 6410051264 1050112
2 6411625664 1574912
2 6414774464 1050112
2 6418448064 1050112
2 6420022464 525312
2 6421072064 525312
2 6422646464 525312
2 6424220864 1050112
2 6425795264 1050112
2 6427369664 1049600
2 5410826944 1843712
2 5414513344 922112
2 5416356544 922112
2 5421886144 922112
2 5423729344 2765312
2 5430180544 922112
2 5432023744 2765312
2 5435710144 922112
2 5437553344 4608512
2 5443082944 1843712
2 5445847744 922112
2 5449534144 922112
2 5452298944 3686912
2 5457828544 1843712
2 5463358144 2765312
2 5468887744 922112
2 5471652544 922112
2 5473495744 1843712
2 5476260544 922112
2 5478103744 1843712
2 5480868544 2765312
2 5484554944 4608512
2 5491006144 922112
2 5492849344 922112
2 5494692544 2765312
2 5498378944 2765312
2 5502986944 922112
2 5504830144 1843712
2 5508516544 1843712
2 5511281344 922112
2 5514046144 922112
2 5515889344 1843712
2 5518654144 3686912
2 5523262144 1843712
2 5528791744 922112
2 5532478144 922112
2 5534321344 922112
2 5536164544 1843712
2 5538929344 922112
2 5541694144 1843712
2 5545380544 3686912
2 5550910144 1843712
2 5553674944 1843712
2 5556439744 922112
2 5560126144 922112
2 5561969344 922112
2 5564734144 922112
2 5568420544 1843712
2 5571185344 922112
2 5573028544 922112
2 5574871744 3686912
2 5579479744 922112
2 5581322944 1843712
2 5584087744 3686912
2 5588695744 2765312
2 5594225344 3686912
2 5600676544 922112
2 5604362944 922112
2 5606206144 922112
2 5608970944 922112
2 5610814144 2765312
2 5615422144 3686912
2 5620030144 1843712
2 5626481344 4608512
2 5632932544 1843712
2 5635697344 4608512
2 5641226944 1843712
2 5644913344 922112
2 5647678144 922112
2 5650442944 922112
2 5653207744 922112
2 5659658944 922112
2 5664266944 922112
2 5666110144 922112
2 5670718144 922112
2 5672561344 1843712
2 5677169344 3686912
2 5683620544 1843712
2 5688228544 2765312
2 5692836544 2765312
2 5696522944 1843712
2 5699287744 922112
2 5702052544 2765312
2 5706660544 922112
2 5708503744 2765312
2 5712190144 5530112
2 5718641344 922112
2 5720484544 2765312
2 5724170944 1843712
2 5727857344 1843712
2 5733386944 922112
2 5736151744 4608512
2 5742602944 3686912
2 5749975744 922112
2 5753662144 922112
2 5756426944 4608512
2 5761956544 1843712
2 5764721344 922112
2 5767486144 3686912
2 5772094144 2765312
2 5776702144 1843712
2 5779466944 2765312
2 5783153344 922112
2 5784996544 1843712
2 5788682944 922112
2 5792369344 922112
2 5794212544 922112
2 5797898944 922112
2 5802506944 922112
2 5807114944 922112
2 5809879744 922112
2 5814487744 1843712
2 5819095744 922112
2 5820938944 922112
2 5824625344 5530112
2 5831998144 922112
2 5833841344 922112
2 5836606144 9216512
2 5850430144 1843712
2 5853194944 2765312
2 5858724544 1843712
2 5865175744 1843712
2 5867940544 922112
2 5869783744 922112
2 5872548544 922112
2 5875313344 1843712
2 5878078144 1843712
2 5880842944 1843200
2 6956433088 1574912
2 6958532288 525312
2 6959581888 1050112
2 6961156288 525312
2 6962730688 525312
2 6966929088 525312
2 6970077888 525312
2 6971127488 1574912
2 6973226688 2099712
2 6976900288 525312
2 6978474688 525312
2 6979524288 525312
2 6981098688 2624512
2 6984247488 1574912
2 6986346688 1574912
2 6988445888 3149312
2 6992119488 1050112
2 6993693888 525312
2 6996317888 525312
2 6998417088 525312
2 7000516288 525312
2 7001565888 1574912
2 7003665088 1050112
2 7009962688 525312
2 7012061888 3149312
2 7016260288 525312
2 7019933888 525312
2 7021508288 1050112
2 7024132288 525312
2 7026756288 525312
2 7027805888 525312
2 7028855488 525312
2 7032004288 525312
2 7033053888 1050112
2 7034628288 525312
2 7036202688 1050112
2 7039351488 2099712
2 7042500288 525312
2 7044074688 2624512
2 7047223488 2099712
2 7050372288 1050112
2 7052471488 1050112
2 7055620288 525312
2 7058769088 1574912
2 7060868288 525312
2 7062967488 525312
2 7064017088 525312
2 7065591488 1050112
2 7068215488 1574912
2 7070839488 1050112
2 7072938688 1050112
2 7075037888 525312
2 7076087488 1050112
2 7077661888 525312
2 7079236288 1050112
2 7080810688 525312
2 7081860288 2099712
2 7085009088 525312
2 7086058688 525312
2 7087108288 2099712
2 7091831488 525312
2 7093405888 525312
2 7096029888 1574912
2 7098129088 525312
2 7099703488 2099712
2 7102852288 525312
2 7103901888 1050112
2 7106001088 1050112
2 7107575488 525312
2 7108625088 525312
2 7110199488 525312
2 7111249088 525312
2 7113348288 525312
2 7114922688 1050112
2 7116497088 1050112
2 7118596288 525312
2 7120170688 525312
2 7121220288 1574912
2 7124369088 525312
2 7125943488 525312
2 7127517888 2099712
2 7130666688 1050112
2 7132241088 525312
2 7133290688 525312
2 7134865088 525312
2 7136439488 1574912
2 7140637888 2624512
2 7143786688 1574912
2 7145885888 525312
2 7146935488 1050112
2 7149034688 1050112
2 7151133888 525312
2 7153757888 525312
2 7155332288 525312
2 7156381888 525312
2 7157956288 525312
2 7159005888 525312
2 7164778688 525312
2 7165828288 1050112
2 7167927488 525312
2 7175274688 2099712
2 7177898688 525312
2 7178948288 2099712
2 7182097088 525312
2 7183146688 525312
2 7184196288 1050112
2 7185770688 1050112
2 7187345088 1050112
2 7189969088 1574912
2 7192068288 525312
2 7194167488 1050112
2 7195741888 1050112
2 7197316288 1574912
2 7199415488 1050112
2 7200989888 525312
2 7202039488 1050112
2 7205188288 1050112
2 7208337088 525312
2 7210436288 2624512
2 7213585088 1050112
2 7215684288 2099712
2 7219357888 1574912
2 7221457088 1574912
2 7231727808 1574912
2 7233827008 525312
2 7234876608 1050112
2 7236451008 525312
2 7238025408 525312
2 7242223808 525312
2 7245372608 525312
2 7246422208 1574912
2 7248521408 2099712
2 7252195008 525312
2 7253769408 525312
2 7254819008 525312
2 7256393408 2624512
2 7259542208 1574912
2 7261641408 1574912
2 7263740608 3149312
2 7267414208 1050112
2 7268988608 525312
2 7271612608 525312
2 7273711808 525312
2 7275811008 525312
2 7276860608 1574912
2 7278959808 1050112
2 7285257408 525312
2 7287356608 3149312
2 7291555008 525312
2 7295228608 525312
2 7296803008 1050112
2 7299427008 525312
2 7302051008 525312
2 7303100608 525312
2 7304150208 525312
2 7307299008 525312
2 7308348608 1050112
2 7309923008 525312
2 7311497408 1050112
2 7314646208 2099712
2 7317795008 525312
2 7319369408 2624512
2 7322518208 2099712
2 7325667008 1050112
2 7327766208 1050112
2 7330915008 525312
2 7334063808 1574912
2 7336163008 525312
2 7338262208 525312
2 7339311808 525312
2 7340886208 1050112
2 7343510208 1574912
2 7346134208 1050112
2 7348233408 1050112
2 7350332608 525312
2 7351382208 1050112
2 7352956608 525312
2 7354531008 1050112
2 7356105408 525312
2 7357155008 2099712
2 7360303808 525312
2 7361353408 525312
2 7362403008 2099712
2 7367126208 525312
2 7368700608 525312
2 7371324608 1574912
2 7373423808 525312
2 7374998208 2099712
2 7378147008 525312
2 7379196608 1050112
2 7381295808 1050112
2 7382870208 525312
2 7383919808 525312
2 7385494208 525312
2 7386543808 525312
2 7388643008 525312
2 7390217408 1050112
2 7391791808 1050112
2 7393891008 525312
2 7395465408 525312
2 7396515008 1574912
2 7399663808 525312
2 7401238208 525312
2 7402812608 2099712
2 7405961408 1050112
2 7407535808 525312
2 7408585408 525312
2 7410159808 525312
2 7411734208 1574912
2 7415932608 2624512
2 7419081408 1574912
2 7421180608 525312
2 7422230208 1050112
2 7424329408 1050112
2 7426428608 525312
2 7429052608 525312
2 7430627008 525312
2 7431676608 525312
2 7433251008 525312
2 7434300608 525312
2 7440073408 525312
2 7441123008 1050112
2 7443222208 525312
2 7450569408 2099712
2 7453193408 525312
2 7454243008 2099712
2 7457391808 525312
2 7458441408 525312
2 7459491008 1050112
2 7461065408 1050112
2 7462639808 1050112
2 7465263808 1574912
2 7467363008 525312
2 7469462208 1050112
2 7471036608 1050112
2 7472611008 1574912
2 7474710208 1050112
2 7476284608 525312
2 7477334208 1050112
2 7480483008 1050112
2 7483631808 525312
2 7485731008 2624512
2 7488879808 1050112
2 7490979008 2099712
2 7494652608 1574912
2 7496751808 1574912
2 6483626688 2765312
2 6487313088 922112
2 6489156288 1843712
2 6491921088 922112
2 6494685888 922112
2 6502058688 922112
2 6507588288 922112
2 6509431488 2765312
2 6513117888 3686912
2 6519569088 922112
2 6522333888 922112
2 6524177088 922112
2 6526941888 4608512
2 6532471488 2765312
2 6536157888 2765312
2 6539844288 5530112
2 6546295488 1843712
2 6549060288 922112
2 6553668288 922112
2 6557354688 922112
2 6561041088 922112
2 6562884288 2765312
2 6566570688 1843712
2 6577629888 922112
2 6581316288 5530112
2 6588689088 922112
2 6595140288 922112
2 6597905088 1843712
2 6602513088 922112
2 6607121088 922112
2 6608964288 922112
2 6610807488 922112
2 6616337088 922112
2 6618180288 1843712
2 6620945088 922112
2 6623709888 1843712
2 6629239488 3686912
2 6634769088 922112
2 6637533888 4608512
2 6643063488 3686912
2 6648593088 1843712
2 6652279488 1843712
2 6657809088 922112
2 6663338688 2765312
2 6667025088 922112
2 6670711488 922112
2 6672554688 922112
2 6675319488 1843712
2 6679927488 2765312
2 6684535488 1843712
2 6688221888 1843712
2 6691908288 922112
2 6693751488 1843712
2 6696516288 922112
2 6699281088 1843712
2 6702045888 922112
2 6703889088 3686912
2 6709418688 922112
2 6711261888 922112
2 6713105088 3686912
2 6721399488 922112
2 6724164288 922112
2 6728772288 2765312
2 6732458688 922112
2 6735223488 3686912
2 6740753088 922112
2 6742596288 1843712
2 6746282688 1843712
2 6749047488 922112
2 6750890688 922112
2 6753655488 922112
2 6755498688 922112
2 6759185088 922112
2 6761949888 1843712
2 6764714688 1843712
2 6768401088 922112
2 6771165888 922112
2 6773009088 2765312
2 6778538688 922112
2 6781303488 922112
2 6784068288 3686912
2 6789597888 1843712
2 6792362688 922112
2 6794205888 922112
2 6796970688 922112
2 6799735488 2765312
2 6807108288 4608512
2 6812637888 2765312
2 6816324288 922112
2 6818167488 1843712
2 6821853888 1843712
2 6825540288 922112
2 6830148288 922112
2 6832913088 922112
2 6834756288 922112
2 6837521088 922112
2 6839364288 922112
2 6849501888 922112
2 6851345088 1843712
2 6855031488 922112
2 6867933888 3686912
2 6872541888 922112
2 6874385088 3686912
2 6879914688 922112
2 6881757888 922112
2 6883601088 1843712
2 6886365888 1843712
2 6889130688 1843712
2 6893738688 2765312
2 6897425088 922112
2 6901111488 1843712
2 6903876288 1843712
2 6906641088 2765312
2 6910327488 1843712
2 6913092288 922112
2 6914935488 1843712
2 6920465088 1843712
2 6925994688 922112
2 6929681088 4608512
2 6935210688 1843712
2 6938897088 3686912
2 6945348288 2765312
2 6949034688 2765312
2 8037112384 525312
2 8038161984 525312
2 8039211584 525312
2 8040261184 525312
2 8041310784 1574912
2 8044459584 1050112
2 8046033984 525312
2 8047083584 1050112
2 8051281984 1050112
2 8052856384 525312
2 8053905984 3149312
2 8057579584 1574912
2 8060203584 1574912
2 8062302784 1574912
2 8065976384 1050112
2 8067550784 525312
2 8069649984 1050112
2 8071749184 1574912
2 8073848384 1050112
2 8075422784 525312
2 8076997184 2099712
2 8080145984 1050112
2 8082245184 525312
2 8083294784 525312
2 8084344384 525312
2 8086968384 1050112
2 8088542784 1050112
2 8091166784 525312
2 8092216384 1050112
2 8094315584 525312
2 8095365184 525312
2 8097464384 1050112
2 8100613184 1050112
2 8103237184 1050112
2 8104811584 1050112
2 8106910784 525312
2 8109009984 3149312
2 8113733184 525312
2 8115307584 1050112
2 8116881984 525312
2 8117931584 1050112
2 8119505984 1050112
2 8121080384 1050112
2 8122654784 525312
2 8124229184 2099712
2 8126853184 1050112
2 8131051584 1050112
2 8133150784 1574912
2 8135249984 525312
2 8136299584 1050112
2 8137873984 2099712
2 8144171584 525312
2 8145221184 3149312
2 8148894784 1050112
2 8150469184 525312
2 8151518784 1050112
2 8153093184 525312
2 8155192384 525312
2 8156766784 1050112
2 8158341184 1050112
2 8162539584 525312
2 8164113984 1050112
2 8167787584 525312
2 8169361984 525312
2 8170411584 1574912
2 8172510784 1574912
2 8174609984 1050112
2 8176709184 1050112
2 8178283584 1050112
2 8180907584 525312
2 8183531584 525312
2 8185105984 525312
2 8186155584 525312
2 8187205184 525312
2 8188254784 525312
2 8189829184 525312
2 8190878784 525312
2 8194027584 2099712
2 8196651584 525312
2 8197701184 1050112
2 8200325184 525312
2 8201374784 525312
2 8202949184 1050112
2 8204523584 1574912
2 8209246784 1050112
2 8211345984 1050112
2 8212920384 525312
2 8213969984 525312
2 8215544384 1050112
2 8218168384 1050112
2 8219742784 1050112
2 8223416384 525312
2 8225515584 1574912
2 8227614784 1050112
2 8229189184 2624512
2 8232337984 1050112
2 8234437184 1050112
2 8236536384 525312
2 8240734784 2099712
2 8243358784 525312
2 8244408384 1050112
2 8245982784 2099712
2 8248606784 525312
2 8249656384 525312
2 8251230784 525312
2 8252280384 1574912
2 8254379584 525312
2 8255429184 525312
2 8257528384 1050112
2 8259102784 1050112
2 8261201984 525312
2 8262251584 525312
2 8263301184 1574912
2 8265925184 525312
2 8267499584 525312
2 8268549184 525312
2 8269598784 525312
2 8271173184 1050112
2 8273797184 525312
2 8276945984 525312
2 8278520384 525312
2 8279569984 525312
2 8281669184 525312
2 8284293184 1574912
2 8286392384 525312
2 8288491584 525312
2 8290065984 1574912
2 8294789184 525312
2 8298987584 525312
2 8301611584 525312
2 8302661184 525312
2 8303710784 525312
2 8304760384 1049600
2 8312407104 525312
2 8313456704 525312
2 8314506304 525312
2 8315555904 525312
2 8316605504 1574912
2 8319754304 1050112
2 8321328704 525312
2 8322378304 1050112
2 8326576704 1050112
2 8328151104 525312
2 8329200704 3149312
2 8332874304 1574912
2 8335498304 1574912
2 8337597504 1574912
2 8341271104 1050112
2 8342845504 525312
2 8344944704 1050112
2 8347043904 1574912
2 8349143104 1050112
2 8350717504 525312
2 8352291904 2099712
2 8355440704 1050112
2 8357539904 525312
2 8358589504 525312
2 8359639104 525312
2 8362263104 1050112
2 8363837504 1050112
2 8366461504 525312
2 8367511104 1050112
2 8369610304 525312
2 8370659904 525312
2 8372759104 1050112
2 8375907904 1050112
2 8378531904 1050112
2 8380106304 1050112
2 8382205504 525312
2 8384304704 3149312
2 8389027904 525312
2 8390602304 1050112
2 8392176704 525312
2 8393226304 1050112
2 8394800704 1050112
2 8396375104 1050112
2 8397949504 525312
2 8399523904 2099712
2 8402147904 1050112
2 8406346304 1050112
2 8408445504 1574912
2 8410544704 525312
2 8411594304 1050112
2 8413168704 2099712
2 8419466304 525312
2 8420515904 3149312
2 8424189504 1050112
2 8425763904 525312
2 8426813504 1050112
2 8428387904 525312
2 8430487104 525312
2 8432061504 1050112
2 8433635904 1050112
2 8437834304 525312
2 8439408704 1050112
2 8443082304 525312
2 8444656704 525312
2 8445706304 1574912
2 8447805504 1574912
2 8449904704 1050112
2 8452003904 1050112
2 8453578304 1050112
2 8456202304 525312
2 8458826304 525312
2 8460400704 525312
2 8461450304 525312
2 8462499904 525312
2 8463549504 525312
2 8465123904 525312
2 8466173504 525312
2 8469322304 2099712
2 8471946304 525312
2 8472995904 1050112
2 8475619904 525312
2 8476669504 525312
2 8478243904 1050112
2 8479818304 1574912
2 8484541504 1050112
2 8486640704 1050112
2 8488215104 525312
2 8489264704 525312
2 8490839104 1050112
2 8493463104 1050112
2 8495037504 1050112
2 8498711104 525312
2 8500810304 1574912
2 8502909504 1050112
2 8504483904 2624512
2 8507632704 1050112
2 8509731904 1050112
2 8511831104 525312
2 8516029504 2099712
2 8518653504 525312
2 8519703104 1050112
2 8521277504 2099712
2 8523901504 525312
2 8524951104 525312
2 8526525504 525312
2 8527575104 1574912
2 8529674304 525312
2 8530723904 525312
2 8532823104 1050112
2 8534397504 1050112
2 8536496704 525312
2 8537546304 525312
2 8538595904 1574912
2 8541219904 525312
2 8542794304 525312
2 8543843904 525312
2 8544893504 525312
2 8546467904 1050112
2 8549091904 525312
2 8552240704 525312
2 8553815104 525312
2 8554864704 525312
2 8556963904 525312
2 8559587904 1574912
2 8561687104 525312
2 8563786304 525312
2 8565360704 1574912
2 8570083904 525312
2 8574282304 525312
2 8576906304 525312
2 8577955904 525312
2 8579005504 525312
2 8580055104 1049600
2 7563512384 922112
2 7565355584 922112
2 7567198784 922112
2 7569041984 922112
2 7570885184 2765312
2 7576414784 1843712
2 7579179584 922112
2 7581022784 1843712
2 7588395584 1843712
2 7591160384 922112
2 7593003584 5530112
2 7599454784 2765312
2 7604062784 2765312
2 7607749184 2765312
2 7614200384 1843712
2 7616965184 922112
2 7620651584 1843712
2 7624337984 2765312
2 7628024384 1843712
2 7630789184 922112
2 7633553984 3686912
2 7639083584 1843712
2 7642769984 922112
2 7644613184 922112
2 7646456384 922112
2 7651064384 1843712
2 7653829184 1843712
2 7658437184 922112
2 7660280384 1843712
2 7663966784 922112
2 7665809984 922112
2 7669496384 1843712
2 7675025984 1843712
2 7679633984 1843712
2 7682398784 1843712
2 7686085184 922112
2 7689771584 5530112
2 7698065984 922112
2 7700830784 1843712
2 7703595584 922112
2 7705438784 1843712
2 7708203584 1843712
2 7710968384 1843712
2 7713733184 922112
2 7716497984 3686912
2 7721105984 1843712
2 7728478784 1843712
2 7732165184 2765312
2 7735851584 922112
2 7737694784 1843712
2 7740459584 3686912
2 7751518784 922112
2 7753361984 5530112
2 7759813184 1843712
2 7762577984 922112
2 7764421184 1843712
2 7767185984 922112
2 7770872384 922112
2 7773637184 1843712
2 7776401984 1843712
2 7783774784 922112
2 7786539584 1843712
2 7792990784 922112
2 7795755584 922112
2 7797598784 2765312
2 7801285184 2765312
2 7804971584 1843712
2 7808657984 1843712
2 7811422784 1843712
2 7816030784 922112
2 7820638784 922112
2 7823403584 922112
2 7825246784 922112
2 7827089984 922112
2 7828933184 922112
2 7831697984 922112
2 7833541184 922112
2 7839070784 3686912
2 7843678784 922112
2 7845521984 1843712
2 7850129984 922112
2 7851973184 922112
2 7854737984 1843712
2 7857502784 2765312
2 7865797184 1843712
2 7869483584 1843712
2 7872248384 922112
2 7874091584 922112
2 7876856384 1843712
2 7881464384 1843712
2 7884229184 1843712
2 7890680384 922112
2 7894366784 2765312
2 7898053184 1843712
2 7900817984 4608512
2 7906347584 1843712
2 7910033984 1843712
2 7913720384 922112
2 7921093184 3686912
2 7925701184 922112
2 7927544384 1843712
2 7930309184 3686912
2 7934917184 922112
2 7936760384 922112
2 7939525184 922112
2 7941368384 2765312
2 7945054784 922112
2 7946897984 922112
2 7950584384 1843712
2 7953349184 1843712
2 7957035584 922112
2 7958878784 922112
2 7960721984 2765312
2 7965329984 922112
2 7968094784 922112
2 7969937984 922112
2 7971781184 922112
2 7974545984 1843712
2 7979153984 922112
2 7984683584 922112
2 7987448384 922112
2 7989291584 922112
2 7992977984 922112
2 7997585984 2765312
2 8001272384 922112
2 8004958784 922112
2 8007723584 2765312
2 8016017984 922112
2 8023390784 922112
2 8027998784 922112
2 8029841984 922112
2 8031685184 922112
2 8033528384 1843200
2 9119366080 1574912
2 9121465280 1050112
2 9123039680 525312
2 9125138880 525312
2 9127762880 1050112
2 9129337280 525312
2 9130911680 1050112
2 9132486080 1050112
2 9134060480 525312
2 9135110080 1574912
2 9138783680 525312
2 9140882880 525312
2 9141932480 525312
2 9142982080 525312
2 9144031680 525312
2 9145606080 1574912
2 9147705280 1050112
2 9149804480 1050112
2 9151378880 525312
2 9152428480 2099712
2 9155052480 525312
2 9156102080 525312
2 9159250880 1574912
2 9161350080 4723712
2 9166598080 1050112
2 9168172480 525312
2 9169746880 2099712
2 9172370880 525312
2 9173945280 1574912
2 9176044480 525312
2 9177094080 2624512
2 9181292480 1050112
2 9184441280 525312
2 9186015680 1050112
2 9188639680 525312
2 9190214080 2099712
2 9192838080 1574912
2 9195462080 525312
2 9198086080 1574912
2 9200185280 525312
2 9202809280 2099712
2 9205958080 525312
2 9208582080 525312
2 9209631680 525312
2 9211206080 1574912
2 9213305280 525312
2 9216978880 1050112
2 9218553280 1050112
2 9220652480 525312
2 9221702080 1574912
2 9225375680 525312
2 9227474880 525312
2 9229049280 525312
2 9230623680 525312
2 9231673280 3149312
2 9235871680 525312
2 9238495680 525312
2 9239545280 1574912
2 9241644480 525312
2 9242694080 525312
2 9243743680 1050112
2 9245842880 525312
2 9246892480 1050112
2 9250566080 525312
2 9251615680 525312
2 9252665280 525312
2 9253714880 525312
2 9256863680 1574912
2 9259487680 2099712
2 9262111680 2099712
2 9264735680 1574912
2 9266834880 525312
2 9269983680 2099712
2 9272607680 1050112
2 9274182080 525312
2 9275231680 1050112
2 9276806080 525312
2 9277855680 525312
2 9279954880 1050112
2 9281529280 1050112
2 9283103680 525312
2 9285202880 525312
2 9286777280 525312
2 9289401280 1574912
2 9291500480 1050112
2 9293074880 525312
2 9294649280 525312
2 9296223680 525312
2 9297273280 1050112
2 9298847680 525312
2 9300422080 525312
2 9301471680 1050112
2 9303046080 525312
2 9304095680 1050112
2 9308294080 1574912
2 9310393280 1050112
2 9312492480 1574912
2 9314591680 1050112
2 9316690880 1574912
2 9318790080 525312
2 9322988480 1574912
2 9325087680 525312
2 9326137280 525312
2 9327186880 1050112
2 9328761280 525312
2 9329810880 1050112
2 9331385280 1050112
2 9332959680 2099712
2 9335583680 525312
2 9336633280 525312
2 9338732480 525312
2 9339782080 525312
2 9341356480 1050112
2 9342930880 525312
2 9346079680 1050112
2 9348178880 525312
2 9349228480 2099712
2 9351852480 525312
2 9352902080 1574912
2 9356575680 525312
2 9359724480 525312
2 9360774080 525312
2 9363922880 525312
2 9364972480 1050112
2 9367071680 1050112
2 9370745280 525312
2 9372319680 1050112
2 9373894080 1050112
2 9375468480 1050112
2 9378092480 1050112
2 9379666880 525312
2 9381766080 1050112
2 9384390080 2099712
2 9394660800 1574912
2 9396760000 1050112
2 9398334400 525312
2 9400433600 525312
2 9403057600 1050112
2 9404632000 525312
2 9406206400 1050112
2 9407780800 1050112
2 9409355200 525312
2 9410404800 1574912
2 9414078400 525312
2 9416177600 525312
2 9417227200 525312
2 9418276800 525312
2 9419326400 525312
2 9420900800 1574912
2 9423000000 1050112
2 9425099200 1050112
2 9426673600 525312
2 9427723200 2099712
2 9430347200 525312
2 9431396800 525312
2 9434545600 1574912
2 9436644800 4723712
2 9441892800 1050112
2 9443467200 525312
2 9445041600 2099712
2 9447665600 525312
2 9449240000 1574912
2 9451339200 525312
2 9452388800 2624512
2 9456587200 1050112
2 9459736000 525312
2 9461310400 1050112
2 9463934400 525312
2 9465508800 2099712
2 9468132800 1574912
2 9470756800 525312
2 9473380800 1574912
2 9475480000 525312
2 9478104000 2099712
2 9481252800 525312
2 9483876800 525312
2 9484926400 525312
2 9486500800 1574912
2 9488600000 525312
2 9492273600 1050112
2 9493848000 1050112
2 9495947200 525312
2 9496996800 1574912
2 9500670400 525312
2 9502769600 525312
2 9504344000 525312
2 9505918400 525312
2 9506968000 3149312
2 9511166400 525312
2 9513790400 525312
2 9514840000 1574912
2 9516939200 525312
2 9517988800 525312
2 9519038400 1050112
2 9521137600 525312
2 9522187200 1050112
2 9525860800 525312
2 9526910400 525312
2 9527960000 525312
2 9529009600 525312
2 9532158400 1574912
2 9534782400 2099712
2 9537406400 2099712
2 9540030400 1574912
2 9542129600 525312
2 9545278400 2099712
2 9547902400 1050112
2 9549476800 525312
2 9550526400 1050112
2 9552100800 525312
2 9553150400 525312
2 9555249600 1050112
2 9556824000 1050112
2 9558398400 525312
2 9560497600 525312
2 9562072000 525312
2 9564696000 1574912
2 9566795200 1050112
2 9568369600 525312
2 9569944000 525312
2 9571518400 525312
2 9572568000 1050112
2 9574142400 525312
2 9575716800 525312
2 9576766400 1050112
2 9578340800 525312
2 9579390400 1050112
2 9583588800 1574912
2 9585688000 1050112
2 9587787200 1574912
2 9589886400 1050112
2 9591985600 1574912
2 9594084800 525312
2 9598283200 1574912
2 9600382400 525312
2 9601432000 525312
2 9602481600 1050112
2 9604056000 525312
2 9605105600 1050112
2 9606680000 1050112
2 9608254400 2099712
2 9610878400 525312
2 9611928000 525312
2 9614027200 525312
2 9615076800 525312
2 9616651200 1050112
2 9618225600 525312
2 9621374400 1050112
2 9623473600 525312
2 9624523200 2099712
2 9627147200 525312
2 9628196800 1574912
2 9631870400 525312
2 9635019200 525312
2 9636068800 525312
2 9639217600 525312
2 9640267200 1050112
2 9642366400 1050112
2 9646040000 525312
2 9647614400 1050112
2 9649188800 1050112
2 9650763200 1050112
2 9653387200 1050112
2 9654961600 525312
2 9657060800 1050112
2 9659684800 2099712
2 8646162880 2765312
2 8649849280 1843712
2 8652614080 922112
2 8656300480 922112
2 8660908480 1843712
2 8663673280 922112
2 8666438080 1843712
2 8669202880 1843712
2 8671967680 922112
2 8673810880 2765312
2 8680262080 922112
2 8683948480 922112
2 8685791680 922112
2 8687634880 922112
2 8689478080 922112
2 8692242880 2765312
2 8695929280 1843712
2 8699615680 1843712
2 8702380480 922112
2 8704223680 3686912
2 8708831680 922112
2 8710674880 922112
2 8716204480 2765312
2 8719890880 8294912
2 8729106880 1843712
2 8731871680 922112
2 8734636480 3686912
2 8739244480 922112
2 8742009280 2765312
2 8745695680 922112
2 8747538880 4608512
2 8754911680 1843712
2 8760441280 922112
2 8763206080 1843712
2 8767814080 922112
2 8770578880 3686912
2 8775186880 2765312
2 8779794880 922112
2 8784402880 2765312
2 8788089280 922112
2 8792697280 3686912
2 8798226880 922112
2 8802834880 922112
2 8804678080 922112
2 8807442880 2765312
2 8811129280 922112
2 8817580480 1843712
2 8820345280 1843712
2 8824031680 922112
2 8825874880 2765312
2 8832326080 922112
2 8836012480 922112
2 8838777280 922112
2 8841542080 922112
2 8843385280 5530112
2 8850758080 922112
2 8855366080 922112
2 8857209280 2765312
2 8860895680 922112
2 8862738880 922112
2 8864582080 1843712
2 8868268480 922112
2 8870111680 1843712
2 8876562880 922112
2 8878406080 922112
2 8880249280 922112
2 8882092480 922112
2 8887622080 2765312
2 8892230080 3686912
2 8896838080 3686912
2 8901446080 2765312
2 8905132480 922112
2 8910662080 3686912
2 8915270080 1843712
2 8918034880 922112
2 8919878080 1843712
2 8922642880 922112
2 8924486080 922112
2 8928172480 1843712
2 8930937280 1843712
2 8933702080 922112
2 8937388480 922112
2 8940153280 922112
2 8944761280 2765312
2 8948447680 1843712
2 8951212480 922112
2 8953977280 922112
2 8956742080 922112
2 8958585280 1843712
2 8961350080 922112
2 8964114880 922112
2 8965958080 1843712
2 8968722880 922112
2 8970566080 1843712
2 8977938880 2765312
2 8981625280 1843712
2 8985311680 2765312
2 8988998080 1843712
2 8992684480 2765312
2 8996370880 922112
2 9003743680 2765312
2 9007430080 922112
2 9009273280 922112
2 9011116480 1843712
2 9013881280 922112
2 9015724480 1843712
2 9018489280 1843712
2 9021254080 3686912
2 9025862080 922112
2 9027705280 922112
2 9031391680 922112
2 9033234880 922112
2 9035999680 1843712
2 9038764480 922112
2 9044294080 1843712
2 9047980480 922112
2 9049823680 3686912
2 9054431680 922112
2 9056274880 2765312
2 9062726080 922112
2 9068255680 922112
2 9070098880 922112
2 9075628480 922112
2 9077471680 1843712
2 9081158080 1843712
2 9087609280 922112
2 9090374080 1843712
2 9093138880 1843712
2 9095903680 1843712
2 9100511680 1843712
2 9103276480 922112
2 9106962880 1843712
2 9111570880 3686912
2 10207023424 525312
2 10208073024 1050112
2 10211746624 525312
2 10212796224 2624512
2 10216994624 1050112
2 10219618624 525312
2 10220668224 525312
2 10221717824 525312
2 10222767424 525312
2 10224341824 2099712
2 10226965824 1050112
2 10230639424 525312
2 10232738624 1574912
2 10234837824 525312
2 10235887424 1050112
2 10237461824 525312
2 10240085824 525312
2 10243234624 525312
2 10244284224 1050112
2 10245858624 525312
2 10246908224 1574912
2 10249007424 1574912
2 10251106624 2624512
2 10254255424 525312
2 10256879424 525312
2 10257929024 1574912
2 10261077824 1574912
2 10263701824 1574912
2 10266325824 525312
2 10267375424 525312
2 10268425024 525312
2 10271049024 1050112
2 10272623424 1574912
2 10274722624 525312
2 10275772224 525312
2 10276821824 525312
2 10279970624 525312
2 10283644224 1574912
2 10285743424 525312
2 10287317824 525312
2 10288367424 2624512
2 10292565824 525312
2 10295189824 2624512
2 10298338624 1050112
2 10299913024 1574912
2 10303061824 525312
2 10304636224 1050112
2 10307785024 1050112
2 10309359424 2099712
2 10313557824 525312
2 10314607424 1574912
2 10316706624 1574912
2 10318805824 2099712
2 10321429824 525312
2 10322479424 1050112
2 10324053824 525312
2 10327202624 3674112
2 10334025024 1050112
2 10336124224 1050112
2 10338223424 1574912
2 10341372224 1574912
2 10343996224 525312
2 10347669824 2099712
2 10350293824 525312
2 10352393024 525312
2 10353442624 525312
2 10355541824 1050112
2 10358165824 1050112
2 10360265024 525312
2 10361314624 1050112
2 10362889024 525312
2 10366562624 1050112
2 10368137024 1050112
2 10369711424 1574912
2 10373385024 3149312
2 10377583424 2099712
2 10380207424 525312
2 10381781824 525312
2 10383356224 525312
2 10384930624 1050112
2 10386505024 525312
2 10387554624 1050112
2 10390178624 1050112
2 10391753024 525312
2 10393852224 525312
2 10395951424 1050112
2 10397525824 525312
2 10398575424 525312
2 10401199424 525312
2 10402773824 1050112
2 10404348224 1574912
2 10406447424 525312
2 10407497024 1050112
2 10409071424 1574912
2 10411170624 1050112
2 10412745024 525312
2 10414319424 525312
2 10415369024 2099712
2 10417993024 525312
2 10419042624 525312
2 10420092224 2624512
2 10423765824 525312
2 10424815424 1050112
2 10426914624 525312
2 10428489024 1574912
2 10430588224 525312
2 10431637824 1574912
2 10433737024 525312
2 10436885824 525312
2 10437935424 525312
2 10438985024 1574912
2 10441084224 525312
2 10443183424 525312
2 10444233024 1050112
2 10448431424 1050112
2 10451055424 525312
2 10452629824 2099712
2 10455253824 1050112
2 10457353024 525312
2 10458402624 525312
2 10459452224 1050112
2 10463125824 525312
2 10464700224 1050112
2 10466799424 1574912
2 10469423424 525312
2 10470473024 1050112
2 10473621824 1050112
2 10475196224 524800
2 10482318144 525312
2 10483367744 1050112
2 10487041344 525312
2 10488090944 2624512
2 10492289344 1050112
2 10494913344 525312
2 10495962944 525312
2 10497012544 525312
2 10498062144 525312
2 10499636544 2099712
2 10502260544 1050112
2 10505934144 525312
2 10508033344 1574912
2 10510132544 525312
2 10511182144 1050112
2 10512756544 525312
2 10515380544 525312
2 10518529344 525312
2 10519578944 1050112
2 10521153344 525312
2 10522202944 1574912
2 10524302144 1574912
2 10526401344 2624512
2 10529550144 525312
2 10532174144 525312
2 10533223744 1574912
2 10536372544 1574912
2 10538996544 1574912
2 10541620544 525312
2 10542670144 525312
2 10543719744 525312
2 10546343744 1050112
2 10547918144 1574912
2 10550017344 525312
2 10551066944 525312
2 10552116544 525312
2 10555265344 525312
2 10558938944 1574912
2 10561038144 525312
2 10562612544 525312
2 10563662144 2624512
2 10567860544 525312
2 10570484544 2624512
2 10573633344 1050112
2 10575207744 1574912
2 10578356544 525312
2 10579930944 1050112
2 10583079744 1050112
2 10584654144 2099712
2 10588852544 525312
2 10589902144 1574912
2 10592001344 1574912
2 10594100544 2099712
2 10596724544 525312
2 10597774144 1050112
2 10599348544 525312
2 10602497344 3674112
2 10609319744 1050112
2 10611418944 1050112
2 10613518144 1574912
2 10616666944 1574912
2 10619290944 525312
2 10622964544 2099712
2 10625588544 525312
2 10627687744 525312
2 10628737344 525312
2 10630836544 1050112
2 10633460544 1050112
2 10635559744 525312
2 10636609344 1050112
2 10638183744 525312
2 10641857344 1050112
2 10643431744 1050112
2 10645006144 1574912
2 10648679744 3149312
2 10652878144 2099712
2 10655502144 525312
2 10657076544 525312
2 10658650944 525312
2 10660225344 1050112
2 10661799744 525312
2 10662849344 1050112
2 10665473344 1050112
2 10667047744 525312
2 10669146944 525312
2 10671246144 1050112
2 10672820544 525312
2 10673870144 525312
2 10676494144 525312
2 10678068544 1050112
2 10679642944 1574912
2 10681742144 525312
2 10682791744 1050112
2 10684366144 1574912
2 10686465344 1050112
2 10688039744 525312
2 10689614144 525312
2 10690663744 2099712
2 10693287744 525312
2 10694337344 525312
2 10695386944 2624512
2 10699060544 525312
2 10700110144 1050112
2 10702209344 525312
2 10703783744 1574912
2 10705882944 525312
2 10706932544 1574912
2 10709031744 525312
2 10712180544 525312
2 10713230144 525312
2 10714279744 1574912
2 10716378944 525312
2 10718478144 525312
2 10719527744 1050112
2 10723726144 1050112
2 10726350144 525312
2 10727924544 2099712
2 10730548544 1050112
2 10732647744 525312
2 10733697344 525312
2 10734746944 1050112
2 10738420544 525312
2 10739994944 1050112
2 10742094144 1574912
2 10744718144 525312
2 10745767744 1050112
2 10748916544 1050112
2 10750490944 524800
2 9733423424 922112
2 9735266624 1843712
2 9741717824 922112
2 9743561024 4608512
2 9750933824 1843712
2 9755541824 922112
2 9757385024 922112
2 9759228224 922112
2 9761071424 922112
2 9763836224 3686912
2 9768444224 1843712
2 9774895424 922112
2 9778581824 2765312
2 9782268224 922112
2 9784111424 1843712
2 9786876224 922112
2 9791484224 922112
2 9797013824 922112
2 9798857024 1843712
2 9801621824 922112
2 9803465024 2765312
2 9807151424 2765312
2 9810837824 4608512
2 9816367424 922112
2 9820975424 922112
2 9822818624 2765312
2 9828348224 2765312
2 9832956224 2765312
2 9837564224 922112
2 9839407424 922112
2 9841250624 922112
2 9845858624 1843712
2 9848623424 2765312
2 9852309824 922112
2 9854153024 922112
2 9855996224 922112
2 9861525824 922112
2 9867977024 2765312
2 9871663424 922112
2 9874428224 922112
2 9876271424 4608512
2 9883644224 922112
2 9888252224 4608512
2 9893781824 1843712
2 9896546624 2765312
2 9902076224 922112
2 9904841024 1843712
2 9910370624 1843712
2 9913135424 3686912
2 9920508224 922112
2 9922351424 2765312
2 9926037824 2765312
2 9929724224 3686912
2 9934332224 922112
2 9936175424 1843712
2 9938940224 922112
2 9944469824 6451712
2 9956450624 1843712
2 9960137024 1843712
2 9963823424 2765312
2 9969353024 2765312
2 9973961024 922112
2 9980412224 3686912
2 9985020224 922112
2 9988706624 922112
2 9990549824 922112
2 9994236224 1843712
2 9998844224 1843712
2 10002530624 922112
2 10004373824 1843712
2 10007138624 922112
2 10013589824 1843712
2 10016354624 1843712
2 10019119424 2765312
2 10025570624 5530112
2 10032943424 3686912
2 10037551424 922112
2 10040316224 922112
2 10043081024 922112
2 10045845824 1843712
2 10048610624 922112
2 10050453824 1843712
2 10055061824 1843712
2 10057826624 922112
2 10061513024 922112
2 10065199424 1843712
2 10067964224 922112
2 10069807424 922112
2 10074415424 922112
2 10077180224 1843712
2 10079945024 2765312
2 10083631424 922112
2 10085474624 1843712
2 10088239424 2765312
2 10091925824 1843712
2 10094690624 922112
2 10097455424 922112
2 10099298624 3686912
2 10103906624 922112
2 10105749824 922112
2 10107593024 4608512
2 10114044224 922112
2 10115887424 1843712
2 10119573824 922112
2 10122338624 2765312
2 10126025024 922112
2 10127868224 2765312
2 10131554624 922112
2 10137084224 922112
2 10138927424 922112
2 10140770624 2765312
2 10144457024 922112
2 10148143424 922112
2 10149986624 1843712
2 10157359424 1843712
2 10161967424 922112
2 10164732224 3686912
2 10169340224 1843712
2 10173026624 922112
2 10174869824 922112
2 10176713024 1843712
2 10183164224 922112
2 10185929024 1843712
2 10189615424 2765312
2 10194223424 922112
2 10196066624 1843712
2 10201596224 1843712
2 10204361024 921600
2 11277979968 1050112
2 11280079168 525312
2 11281128768 1050112
2 11282703168 1574912
2 11285327168 525312
2 11286901568 1050112
2 11289000768 1050112
2 11290575168 1050112
2 11292674368 1574912
2 11294773568 1050112
2 11296347968 2624512
2 11300021568 525312
2 11301071168 525312
2 11302120768 1574912
2 11304219968 1574912
2 11309467968 525312
2 11310517568 1050112
2 11312616768 1050112
2 11314715968 1050112
2 11316290368 525312
2 11317339968 525312
2 11318914368 525312
2 11319963968 525312
2 11321538368 2624512
2 11325211968 1050112
2 11326786368 525312
2 11327835968 1050112
2 11329410368 525312
2 11331509568 1050112
2 11334133568 1050112
2 11335707968 1050112
2 11337282368 525312
2 11338331968 525312
2 11340955968 1050112
2 11344104768 1050112
2 11346203968 525312
2 11348827968 2624512
2 11351976768 2624512
2 11355125568 525312
2 11356699968 1574912
2 11358799168 1050112
2 11360373568 1050112
2 11361947968 1574912
2 11364571968 2099712
2 11367195968 1050112
2 11369295168 525312
2 11370344768 1574912
2 11372443968 525312
2 11375067968 1050112
2 11377167168 1050112
2 11378741568 1050112
2 11380315968 525312
2 11381890368 1050112
2 11383464768 1050112
2 11386088768 525312
2 11387138368 1050112
2 11391336768 525312
2 11392386368 525312
2 11393435968 1050112
2 11395010368 1574912
2 11397634368 1050112
2 11399208768 2099712
2 11402882368 3149312
2 11407080768 525312
2 11408130368 1050112
2 11409704768 1050112
2 11413378368 525312
2 11414952768 1050112
2 11416527168 2099712
2 11419151168 525312
2 11420725568 525312
2 11421775168 3149312
2 11425448768 525312
2 11427023168 525312
2 11428072768 1574912
2 11430171968 1050112
2 11432271168 525312
2 11433320768 6822912
2 11441192768 1574912
2 11444341568 1050112
2 11445915968 525312
2 11446965568 525312
2 11448015168 525312
2 11449064768 1050112
2 11451688768 1050112
2 11453787968 525312
2 11455362368 2099712
2 11457986368 525312
2 11459035968 525312
2 11460085568 525312
2 11461659968 1574912
2 11463759168 1574912
2 11466907968 525312
2 11468482368 525312
2 11469531968 1050112
2 11471631168 2099712
2 11474255168 525312
2 11476354368 1574912
2 11478978368 525312
2 11480552768 1050112
2 11482127168 1050112
2 11483701568 525312
2 11485275968 525312
2 11487375168 1574912
2 11489474368 1050112
2 11491048768 525312
2 11492098368 1574912
2 11494197568 1050112
2 11496296768 3149312
2 11501544768 1050112
2 11503119168 525312
2 11504693568 1574912
2 11506792768 525312
2 11507842368 525312
2 11509941568 525312
2 11510991168 1050112
2 11513090368 525312
2 11515714368 525312
2 11517288768 1574912
2 11519387968 525312
2 11520437568 1574912
2 11523586368 525312
2 11524635968 525312
2 11526210368 525312
2 11528309568 1574912
2 11531983168 525312
2 11534607168 525312
2 11535656768 4723712
2 11541429568 525312
2 11542479168 1574912
2 11545627968 1049600
2 11553274688 1050112
2 11555373888 525312
2 11556423488 1050112
2 11557997888 1574912
2 11560621888 525312
2 11562196288 1050112
2 11564295488 1050112
2 11565869888 1050112
2 11567969088 1574912
2 11570068288 1050112
2 11571642688 2624512
2 11575316288 525312
2 11576365888 525312
2 11577415488 1574912
2 11579514688 1574912
2 11584762688 525312
2 11585812288 1050112
2 11587911488 1050112
2 11590010688 1050112
2 11591585088 525312
2 11592634688 525312
2 11594209088 525312
2 11595258688 525312
2 11596833088 2624512
2 11600506688 1050112
2 11602081088 525312
2 11603130688 1050112
2 11604705088 525312
2 11606804288 1050112
2 11609428288 1050112
2 11611002688 1050112
2 11612577088 525312
2 11613626688 525312
2 11616250688 1050112
2 11619399488 1050112
2 11621498688 525312
2 11624122688 2624512
2 11627271488 2624512
2 11630420288 525312
2 11631994688 1574912
2 11634093888 1050112
2 11635668288 1050112
2 11637242688 1574912
2 11639866688 2099712
2 11642490688 1050112
2 11644589888 525312
2 11645639488 1574912
2 11647738688 525312
2 11650362688 1050112
2 11652461888 1050112
2 11654036288 1050112
2 11655610688 525312
2 11657185088 1050112
2 11658759488 1050112
2 11661383488 525312
2 11662433088 1050112
2 11666631488 525312
2 11667681088 525312
2 11668730688 1050112
2 11670305088 1574912
2 11672929088 1050112
2 11674503488 2099712
2 11678177088 3149312
2 11682375488 525312
2 11683425088 1050112
2 11684999488 1050112
2 11688673088 525312
2 11690247488 1050112
2 11691821888 2099712
2 11694445888 525312
2 11696020288 525312
2 11697069888 3149312
2 11700743488 525312
2 11702317888 525312
2 11703367488 1574912
2 11705466688 1050112
2 11707565888 525312
2 11708615488 6822912
2 11716487488 1574912
2 11719636288 1050112
2 11721210688 525312
2 11722260288 525312
2 11723309888 525312
2 11724359488 1050112
2 11726983488 1050112
2 11729082688 525312
2 11730657088 2099712
2 11733281088 525312
2 11734330688 525312
2 11735380288 525312
2 11736954688 1574912
2 11739053888 1574912
2 11742202688 525312
2 11743777088 525312
2 11744826688 1050112
2 11746925888 2099712
2 11749549888 525312
2 11751649088 1574912
2 11754273088 525312
2 11755847488 1050112
2 11757421888 1050112
2 11758996288 525312
2 11760570688 525312
2 11762669888 1574912
2 11764769088 1050112
2 11766343488 525312
2 11767393088 1574912
2 11769492288 1050112
2 11771591488 3149312
2 11776839488 1050112
2 11778413888 525312
2 11779988288 1574912
2 11782087488 525312
2 11783137088 525312
2 11785236288 525312
2 11786285888 1050112
2 11788385088 525312
2 11791009088 525312
2 11792583488 1574912
2 11794682688 525312
2 11795732288 1574912
2 11798881088 525312
2 11799930688 525312
2 11801505088 525312
2 11803604288 1574912
2 11807277888 525312
2 11809901888 525312
2 11810951488 4723712
2 11816724288 525312
2 11817773888 1574912
2 11820922688 1049600
2 10804379968 1843712
2 10808066368 922112
2 10809909568 1843712
2 10812674368 2765312
2 10817282368 922112
2 10820047168 1843712
2 10823733568 1843712
2 10826498368 1843712
2 10830184768 2765312
2 10833871168 1843712
2 10836635968 4608512
2 10843087168 922112
2 10844930368 922112
2 10846773568 2765312
2 10850459968 2765312
2 10859675968 922112
2 10861519168 1843712
2 10865205568 1843712
2 10868891968 1843712
2 10871656768 922112
2 10873499968 922112
2 10876264768 922112
2 10878107968 922112
2 10880872768 4608512
2 10887323968 1843712
2 10890088768 922112
2 10891931968 1843712
2 10894696768 922112
2 10898383168 1843712
2 10902991168 1843712
2 10905755968 1843712
2 10908520768 922112
2 10910363968 922112
2 10914971968 1843712
2 10920501568 1843712
2 10924187968 922112
2 10928795968 4608512
2 10934325568 4608512
2 10939855168 922112
2 10942619968 2765312
2 10946306368 1843712
2 10949071168 1843712
2 10951835968 2765312
2 10956443968 3686912
2 10961051968 1843712
2 10964738368 922112
2 10966581568 2765312
2 10970267968 922112
2 10974875968 1843712
2 10978562368 1843712
2 10981327168 1843712
2 10984091968 922112
2 10986856768 1843712
2 10989621568 1843712
2 10994229568 922112
2 10996072768 1843712
2 11003445568 922112
2 11005288768 922112
2 11007131968 1843712
2 11009896768 2765312
2 11014504768 1843712
2 11017269568 3686912
2 11023720768 5530112
2 11031093568 922112
2 11032936768 1843712
2 11035701568 1843712
2 11042152768 922112
2 11044917568 1843712
2 11047682368 3686912
2 11052290368 922112
2 11055055168 922112
2 11056898368 5530112
2 11063349568 922112
2 11066114368 922112
2 11067957568 2765312
2 11071643968 1843712
2 11075330368 922112
2 11077173568 11981312
2 11090997568 2765312
2 11096527168 1843712
2 11099291968 922112
2 11101135168 922112
2 11102978368 922112
2 11104821568 1843712
2 11109429568 1843712
2 11113115968 922112
2 11115880768 3686912
2 11120488768 922112
2 11122331968 922112
2 11124175168 922112
2 11126939968 2765312
2 11130626368 2765312
2 11136155968 922112
2 11138920768 922112
2 11140763968 1843712
2 11144450368 3686912
2 11149058368 922112
2 11152744768 2765312
2 11157352768 922112
2 11160117568 1843712
2 11162882368 1843712
2 11165647168 922112
2 11168411968 922112
2 11172098368 2765312
2 11175784768 1843712
2 11178549568 922112
2 11180392768 2765312
2 11184079168 1843712
2 11187765568 5530112
2 11196981568 1843712
2 11199746368 922112
2 11202511168 2765312
2 11206197568 922112
2 11208040768 922112
2 11211727168 922112
2 11213570368 1843712
2 11217256768 922112
2 11221864768 922112
2 11224629568 2765312
2 11228315968 922112
2 11230159168 2765312
2 11235688768 922112
2 11237531968 922112
2 11240296768 922112
2 11243983168 2765312
2 11250434368 922112
2 11255042368 922112
2 11256885568 8294912
2 11267023168 922112
2 11268866368 2765312
2 11274395968 1843200
2 12360233664 1050112
2 12362857664 2624512
2 12366531264 2624512
2 12370729664 1050112
2 12372304064 2099712
2 12374928064 1574912
2 12377552064 1050112
2 12379126464 525312
2 12380700864 525312
2 12381750464 2099712
2 12384374464 1050112
2 12385948864 2099712
2 12388572864 525312
2 12390147264 1574912
2 12392246464 525312
2 12393296064 525312
2 12395395264 2099712
2 12399593664 1050112
2 12401168064 525312
2 12402217664 2099712
2 12404841664 1050112
2 12406416064 1050112
2 12407990464 1050112
2 12410089664 1050112
2 12412188864 525312
2 12413763264 2624512
2 12416912064 525312
2 12418486464 1050112
2 12420060864 1050112
2 12423209664 1050112
2 12424784064 525312
2 12425833664 2624512
2 12430032064 1050112
2 12431606464 1050112
2 12434230464 525312
2 12435280064 525312
2 12437379264 525312
2 12438953664 525312
2 12440528064 2099712
2 12443152064 1050112
2 12445251264 525312
2 12446300864 525312
2 12447350464 3674112
2 12451548864 525312
2 12452598464 2624512
2 12456272064 525312
2 12457321664 2099712
2 12462044864 525312
2 12463094464 525312
2 12464144064 1050112
2 12465718464 525312
2 12466768064 1574912
2 12468867264 2624512
2 12472016064 525312
2 12474115264 525312
2 12475164864 1574912
2 12477264064 2624512
2 12481987264 525312
2 12484611264 1050112
2 12486185664 525312
2 12487235264 3149312
2 12490908864 525312
2 12491958464 1574912
2 12494582464 525312
2 12496681664 1574912
2 12498780864 1050112
2 12501404864 525312
2 12502979264 525312
2 12504028864 2099712
2 12506652864 525312
2 12507702464 1050112
2 12509801664 525312
2 12510851264 525312
2 12511900864 2624512
2 12515574464 525312
2 12516624064 4723712
2 12522921664 525312
2 12523971264 1050112
2 12525545664 525312
2 12526595264 525312
2 12527644864 1050112
2 12529219264 1050112
2 12531843264 2624512
2 12534992064 1050112
2 12537616064 525312
2 12539190464 2099712
2 12542339264 2624512
2 12546012864 1050112
2 12548112064 525312
2 12550736064 1050112
2 12552310464 525312
2 12553884864 525312
2 12554934464 1050112
2 12556508864 525312
2 12557558464 1050112
2 12559132864 1574912
2 12561232064 525312
2 12562806464 525312
2 12563856064 1574912
2 12566480064 1050112
2 12568579264 525312
2 12569628864 1050112
2 12571728064 525312
2 12572777664 1050112
2 12574352064 525312
2 12575401664 1050112
2 12577500864 1574912
2 12579600064 1574912
2 12581699264 525312
2 12583273664 1050112
2 12584848064 1050112
2 12587996864 525312
2 12589571264 525312
2 12592720064 1574912
2 12595344064 525312
2 12597443264 2624512
2 12600592064 1050112
2 12602166464 1050112
2 12603740864 1574912
2 12607414464 1574912
2 12610038464 1050112
2 12612137664 5773312
2 12618435264 525312
2 12621584064 525312
2 12622633664 1050112
2 12625257664 525312
2 12627881664 524800
2 12635528384 1050112
2 12638152384 2624512
2 12641825984 2624512
2 12646024384 1050112
2 12647598784 2099712
2 12650222784 1574912
2 12652846784 1050112
2 12654421184 525312
2 12655995584 525312
2 12657045184 2099712
2 12659669184 1050112
2 12661243584 2099712
2 12663867584 525312
2 12665441984 1574912
2 12667541184 525312
2 12668590784 525312
2 12670689984 2099712
2 12674888384 1050112
2 12676462784 525312
2 12677512384 2099712
2 12680136384 1050112
2 12681710784 1050112
2 12683285184 1050112
2 12685384384 1050112
2 12687483584 525312
2 12689057984 2624512
2 12692206784 525312
2 12693781184 1050112
2 12695355584 1050112
2 12698504384 1050112
2 12700078784 525312
2 12701128384 2624512
2 12705326784 1050112
2 12706901184 1050112
2 12709525184 525312
2 12710574784 525312
2 12712673984 525312
2 12714248384 525312
2 12715822784 2099712
2 12718446784 1050112
2 12720545984 525312
2 12721595584 525312
2 12722645184 3674112
2 12726843584 525312
2 12727893184 2624512
2 12731566784 525312
2 12732616384 2099712
2 12737339584 525312
2 12738389184 525312
2 12739438784 1050112
2 12741013184 525312
2 12742062784 1574912
2 12744161984 2624512
2 12747310784 525312
2 12749409984 525312
2 12750459584 1574912
2 12752558784 2624512
2 12757281984 525312
2 12759905984 1050112
2 12761480384 525312
2 12762529984 3149312
2 12766203584 525312
2 12767253184 1574912
2 12769877184 525312
2 12771976384 1574912
2 12774075584 1050112
2 12776699584 525312
2 12778273984 525312
2 12779323584 2099712
2 12781947584 525312
2 12782997184 1050112
2 12785096384 525312
2 12786145984 525312
2 12787195584 2624512
2 12790869184 525312
2 12791918784 4723712
2 12798216384 525312
2 12799265984 1050112
2 12800840384 525312
2 12801889984 525312
2 12802939584 1050112
2 12804513984 1050112
2 12807137984 2624512
2 12810286784 1050112
2 12812910784 525312
2 12814485184 2099712
2 12817633984 2624512
2 12821307584 1050112
2 12823406784 525312
2 12826030784 1050112
2 12827605184 525312
2 12829179584 525312
2 12830229184 1050112
2 12831803584 525312
2 12832853184 1050112
2 12834427584 1574912
2 12836526784 525312
2 12838101184 525312
2 12839150784 1574912
2 12841774784 1050112
2 12843873984 525312
2 12844923584 1050112
2 12847022784 525312
2 12848072384 1050112
2 12849646784 525312
2 12850696384 1050112
2 12852795584 1574912
2 12854894784 1574912
2 12856993984 525312
2 12858568384 1050112
2 12860142784 1050112
2 12863291584 525312
2 12864865984 525312
2 12868014784 1574912
2 12870638784 525312
2 12872737984 2624512
2 12875886784 1050112
2 12877461184 1050112
2 12879035584 1574912
2 12882709184 1574912
2 12885333184 1050112
2 12887432384 5773312
2 12893729984 525312
2 12896878784 525312
2 12897928384 1050112
2 12900552384 525312
2 12903176384 524800
2 11887030464 1843712
2 11891638464 4608512
2 11898089664 4608512
2 11905462464 1843712
2 11908227264 3686912
2 11912835264 2765312
2 11917443264 1843712
2 11920208064 922112
2 11922972864 922112
2 11924816064 3686912
2 11929424064 1843712
2 11932188864 3686912
2 11936796864 922112
2 11939561664 2765312
2 11943248064 922112
2 11945091264 922112
2 11948777664 3686912
2 11956150464 1843712
2 11958915264 922112
2 11960758464 3686912
2 11965366464 1843712
2 11968131264 1843712
2 11970896064 1843712
2 11974582464 1843712
2 11978268864 922112
2 11981033664 4608512
2 11986563264 922112
2 11989328064 1843712
2 11992092864 1843712
2 11997622464 1843712
2 12000387264 922112
2 12002230464 4608512
2 12009603264 1843712
2 12012368064 1843712
2 12016976064 922112
2 12018819264 922112
2 12022505664 922112
2 12025270464 922112
2 12028035264 3686912
2 12032643264 1843712
2 12036329664 922112
2 12038172864 922112
2 12040016064 6451712
2 12047388864 922112
2 12049232064 4608512
2 12055683264 922112
2 12057526464 3686912
2 12065820864 922112
2 12067664064 922112
2 12069507264 1843712
2 12072272064 922112
2 12074115264 2765312
2 12077801664 4608512
2 12083331264 922112
2 12087017664 922112
2 12088860864 2765312
2 12092547264 4608512
2 12100841664 922112
2 12105449664 1843712
2 12108214464 922112
2 12110057664 5530112
2 12116508864 922112
2 12118352064 2765312
2 12122960064 922112
2 12126646464 2765312
2 12130332864 1843712
2 12134940864 922112
2 12137705664 922112
2 12139548864 3686912
2 12144156864 922112
2 12146000064 1843712
2 12149686464 922112
2 12151529664 922112
2 12153372864 4608512
2 12159824064 922112
2 12161667264 8294912
2 12172726464 922112
2 12174569664 1843712
2 12177334464 922112
2 12179177664 922112
2 12181020864 1843712
2 12183785664 1843712
2 12188393664 4608512
2 12193923264 1843712
2 12198531264 922112
2 12201296064 3686912
2 12206825664 4608512
2 12213276864 1843712
2 12216963264 922112
2 12221571264 1843712
2 12224336064 922112
2 12227100864 922112
2 12228944064 1843712
2 12231708864 922112
2 12233552064 1843712
2 12236316864 2765312
2 12240003264 922112
2 12242768064 922112
2 12244611264 2765312
2 12249219264 1843712
2 12252905664 922112
2 12254748864 1843712
2 12258435264 922112
2 12260278464 1843712
2 12263043264 922112
2 12264886464 1843712
2 12268572864 2765312
2 12272259264 2765312
2 12275945664 922112
2 12278710464 1843712
2 12281475264 1843712
2 12287004864 922112
2 12289769664 922112
2 12295299264 2765312
2 12299907264 922112
2 12303593664 4608512
2 12309123264 1843712
2 12311888064 1843712
2 12314652864 2765312
2 12321104064 2765312
2 12325712064 1843712
2 12329398464 10138112
2 12340457664 922112
2 12345987264 922112
2 12347830464 1843712
2 12352438464 922112
2 12357046464 921600
2 13441962560 525312
2 13443012160 525312
2 13444061760 1050112
2 13448260160 2099712
2 13450884160 1574912
2 13454032960 1050112
2 13456132160 525312
2 13457181760 525312
2 13458231360 1050112
2 13459805760 1574912
2 13461904960 2099712
2 13464528960 2624512
2 13468202560 525312
2 13470301760 1574912
2 13473450560 525312
2 13474500160 1574912
2 13476599360 1050112
2 13478173760 525312
2 13479748160 1050112
2 13481322560 1574912
2 13483421760 525312
2 13484471360 525312
2 13485520960 1050112
2 13487620160 1574912
2 13489719360 2624512
2 13492868160 1050112
2 13494967360 2099712
2 13497591360 525312
2 13499165760 525312
2 13500215360 525312
2 13501789760 525312
2 13502839360 525312
2 13503888960 525312
2 13506512960 525312
2 13507562560 525312
2 13509136960 2099712
2 13511760960 525312
2 13512810560 1574912
2 13514909760 525312
2 13515959360 1050112
2 13517533760 525312
2 13518583360 525312
2 13521732160 1050112
2 13524356160 2099712
2 13527504960 525312
2 13530128960 525312
2 13531178560 525312
2 13532752960 1050112
2 13537476160 1050112
2 13539050560 3674112
2 13543248960 1050112
2 13544823360 525312
2 13546397760 525312
2 13547972160 525312
2 13549546560 1574912
2 13551645760 2099712
2 13554269760 525312
2 13555844160 525312
2 13557943360 525312
2 13560042560 525312
2 13561616960 525312
2 13562666560 525312
2 13563716160 2099712
2 13566340160 3149312
2 13570538560 525312
2 13572112960 1574912
2 13575786560 525312
2 13576836160 1050112
2 13578935360 1050112
2 13581559360 1574912
2 13584708160 3149312
2 13588381760 2624512
2 13592055360 1050112
2 13594154560 2099712
2 13597828160 525312
2 13598877760 3149312
2 13603076160 525312
2 13604650560 3674112
2 13609373760 2624512
2 13613572160 525312
2 13614621760 525312
2 13615671360 1574912
2 13620394560 525312
2 13621968960 1050112
2 13623543360 525312
2 13624592960 2099712
2 13627216960 1574912
2 13631415360 525312
2 13632989760 2099712
2 13637712960 525312
2 13641386560 525312
2 13642436160 1050112
2 13644010560 2099712
2 13646634560 1050112
2 13648208960 1574912
2 13650308160 1050112
2 13651882560 525312
2 13652932160 2099712
2 13655556160 1050112
2 13657655360 525312
2 13659754560 1050112
2 13661328960 1574912
2 13663952960 525312
2 13665527360 1574912
2 13667626560 525312
2 13669725760 2624512
2 13672874560 525312
2 13675498560 5773312
2 13682320960 1574912
2 13686519360 525312
2 13688093760 2624512
2 13691242560 1050112
2 13692816960 525312
2 13694916160 1050112
2 13696490560 1050112
2 13698064960 525312
2 13699114560 525312
2 13702263360 1050112
2 13703837760 525312
2 13704887360 525312
2 13705936960 1574912
2 13708560960 525312
2 13717257280 525312
2 13718306880 525312
2 13719356480 1050112
2 13723554880 2099712
2 13726178880 1574912
2 13729327680 1050112
2 13731426880 525312
2 13732476480 525312
2 13733526080 1050112
2 13735100480 1574912
2 13737199680 2099712
2 13739823680 2624512
2 13743497280 525312
2 13745596480 1574912
2 13748745280 525312
2 13749794880 1574912
2 13751894080 1050112
2 13753468480 525312
2 13755042880 1050112
2 13756617280 1574912
2 13758716480 525312
2 13759766080 525312
2 13760815680 1050112
2 13762914880 1574912
2 13765014080 2624512
2 13768162880 1050112
2 13770262080 2099712
2 13772886080 525312
2 13774460480 525312
2 13775510080 525312
2 13777084480 525312
2 13778134080 525312
2 13779183680 525312
2 13781807680 525312
2 13782857280 525312
2 13784431680 2099712
2 13787055680 525312
2 13788105280 1574912
2 13790204480 525312
2 13791254080 1050112
2 13792828480 525312
2 13793878080 525312
2 13797026880 1050112
2 13799650880 2099712
2 13802799680 525312
2 13805423680 525312
2 13806473280 525312
2 13808047680 1050112
2 13812770880 1050112
2 13814345280 3674112
2 13818543680 1050112
2 13820118080 525312
2 13821692480 525312
2 13823266880 525312
2 13824841280 1574912
2 13826940480 2099712
2 13829564480 525312
2 13831138880 525312
2 13833238080 525312
2 13835337280 525312
2 13836911680 525312
2 13837961280 525312
2 13839010880 2099712
2 13841634880 3149312
2 13845833280 525312
2 13847407680 1574912
2 13851081280 525312
2 13852130880 1050112
2 13854230080 1050112
2 13856854080 1574912
2 13860002880 3149312
2 13863676480 2624512
2 13867350080 1050112
2 13869449280 2099712
2 13873122880 525312
2 13874172480 3149312
2 13878370880 525312
2 13879945280 3674112
2 13884668480 2624512
2 13888866880 525312
2 13889916480 525312
2 13890966080 1574912
2 13895689280 525312
2 13897263680 1050112
2 13898838080 525312
2 13899887680 2099712
2 13902511680 1574912
2 13906710080 525312
2 13908284480 2099712
2 13913007680 525312
2 13916681280 525312
2 13917730880 1050112
2 13919305280 2099712
2 13921929280 1050112
2 13923503680 1574912
2 13925602880 1050112
2 13927177280 525312
2 13928226880 2099712
2 13930850880 1050112
2 13932950080 525312
2 13935049280 1050112
2 13936623680 1574912
2 13939247680 525312
2 13940822080 1574912
2 13942921280 525312
2 13945020480 2624512
2 13948169280 525312
2 13950793280 5773312
2 13957615680 1574912
2 13961814080 525312
2 13963388480 2624512
2 13966537280 1050112
2 13968111680 525312
2 13970210880 1050112
2 13971785280 1050112
2 13973359680 525312
2 13974409280 525312
2 13977558080 1050112
2 13979132480 525312
2 13980182080 525312
2 13981231680 1574912
2 13983855680 525312
2 12968759360 922112
2 12970602560 922112
2 12972445760 1843712
2 12979818560 3686912
2 12984426560 2765312
2 12989956160 1843712
2 12993642560 922112
2 12995485760 922112
2 12997328960 1843712
2 13000093760 2765312
2 13003780160 3686912
2 13008388160 4608512
2 13014839360 922112
2 13018525760 2765312
2 13024055360 922112
2 13025898560 2765312
2 13029584960 1843712
2 13032349760 922112
2 13035114560 1843712
2 13037879360 2765312
2 13041565760 922112
2 13043408960 922112
2 13045252160 1843712
2 13048938560 2765312
2 13052624960 4608512
2 13058154560 1843712
2 13061840960 3686912
2 13066448960 922112
2 13069213760 922112
2 13071056960 922112
2 13073821760 922112
2 13075664960 922112
2 13077508160 922112
2 13082116160 922112
2 13083959360 922112
2 13086724160 3686912
2 13091332160 922112
2 13093175360 2765312
2 13096861760 922112
2 13098704960 1843712
2 13101469760 922112
2 13103312960 922112
2 13108842560 1843712
2 13113450560 3686912
2 13118980160 922112
2 13123588160 922112
2 13125431360 922112
2 13128196160 1843712
2 13136490560 1843712
2 13139255360 6451712
2 13146628160 1843712
2 13149392960 922112
2 13152157760 922112
2 13154922560 922112
2 13157687360 2765312
2 13161373760 3686912
2 13165981760 922112
2 13168746560 922112
2 13172432960 922112
2 13176119360 922112
2 13178884160 922112
2 13180727360 922112
2 13182570560 3686912
2 13187178560 5530112
2 13194551360 922112
2 13197316160 2765312
2 13203767360 922112
2 13205610560 1843712
2 13209296960 1843712
2 13213904960 2765312
2 13219434560 5530112
2 13225885760 4608512
2 13232336960 1843712
2 13236023360 3686912
2 13242474560 922112
2 13244317760 5530112
2 13251690560 922112
2 13254455360 6451712
2 13262749760 4608512
2 13270122560 922112
2 13271965760 922112
2 13273808960 2765312
2 13282103360 922112
2 13284868160 1843712
2 13287632960 922112
2 13289476160 3686912
2 13294084160 2765312
2 13301456960 922112
2 13304221760 3686912
2 13312516160 922112
2 13318967360 922112
2 13320810560 1843712
2 13323575360 3686912
2 13328183360 1843712
2 13330948160 2765312
2 13334634560 1843712
2 13337399360 922112
2 13339242560 3686912
2 13343850560 1843712
2 13347536960 922112
2 13351223360 1843712
2 13353988160 2765312
2 13358596160 922112
2 13361360960 2765312
2 13365047360 922112
2 13368733760 4608512
2 13374263360 922112
2 13378871360 10138112
2 13390852160 2765312
2 13398224960 922112
2 13400989760 4608512
2 13406519360 1843712
2 13409284160 922112
2 13412970560 1843712
2 13415735360 1843712
2 13418500160 922112
2 13420343360 922112
2 13425872960 1843712
2 13428637760 922112
2 13430480960 922112
2 13432324160 2765312
2 13436932160 922112
2 14532768704 1574912
2 14539591104 525312
2 14540640704 1050112
2 14543789504 525312
2 14544839104 1050112
2 14547463104 4198912
2 14552186304 525312
2 14553760704 525312
2 14555859904 1050112
2 14557959104 1050112
2 14559533504 1050112
2 14561632704 525312
2 14562682304 525312
2 14563731904 1050112
2 14565306304 525312
2 14566880704 525312
2 14568455104 525312
2 14571079104 525312
2 14572128704 525312
2 14575802304 1574912
2 14582099904 2099712
2 14584723904 525312
2 14589447104 525312
2 14592071104 525312
2 14594170304 525312
2 14596269504 2099712
2 14599418304 525312
2 14600467904 1050112
2 14602042304 525312
2 14603091904 1050112
2 14604666304 525312
2 14606240704 1050112
2 14608864704 1050112
2 14611488704 525312
2 14616736704 1050112
2 14618311104 525312
2 14619360704 525312
2 14620410304 1574912
2 14626183104 1050112
2 14627757504 525312
2 14629331904 525312
2 14630906304 525312
2 14631955904 525312
2 14633530304 1050112
2 14637203904 525312
2 14638778304 1050112
2 14640352704 1050112
2 14642451904 2099712
2 14645075904 525312
2 14646125504 1574912
2 14648749504 525312
2 14650848704 525312
2 14653997504 525312
2 14656096704 525312
2 14657146304 525312
2 14658195904 525312
2 14660295104 1050112
2 14663443904 525312
2 14665018304 525312
2 14666067904 525312
2 14669216704 525312
2 14670266304 525312
2 14671840704 525312
2 14673415104 1574912
2 14676563904 525312
2 14677613504 1050112
2 14680237504 525312
2 14682336704 1050112
2 14683911104 1574912
2 14686535104 1050112
2 14691258304 525312
2 14692307904 1050112
2 14695456704 525312
2 14696506304 525312
2 14697555904 1574912
2 14700179904 525312
2 14701754304 1050112
2 14703328704 525312
2 14707527104 1050112
2 14709626304 525312
2 14711200704 1050112
2 14713299904 1050112
2 14716448704 525312
2 14717498304 525312
2 14720647104 1050112
2 14723795904 1050112
2 14725370304 525312
2 14726419904 525312
2 14728519104 1574912
2 14730618304 525312
2 14733767104 525312
2 14737440704 2099712
2 14740589504 525312
2 14742163904 525312
2 14743738304 525312
2 14744787904 1050112
2 14748986304 525312
2 14752135104 525312
2 14753184704 525312
2 14755808704 2099712
2 14758432704 525312
2 14761056704 525312
2 14762631104 525312
2 14765255104 525312
2 14768928704 525312
2 14770503104 525312
2 14776800704 525312
2 14777850304 525312
2 14778899904 525312
2 14780999104 525312
2 14783098304 525312
2 14784672704 2099712
2 14787296704 525312
2 14788346304 1574912
2 14793594304 525312
2 14795168704 525312
2 14796218304 525312
2 14797267904 525312
2 14808063424 1574912
2 14814885824 525312
2 14815935424 1050112
2 14819084224 525312
2 14820133824 1050112
2 14822757824 4198912
2 14827481024 525312
2 14829055424 525312
2 14831154624 1050112
2 14833253824 1050112
2 14834828224 1050112
2 14836927424 525312
2 14837977024 525312
2 14839026624 1050112
2 14840601024 525312
2 14842175424 525312
2 14843749824 525312
2 14846373824 525312
2 14847423424 525312
2 14851097024 1574912
2 14857394624 2099712
2 14860018624 525312
2 14864741824 525312
2 14867365824 525312
2 14869465024 525312
2 14871564224 2099712
2 14874713024 525312
2 14875762624 1050112
2 14877337024 525312
2 14878386624 1050112
2 14879961024 525312
2 14881535424 1050112
2 14884159424 1050112
2 14886783424 525312
2 14892031424 1050112
2 14893605824 525312
2 14894655424 525312
2 14895705024 1574912
2 14901477824 1050112
2 14903052224 525312
2 14904626624 525312
2 14906201024 525312
2 14907250624 525312
2 14908825024 1050112
2 14912498624 525312
2 14914073024 1050112
2 14915647424 1050112
2 14917746624 2099712
2 14920370624 525312
2 14921420224 1574912
2 14924044224 525312
2 14926143424 525312
2 14929292224 525312
2 14931391424 525312
2 14932441024 525312
2 14933490624 525312
2 14935589824 1050112
2 14938738624 525312
2 14940313024 525312
2 14941362624 525312
2 14944511424 525312
2 14945561024 525312
2 14947135424 525312
2 14948709824 1574912
2 14951858624 525312
2 14952908224 1050112
2 14955532224 525312
2 14957631424 1050112
2 14959205824 1574912
2 14961829824 1050112
2 14966553024 525312
2 14967602624 1050112
2 14970751424 525312
2 14971801024 525312
2 14972850624 1574912
2 14975474624 525312
2 14977049024 1050112
2 14978623424 525312
2 14982821824 1050112
2 14984921024 525312
2 14986495424 1050112
2 14988594624 1050112
2 14991743424 525312
2 14992793024 525312
2 14995941824 1050112
2 14999090624 1050112
2 15000665024 525312
2 15001714624 525312
2 15003813824 1574912
2 15005913024 525312
2 15009061824 525312
2 15012735424 2099712
2 15015884224 525312
2 15017458624 525312
2 15019033024 525312
2 15020082624 1050112
2 15024281024 525312
2 15027429824 525312
2 15028479424 525312
2 15031103424 2099712
2 15033727424 525312
2 15036351424 525312
2 15037925824 525312
2 15040549824 525312
2 15044223424 525312
2 15045797824 525312
2 15052095424 525312
2 15053145024 525312
2 15054194624 525312
2 15056293824 525312
2 15058393024 525312
2 15059967424 2099712
2 15062591424 525312
2 15063641024 1574912
2 15068889024 525312
2 15070463424 525312
2 15071513024 525312
2 15072562624 525312
2 14061549504 2765312
2 14073530304 922112
2 14075373504 1843712
2 14080903104 922112
2 14082746304 1843712
2 14087354304 7373312
2 14095648704 922112
2 14098413504 922112
2 14102099904 1843712
2 14105786304 1843712
2 14108551104 1843712
2 14112237504 922112
2 14114080704 922112
2 14115923904 1843712
2 14118688704 922112
2 14121453504 922112
2 14124218304 922112
2 14128826304 922112
2 14130669504 922112
2 14137120704 2765312
2 14148179904 3686912
2 14152787904 922112
2 14161082304 922112
2 14165690304 922112
2 14169376704 922112
2 14173063104 3686912
2 14178592704 922112
2 14180435904 1843712
2 14183200704 922112
2 14185043904 1843712
2 14187808704 922112
2 14190573504 1843712
2 14195181504 1843712
2 14199789504 922112
2 14209005504 1843712
2 14211770304 922112
2 14213613504 922112
2 14215456704 2765312
2 14225594304 1843712
2 14228359104 922112
2 14231123904 922112
2 14233888704 922112
2 14235731904 922112
2 14238496704 1843712
2 14244947904 922112
2 14247712704 1843712
2 14250477504 1843712
2 14254163904 3686912
2 14258771904 922112
2 14260615104 2765312
2 14265223104 922112
2 14268909504 922112
2 14274439104 922112
2 14278125504 922112
2 14279968704 922112
2 14281811904 922112
2 14285498304 1843712
2 14291027904 922112
2 14293792704 922112
2 14295635904 922112
2 14301165504 922112
2 14303008704 922112
2 14305773504 922112
2 14308538304 2765312
2 14314067904 922112
2 14315911104 1843712
2 14320519104 922112
2 14324205504 1843712
2 14326970304 2765312
2 14331578304 1843712
2 14339872704 922112
2 14341715904 1843712
2 14347245504 922112
2 14349088704 922112
2 14350931904 2765312
2 14355539904 922112
2 14358304704 1843712
2 14361069504 922112
2 14368442304 1843712
2 14372128704 922112
2 14374893504 1843712
2 14378579904 1843712
2 14384109504 922112
2 14385952704 922112
2 14391482304 1843712
2 14397011904 1843712
2 14399776704 922112
2 14401619904 922112
2 14405306304 2765312
2 14408992704 922112
2 14414522304 922112
2 14420973504 3686912
2 14426503104 922112
2 14429267904 922112
2 14432032704 922112
2 14433875904 1843712
2 14441248704 922112
2 14446778304 922112
2 14448621504 922112
2 14453229504 3686912
2 14457837504 922112
2 14462445504 922112
2 14465210304 922112
2 14469818304 922112
2 14476269504 922112
2 14479034304 922112
2 14490093504 922112
2 14491936704 922112
2 14493779904 922112
2 14497466304 922112
2 14501152704 922112
2 14503917504 3686912
2 14508525504 922112
2 14510368704 2765312
2 14519584704 922112
2 14522349504 922112
2 14524192704 922112
2 14526035904 922112
2 15601101248 1050112
2 15605824448 1050112
2 15608973248 1050112
2 15611072448 2099712
2 15613696448 1050112
2 15615270848 525312
2 15616845248 3149312
2 15620518848 1050112
2 15622618048 1050112
2 15625766848 1050112
2 15627341248 1050112
2 15629965248 1574912
2 15632064448 1574912
2 15634688448 525312
2 15635738048 1050112
2 15637312448 525312
2 15638886848 2099712
2 15643085248 525312
2 15644134848 525312
2 15646234048 1050112
2 15647808448 1574912
2 15649907648 1574912
2 15653581248 1050112
2 15657779648 1050112
2 15659354048 525312
2 15660928448 525312
2 15663552448 525312
2 15664602048 1050112
2 15667226048 525312
2 15668800448 1050112
2 15671424448 525312
2 15674048448 525312
2 15675098048 1574912
2 15677197248 2099712
2 15680346048 1050112
2 15682970048 1050112
2 15684544448 1050112
2 15686118848 525312
2 15688742848 1050112
2 15690317248 525312
2 15691366848 1574912
2 15694515648 2099712
2 15697664448 525312
2 15698714048 525312
2 15699763648 1574912
2 15702912448 525312
2 15703962048 525312
2 15705536448 1050112
2 15707635648 525312
2 15709210048 1050112
2 15710784448 525312
2 15712358848 525312
2 15713408448 1050112
2 15714982848 525312
2 15716032448 1050112
2 15717606848 3149312
2 15722854848 525312
2 15723904448 525312
2 15726528448 525312
2 15728102848 2624512
2 15731251648 2099712
2 15733875648 1050112
2 15737024448 2099712
2 15739648448 525312
2 15741747648 2099712
2 15745421248 1574912
2 15747520448 525312
2 15749094848 525312
2 15750144448 1574912
2 15753818048 525312
2 15754867648 525312
2 15756442048 525312
2 15758016448 525312
2 15760115648 525312
2 15761165248 525312
2 15762739648 525312
2 15763789248 1574912
2 15766413248 525312
2 15769562048 3674112
2 15773760448 1050112
2 15775334848 1050112
2 15777434048 1050112
2 15779533248 525312
2 15780582848 525312
2 15781632448 525312
2 15783206848 525312
2 15784781248 525312
2 15785830848 525312
2 15786880448 525312
2 15788979648 1050112
2 15791078848 525312
2 15793702848 525312
2 15794752448 525312
2 15797901248 525312
2 15799475648 1050112
2 15801050048 525312
2 15806298048 1050112
2 15807872448 1574912
2 15809971648 525312
2 15811546048 1050112
2 15813120448 525312
2 15815219648 525312
2 15817843648 1050112
2 15821517248 1050112
2 15823091648 525312
2 15825190848 1050112
2 15826765248 1574912
2 15830963648 1050112
2 15832538048 1050112
2 15834637248 525312
2 15837786048 1574912
2 15841459648 525312
2 15843558848 525312
2 15844608448 1574912
2 15847232448 1050112
2 15850381248 525312
2 15851955648 1050112
2 15853530048 1050112
2 15855629248 1050112
2 15857203648 525312
2 15860352448 525312
2 15861926848 525312
2 15862976448 1050112
2 15865600448 525312
2 15867174848 525312
2 15876395968 1050112
2 15881119168 1050112
2 15884267968 1050112
2 15886367168 2099712
2 15888991168 1050112
2 15890565568 525312
2 15892139968 3149312
2 15895813568 1050112
2 15897912768 1050112
2 15901061568 1050112
2 15902635968 1050112
2 15905259968 1574912
2 15907359168 1574912
2 15909983168 525312
2 15911032768 1050112
2 15912607168 525312
2 15914181568 2099712
2 15918379968 525312
2 15919429568 525312
2 15921528768 1050112
2 15923103168 1574912
2 15925202368 1574912
2 15928875968 1050112
2 15933074368 1050112
2 15934648768 525312
2 15936223168 525312
2 15938847168 525312
2 15939896768 1050112
2 15942520768 525312
2 15944095168 1050112
2 15946719168 525312
2 15949343168 525312
2 15950392768 1574912
2 15952491968 2099712
2 15955640768 1050112
2 15958264768 1050112
2 15959839168 1050112
2 15961413568 525312
2 15964037568 1050112
2 15965611968 525312
2 15966661568 1574912
2 15969810368 2099712
2 15972959168 525312
2 15974008768 525312
2 15975058368 1574912
2 15978207168 525312
2 15979256768 525312
2 15980831168 1050112
2 15982930368 525312
2 15984504768 1050112
2 15986079168 525312
2 15987653568 525312
2 15988703168 1050112
2 15990277568 525312
2 15991327168 1050112
2 15992901568 3149312
2 15998149568 525312
2 15999199168 525312
2 16001823168 525312
2 16003397568 2624512
2 16006546368 2099712
2 16009170368 1050112
2 16012319168 2099712
2 16014943168 525312
2 16017042368 2099712
2 16020715968 1574912
2 16022815168 525312
2 16024389568 525312
2 16025439168 1574912
2 16029112768 525312
2 16030162368 525312
2 16031736768 525312
2 16033311168 525312
2 16035410368 525312
2 16036459968 525312
2 16038034368 525312
2 16039083968 1574912
2 16041707968 525312
2 16044856768 3674112
2 16049055168 1050112
2 16050629568 1050112
2 16052728768 1050112
2 16054827968 525312
2 16055877568 525312
2 16056927168 525312
2 16058501568 525312
2 16060075968 525312
2 16061125568 525312
2 16062175168 525312
2 16064274368 1050112
2 16066373568 525312
2 16068997568 525312
2 16070047168 525312
2 16073195968 525312
2 16074770368 1050112
2 16076344768 525312
2 16081592768 1050112
2 16083167168 1574912
2 16085266368 525312
2 16086840768 1050112
2 16088415168 525312
2 16090514368 525312
2 16093138368 1050112
2 16096811968 1050112
2 16098386368 525312
2 16100485568 1050112
2 16102059968 1574912
2 16106258368 1050112
2 16107832768 1050112
2 16109931968 525312
2 16113080768 1574912
2 16116754368 525312
2 16118853568 525312
2 16119903168 1574912
2 16122527168 1050112
2 16125675968 525312
2 16127250368 1050112
2 16128824768 1050112
2 16130923968 1050112
2 16132498368 525312
2 16135647168 525312
2 16137221568 525312
2 16138271168 1050112
2 16140895168 525312
2 16142469568 525312
2 15127898048 1843712
2 15136192448 1843712
2 15141722048 1843712
2 15145408448 3686912
2 15150016448 1843712
2 15152781248 922112
2 15155546048 5530112
2 15161997248 1843712
2 15165683648 1843712
2 15171213248 1843712
2 15173978048 1843712
2 15178586048 2765312
2 15182272448 2765312
2 15186880448 922112
2 15188723648 1843712
2 15191488448 922112
2 15194253248 3686912
2 15201626048 922112
2 15203469248 922112
2 15207155648 1843712
2 15209920448 2765312
2 15213606848 2765312
2 15220058048 1843712
2 15227430848 1843712
2 15230195648 922112
2 15232960448 922112
2 15237568448 922112
2 15239411648 1843712
2 15244019648 922112
2 15246784448 1843712
2 15251392448 922112
2 15256000448 922112
2 15257843648 2765312
2 15261530048 3686912
2 15267059648 1843712
2 15271667648 1843712
2 15274432448 1843712
2 15277197248 922112
2 15281805248 1843712
2 15284570048 922112
2 15286413248 2765312
2 15291942848 3686912
2 15297472448 922112
2 15299315648 922112
2 15301158848 2765312
2 15306688448 922112
2 15308531648 922112
2 15311296448 1843712
2 15314982848 922112
2 15317747648 1843712
2 15320512448 922112
2 15323277248 922112
2 15325120448 1843712
2 15327885248 922112
2 15329728448 1843712
2 15332493248 5530112
2 15341709248 922112
2 15343552448 922112
2 15348160448 922112
2 15350925248 4608512
2 15356454848 3686912
2 15361062848 1843712
2 15366592448 3686912
2 15371200448 922112
2 15374886848 3686912
2 15381338048 2765312
2 15385024448 922112
2 15387789248 922112
2 15389632448 2765312
2 15396083648 922112
2 15397926848 922112
2 15400691648 922112
2 15403456448 922112
2 15407142848 922112
2 15408986048 922112
2 15411750848 922112
2 15413594048 2765312
2 15418202048 922112
2 15423731648 6451712
2 15431104448 1843712
2 15433869248 1843712
2 15437555648 1843712
2 15441242048 922112
2 15443085248 922112
2 15444928448 922112
2 15447693248 922112
2 15450458048 922112
2 15452301248 922112
2 15454144448 922112
2 15457830848 1843712
2 15461517248 922112
2 15466125248 922112
2 15467968448 922112
2 15473498048 922112
2 15476262848 1843712
2 15479027648 922112
2 15488243648 1843712
2 15491008448 2765312
2 15494694848 922112
2 15497459648 1843712
2 15500224448 922112
2 15503910848 922112
2 15508518848 1843712
2 15514970048 1843712
2 15517734848 922112
2 15521421248 1843712
2 15524186048 2765312
2 15531558848 1843712
2 15534323648 1843712
2 15538010048 922112
2 15543539648 2765312
2 15549990848 922112
2 15553677248 922112
2 15555520448 2765312
2 15560128448 1843712
2 15565658048 922112
2 15568422848 1843712
2 15571187648 1843712
2 15574874048 1843712
2 15577638848 922112
2 15583168448 922112
2 15585933248 922112
2 15587776448 1843712
2 15592384448 922112
2 15595149248 922112
2 16682305344 525312
2 16683354944 525312
2 16685454144 1050112
2 16687553344 1574912
2 16689652544 2099712
2 16695425344 525312
2 16696474944 1050112
2 16698049344 1050112
2 16700148544 525312
2 16702247744 1574912
2 16704346944 1574912
2 16706970944 2624512
2 16710119744 1050112
2 16711694144 2099712
2 16714318144 1574912
2 16716942144 525312
2 16717991744 1574912
2 16720090944 1574912
2 16723239744 1050112
2 16724814144 525312
2 16725863744 2624512
2 16729537344 525312
2 16732161344 525312
2 16733735744 525312
2 16735310144 1050112
2 16736884544 1574912
2 16738983744 1050112
2 16740558144 1574912
2 16743182144 525312
2 16744231744 525312
2 16745281344 2099712
2 16747905344 1574912
2 16751578944 1050112
2 16753678144 1050112
2 16755777344 1050112
2 16758401344 525312
2 16759450944 525312
2 16761550144 525312
2 16764174144 525312
2 16765223744 1574912
2 16767847744 1050112
2 16772570944 2099712
2 16775719744 525312
2 16776769344 525312
2 16779918144 1050112
2 16782017344 2624512
2 16786740544 525312
2 16787790144 525312
2 16789364544 525312
2 16790938944 2624512
2 16794612544 1574912
2 16796711744 525312
2 16797761344 3149312
2 16801959744 525312
2 16803009344 1050112
2 16805108544 525312
2 16806682944 1050112
2 16808257344 525312
2 16809306944 1574912
2 16811406144 525312
2 16814554944 1574912
2 16817703744 2099712
2 16820327744 525312
2 16821377344 1574912
2 16824001344 525312
2 16825575744 525312
2 16828199744 1050112
2 16830823744 2099712
2 16833447744 525312
2 16836596544 525312
2 16838170944 525312
2 16839220544 525312
2 16840794944 1050112
2 16842369344 1574912
2 16844468544 525312
2 16846042944 1050112
2 16850766144 4723712
2 16856014144 2099712
2 16858638144 1050112
2 16862311744 525312
2 16864410944 525312
2 16865460544 525312
2 16866510144 525312
2 16869658944 525312
2 16870708544 1574912
2 16872807744 1574912
2 16874906944 525312
2 16875956544 2099712
2 16881204544 525312
2 16882778944 1050112
2 16884878144 1050112
2 16886452544 1574912
2 16889076544 525312
2 16890126144 525312
2 16891175744 525312
2 16892750144 1574912
2 16896948544 1574912
2 16899047744 1050112
2 16901671744 1050112
2 16903770944 525312
2 16905345344 1050112
2 16907444544 1050112
2 16909018944 525312
2 16910593344 525312
2 16911642944 525312
2 16913217344 2099712
2 16917940544 525312
2 16919514944 1050112
2 16921089344 1574912
2 16923713344 2099712
2 16926337344 3674112
2 16931060544 525312
2 16932110144 1050112
2 16934209344 525312
2 16936308544 3149312
2 16941556544 3674112
2 16946279744 1574912
2 16948903744 525312
2 16957600064 525312
2 16958649664 525312
2 16960748864 1050112
2 16962848064 1574912
2 16964947264 2099712
2 16970720064 525312
2 16971769664 1050112
2 16973344064 1050112
2 16975443264 525312
2 16977542464 1574912
2 16979641664 1574912
2 16982265664 2624512
2 16985414464 1050112
2 16986988864 2099712
2 16989612864 1574912
2 16992236864 525312
2 16993286464 1574912
2 16995385664 1574912
2 16998534464 1050112
2 17000108864 525312
2 17001158464 2624512
2 17004832064 525312
2 17007456064 525312
2 17009030464 525312
2 17010604864 1050112
2 17012179264 1574912
2 17014278464 1050112
2 17015852864 1574912
2 17018476864 525312
2 17019526464 525312
2 17020576064 2099712
2 17023200064 1574912
2 17026873664 1050112
2 17028972864 1050112
2 17031072064 1050112
2 17033696064 525312
2 17034745664 525312
2 17036844864 525312
2 17039468864 525312
2 17040518464 1574912
2 17043142464 1050112
2 17047865664 2099712
2 17051014464 525312
2 17052064064 525312
2 17055212864 1050112
2 17057312064 2624512
2 17062035264 525312
2 17063084864 525312
2 17064659264 525312
2 17066233664 2624512
2 17069907264 1574912
2 17072006464 525312
2 17073056064 3149312
2 17077254464 525312
2 17078304064 1050112
2 17080403264 525312
2 17081977664 1050112
2 17083552064 525312
2 17084601664 1574912
2 17086700864 525312
2 17089849664 1574912
2 17092998464 2099712
2 17095622464 525312
2 17096672064 1574912
2 17099296064 525312
2 17100870464 525312
2 17103494464 1050112
2 17106118464 2099712
2 17108742464 525312
2 17111891264 525312
2 17113465664 525312
2 17114515264 525312
2 17116089664 1050112
2 17117664064 1574912
2 17119763264 525312
2 17121337664 1050112
2 17126060864 4723712
2 17131308864 2099712
2 17133932864 1050112
2 17137606464 525312
2 17139705664 525312
2 17140755264 525312
2 17141804864 525312
2 17144953664 525312
2 17146003264 1574912
2 17148102464 1574912
2 17150201664 525312
2 17151251264 2099712
2 17156499264 525312
2 17158073664 1050112
2 17160172864 1050112
2 17161747264 1574912
2 17164371264 525312
2 17165420864 525312
2 17166470464 525312
2 17168044864 1574912
2 17172243264 1574912
2 17174342464 1050112
2 17176966464 1050112
2 17179065664 525312
2 17180640064 1050112
2 17182739264 1050112
2 17184313664 525312
2 17185888064 525312
2 17186937664 525312
2 17188512064 2099712
2 17193235264 525312
2 17194809664 1050112
2 17196384064 1574912
2 17199008064 2099712
2 17201632064 3674112
2 17206355264 525312
2 17207404864 1050112
2 17209504064 525312
2 17211603264 3149312
2 17216851264 3674112
2 17221574464 1574912
2 17224198464 525312
2 16208705344 922112
2 16210548544 922112
2 16214234944 1843712
2 16217921344 2765312
2 16221607744 3686912
2 16231745344 922112
2 16233588544 1843712
2 16236353344 1843712
2 16240039744 922112
2 16243726144 2765312
2 16247412544 2765312
2 16252020544 4608512
2 16257550144 1843712
2 16260314944 3686912
2 16264922944 2765312
2 16269530944 922112
2 16271374144 2765312
2 16275060544 2765312
2 16280590144 1843712
2 16283354944 922112
2 16285198144 4608512
2 16291649344 922112
2 16296257344 922112
2 16299022144 922112
2 16301786944 1843712
2 16304551744 2765312
2 16308238144 1843712
2 16311002944 2765312
2 16315610944 922112
2 16317454144 922112
2 16319297344 3686912
2 16323905344 2765312
2 16330356544 1843712
2 16334042944 1843712
2 16337729344 1843712
2 16342337344 922112
2 16344180544 922112
2 16347866944 922112
2 16352474944 922112
2 16354318144 2765312
2 16358926144 1843712
2 16367220544 3686912
2 16372750144 922112
2 16374593344 922112
2 16380122944 1843712
2 16383809344 4608512
2 16392103744 922112
2 16393946944 922112
2 16396711744 922112
2 16399476544 4608512
2 16405927744 2765312
2 16409614144 922112
2 16411457344 5530112
2 16418830144 922112
2 16420673344 1843712
2 16424359744 922112
2 16427124544 1843712
2 16429889344 922112
2 16431732544 2765312
2 16435418944 922112
2 16440948544 2765312
2 16446478144 3686912
2 16451086144 922112
2 16452929344 2765312
2 16457537344 922112
2 16460302144 922112
2 16464910144 1843712
2 16469518144 3686912
2 16474126144 922112
2 16479655744 922112
2 16482420544 922112
2 16484263744 922112
2 16487028544 1843712
2 16489793344 2765312
2 16493479744 922112
2 16496244544 1843712
2 16504538944 8294912
2 16513754944 3686912
2 16518362944 1843712
2 16524814144 922112
2 16528500544 922112
2 16530343744 922112
2 16532186944 922112
2 16537716544 922112
2 16539559744 2765312
2 16543246144 2765312
2 16546932544 922112
2 16548775744 3686912
2 16557991744 922112
2 16560756544 1843712
2 16564442944 1843712
2 16567207744 2765312
2 16571815744 922112
2 16573658944 922112
2 16575502144 922112
2 16578266944 2765312
2 16585639744 2765312
2 16589326144 1843712
2 16593934144 1843712
2 16597620544 922112
2 16600385344 1843712
2 16604071744 1843712
2 16606836544 922112
2 16609601344 922112
2 16611444544 922112
2 16614209344 3686912
2 16622503744 922112
2 16625268544 1843712
2 16628033344 2765312
2 16632641344 3686912
2 16637249344 6451712
2 16645543744 922112
2 16647386944 1843712
2 16651073344 922112
2 16654759744 5530112
2 16663975744 6451712
2 16672270144 2765312
2 16676878144 922112
2 17764034240 525312
2 17766658240 1574912
2 17769807040 525312
2 17770856640 525312
2 17771906240 525312
2 17774005440 525312
2 17775055040 525312
2 17777154240 1050112
2 17779253440 525312
2 17781877440 525312
2 17783976640 525312
2 17786600640 525312
2 17788175040 3149312
2 17791848640 2099712
2 17794997440 1050112
2 17796571840 1050112
2 17798671040 1050112
2 17800245440 1050112
2 17801819840 1050112
2 17803919040 525312
2 17805493440 525312
2 17806543040 1050112
2 17808117440 1050112
2 17811266240 2099712
2 17813890240 1050112
2 17815464640 525312
2 17817039040 1574912
2 17819663040 525312
2 17820712640 1050112
2 17822287040 1050112
2 17824911040 2624512
2 17828059840 1050112
2 17829634240 525312
2 17830683840 525312
2 17832783040 1050112
2 17835931840 525312
2 17836981440 1574912
2 17839605440 525312
2 17841179840 525312
2 17842754240 1574912
2 17844853440 525312
2 17845903040 525312
2 17847477440 525312
2 17850101440 1050112
2 17851675840 2099712
2 17854824640 1050112
2 17856399040 525312
2 17857448640 2099712
2 17860072640 1574912
2 17865845440 525312
2 17866895040 525312
2 17867944640 1050112
2 17869519040 525312
2 17870568640 525312
2 17872667840 525312
2 17873717440 525312
2 17874767040 1574912
2 17877391040 525312
2 17878965440 1050112
2 17881064640 1574912
2 17883163840 525312
2 17884213440 1050112
2 17886312640 1574912
2 17889986240 525312
2 17891035840 525312
2 17892085440 525312
2 17893135040 525312
2 17894709440 1050112
2 17896283840 525312
2 17897858240 1050112
2 17900482240 525312
2 17902581440 1574912
2 17906779840 525312
2 17909928640 525312
2 17910978240 525312
2 17912027840 2624512
2 17917800640 1050112
2 17920424640 1574912
2 17923048640 1050112
2 17924623040 2624512
2 17928821440 525312
2 17929871040 525312
2 17931445440 525312
2 17932495040 525312
2 17934069440 525312
2 17935119040 1050112
2 17936693440 1574912
2 17939317440 525312
2 17940367040 1574912
2 17942466240 1050112
2 17944040640 525312
2 17945090240 525312
2 17946139840 525312
2 17947189440 1050112
2 17948763840 1050112
2 17951387840 1050112
2 17953487040 2099712
2 17956111040 1050112
2 17957685440 1574912
2 17959784640 525312
2 17962933440 525312
2 17963983040 1050112
2 17965557440 1574912
2 17967656640 525312
2 17968706240 1574912
2 17970805440 1050112
2 17972904640 525312
2 17974479040 1574912
2 17977627840 1050112
2 17981301440 525312
2 17982351040 2099712
2 17988648640 525312
2 17990747840 3149312
2 17994946240 525312
2 17995995840 1574912
2 17999669440 1050112
2 18003867840 2624512
2 18007541440 525312
2 18008591040 1574912
2 18011739840 2099712
2 18016463040 3674112
2 18020661440 525312
2 18022760640 1050112
2 18024335040 1050112
2 18026434240 4198912
2 18031157440 1050112
2 18039328960 525312
2 18041952960 1574912
2 18045101760 525312
2 18046151360 525312
2 18047200960 525312
2 18049300160 525312
2 18050349760 525312
2 18052448960 1050112
2 18054548160 525312
2 18057172160 525312
2 18059271360 525312
2 18061895360 525312
2 18063469760 3149312
2 18067143360 2099712
2 18070292160 1050112
2 18071866560 1050112
2 18073965760 1050112
2 18075540160 1050112
2 18077114560 1050112
2 18079213760 525312
2 18080788160 525312
2 18081837760 1050112
2 18083412160 1050112
2 18086560960 2099712
2 18089184960 1050112
2 18090759360 525312
2 18092333760 1574912
2 18094957760 525312
2 18096007360 1050112
2 18097581760 1050112
2 18100205760 2624512
2 18103354560 1050112
2 18104928960 525312
2 18105978560 525312
2 18108077760 1050112
2 18111226560 525312
2 18112276160 1574912
2 18114900160 525312
2 18116474560 525312
2 18118048960 1574912
2 18120148160 525312
2 18121197760 525312
2 18122772160 525312
2 18125396160 1050112
2 18126970560 2099712
2 18130119360 1050112
2 18131693760 525312
2 18132743360 2099712
2 18135367360 1574912
2 18141140160 525312
2 18142189760 525312
2 18143239360 1050112
2 18144813760 525312
2 18145863360 525312
2 18147962560 525312
2 18149012160 525312
2 18150061760 1574912
2 18152685760 525312
2 18154260160 1050112
2 18156359360 1574912
2 18158458560 525312
2 18159508160 1050112
2 18161607360 1574912
2 18165280960 525312
2 18166330560 525312
2 18167380160 525312
2 18168429760 525312
2 18170004160 1050112
2 18171578560 525312
2 18173152960 1050112
2 18175776960 525312
2 18177876160 1574912
2 18182074560 525312
2 18185223360 525312
2 18186272960 525312
2 18187322560 2624512
2 18193095360 1050112
2 18195719360 1574912
2 18198343360 1050112
2 18199917760 2624512
2 18204116160 525312
2 18205165760 525312
2 18206740160 525312
2 18207789760 525312
2 18209364160 525312
2 18210413760 1050112
2 18211988160 1574912
2 18214612160 525312
2 18215661760 1574912
2 18217760960 1050112
2 18219335360 525312
2 18220384960 525312
2 18221434560 525312
2 18222484160 1050112
2 18224058560 1050112
2 18226682560 1050112
2 18228781760 2099712
2 18231405760 1050112
2 18232980160 1574912
2 18235079360 525312
2 18238228160 525312
2 18239277760 1050112
2 18240852160 1574912
2 18242951360 525312
2 18244000960 1574912
2 18246100160 1050112
2 18248199360 525312
2 18249773760 1574912
2 18252922560 1050112
2 18256596160 525312
2 18257645760 2099712
2 18263943360 525312
2 18266042560 3149312
2 18270240960 525312
2 18271290560 1574912
2 18274964160 1050112
2 18279162560 2624512
2 18282836160 525312
2 18283885760 1574912
2 18287034560 2099712
2 18291757760 3674112
2 18295956160 525312
2 18298055360 1050112
2 18299629760 1050112
2 18301728960 4198912
2 18306452160 1050112
2 17290434240 922112
2 17295042240 2765312
2 17300571840 922112
2 17302415040 922112
2 17304258240 922112
2 17307944640 922112
2 17309787840 922112
2 17313474240 1843712
2 17317160640 922112
2 17321768640 922112
2 17325455040 922112
2 17330063040 922112
2 17332827840 5530112
2 17339279040 3686912
2 17344808640 1843712
2 17347573440 1843712
2 17351259840 1843712
2 17354024640 1843712
2 17356789440 1843712
2 17360475840 922112
2 17363240640 922112
2 17365083840 1843712
2 17367848640 1843712
2 17373378240 3686912
2 17377986240 1843712
2 17380751040 922112
2 17383515840 2765312
2 17388123840 922112
2 17389967040 1843712
2 17392731840 1843712
2 17397339840 4608512
2 17402869440 1843712
2 17405634240 922112
2 17407477440 922112
2 17411163840 1843712
2 17416693440 922112
2 17418536640 2765312
2 17423144640 922112
2 17425909440 922112
2 17428674240 2765312
2 17432360640 922112
2 17434203840 922112
2 17436968640 922112
2 17441576640 1843712
2 17444341440 3686912
2 17449871040 1843712
2 17452635840 922112
2 17454479040 3686912
2 17459087040 2765312
2 17469224640 922112
2 17471067840 922112
2 17472911040 1843712
2 17475675840 922112
2 17477519040 922112
2 17481205440 922112
2 17483048640 922112
2 17484891840 2765312
2 17489499840 922112
2 17492264640 1843712
2 17495951040 2765312
2 17499637440 922112
2 17501480640 1843712
2 17505167040 2765312
2 17511618240 922112
2 17513461440 922112
2 17515304640 922112
2 17517147840 922112
2 17519912640 1843712
2 17522677440 922112
2 17525442240 1843712
2 17530050240 922112
2 17533736640 2765312
2 17541109440 922112
2 17546639040 922112
2 17548482240 922112
2 17550325440 4608512
2 17560463040 1843712
2 17565071040 2765312
2 17569679040 1843712
2 17572443840 4608512
2 17579816640 922112
2 17581659840 922112
2 17584424640 922112
2 17586267840 922112
2 17589032640 922112
2 17590875840 1843712
2 17593640640 2765312
2 17598248640 922112
2 17600091840 2765312
2 17603778240 1843712
2 17606543040 922112
2 17608386240 922112
2 17610229440 922112
2 17612072640 1843712
2 17614837440 1843712
2 17619445440 1843712
2 17623131840 3686912
2 17627739840 1843712
2 17630504640 2765312
2 17634191040 922112
2 17639720640 922112
2 17641563840 1843712
2 17644328640 2765312
2 17648015040 922112
2 17649858240 2765312
2 17653544640 1843712
2 17657231040 922112
2 17659995840 2765312
2 17665525440 1843712
2 17671976640 922112
2 17673819840 3686912
2 17684879040 922112
2 17688565440 5530112
2 17695938240 922112
2 17697781440 2765312
2 17704232640 1843712
2 17711605440 4608512
2 17718056640 922112
2 17719899840 2765312
2 17725429440 3686912
2 17733723840 6451712
2 17741096640 922112
2 17744783040 1843712
2 17747547840 1843712
2 17751234240 7373312
2 17759528640 1843712
2 18852741184 525312
2 18854840384 1574912
2 18856939584 1050112
2 18858513984 525312
2 18860613184 525312
2 18862187584 4723712
2 18867435584 1574912
2 18869534784 1050112
2 18871109184 1050112
2 18875307584 1574912
2 18877406784 525312
2 18878456384 1050112
2 18880030784 2624512
2 18883179584 3149312
2 18887377984 525312
2 18889477184 525312
2 18890526784 525312
2 18891576384 1050112
2 18894725184 1050112
2 18896299584 525312
2 18898398784 1574912
2 18900497984 525312
2 18901547584 525312
2 18902597184 525312
2 18904171584 2099712
2 18906795584 525312
2 18907845184 525312
2 18909944384 525312
2 18910993984 1574912
2 18913093184 525312
2 18914142784 525312
2 18916241984 2099712
2 18918865984 2099712
2 18922539584 1050112
2 18924638784 525312
2 18926213184 1050112
2 18928312384 525312
2 18929361984 525312
2 18930411584 525312
2 18931461184 1574912
2 18934085184 1050112
2 18936184384 2099712
2 18938808384 525312
2 18939857984 525312
2 18941432384 525312
2 18943006784 525312
2 18944056384 525312
2 18945105984 525312
2 18946155584 525312
2 18948779584 525312
2 18950353984 525312
2 18951928384 525312
2 18952977984 1050112
2 18956126784 525312
2 18959275584 1050112
2 18960849984 525312
2 18962424384 525312
2 18966097984 525312
2 18967672384 2099712
2 18970821184 525312
2 18971870784 525312
2 18975019584 525312
2 18976593984 1050112
2 18979217984 525312
2 18981317184 525312
2 18983416384 2624512
2 18987089984 1574912
2 18989189184 525312
2 18990238784 525312
2 18991288384 525312
2 18993387584 525312
2 18995486784 525312
2 18997585984 525312
2 18998635584 2099712
2 19001784384 1050112
2 19003358784 1050112
2 19004933184 1050112
2 19008606784 525312
2 19012805184 2099712
2 19016478784 1050112
2 19018053184 2099712
2 19023825984 4723712
2 19030123584 525312
2 19031173184 1050112
2 19033797184 1050112
2 19035371584 525312
2 19036421184 525312
2 19039045184 1050112
2 19041669184 1050112
2 19043243584 2099712
2 19046917184 4198912
2 19052165184 525312
2 19053214784 1574912
2 19055838784 525312
2 19057937984 1050112
2 19060037184 525312
2 19061086784 2099712
2 19065285184 4198912
2 19071582784 525312
2 19073157184 525312
2 19074731584 525312
2 19075781184 2099712
2 19078405184 3674112
2 19083128384 525312
2 19085227584 1050112
2 19089950784 1050112
2 19091525184 1050112
2 19093099584 525312
2 19097822784 1050112
2 19099921984 525312
2 19101496384 525312
2 19103595584 525312
2 19104645184 1574912
2 19107793984 525312
2 19108843584 1574912
2 19111467584 1574912
2 19113566784 525312
2 19114616384 525312
2 19115665984 2099712
2 19118289984 2099712
2 19128035904 525312
2 19130135104 1574912
2 19132234304 1050112
2 19133808704 525312
2 19135907904 525312
2 19137482304 4723712
2 19142730304 1574912
2 19144829504 1050112
2 19146403904 1050112
2 19150602304 1574912
2 19152701504 525312
2 19153751104 1050112
2 19155325504 2624512
2 19158474304 3149312
2 19162672704 525312
2 19164771904 525312
2 19165821504 525312
2 19166871104 1050112
2 19170019904 1050112
2 19171594304 525312
2 19173693504 1574912
2 19175792704 525312
2 19176842304 525312
2 19177891904 525312
2 19179466304 2099712
2 19182090304 525312
2 19183139904 525312
2 19185239104 525312
2 19186288704 1574912
2 19188387904 525312
2 19189437504 525312
2 19191536704 2099712
2 19194160704 2099712
2 19197834304 1050112
2 19199933504 525312
2 19201507904 1050112
2 19203607104 525312
2 19204656704 525312
2 19205706304 525312
2 19206755904 1574912
2 19209379904 1050112
2 19211479104 2099712
2 19214103104 525312
2 19215152704 525312
2 19216727104 525312
2 19218301504 525312
2 19219351104 525312
2 19220400704 525312
2 19221450304 525312
2 19224074304 525312
2 19225648704 525312
2 19227223104 525312
2 19228272704 1050112
2 19231421504 525312
2 19234570304 1050112
2 19236144704 525312
2 19237719104 525312
2 19241392704 525312
2 19242967104 2099712
2 19246115904 525312
2 19247165504 525312
2 19250314304 525312
2 19251888704 1050112
2 19254512704 525312
2 19256611904 525312
2 19258711104 2624512
2 19262384704 1574912
2 19264483904 525312
2 19265533504 525312
2 19266583104 525312
2 19268682304 525312
2 19270781504 525312
2 19272880704 525312
2 19273930304 2099712
2 19277079104 1050112
2 19278653504 1050112
2 19280227904 1050112
2 19283901504 525312
2 19288099904 2099712
2 19291773504 1050112
2 19293347904 2099712
2 19299120704 4723712
2 19305418304 525312
2 19306467904 1050112
2 19309091904 1050112
2 19310666304 525312
2 19311715904 525312
2 19314339904 1050112
2 19316963904 1050112
2 19318538304 2099712
2 19322211904 4198912
2 19327459904 525312
2 19328509504 1574912
2 19331133504 525312
2 19333232704 1050112
2 19335331904 525312
2 19336381504 2099712
2 19340579904 4198912
2 19346877504 525312
2 19348451904 525312
2 19350026304 525312
2 19351075904 2099712
2 19353699904 3674112
2 19358423104 525312
2 19360522304 1050112
2 19365245504 1050112
2 19366819904 1050112
2 19368394304 525312
2 19373117504 1050112
2 19375216704 525312
2 19376791104 525312
2 19378890304 525312
2 19379939904 1574912
2 19383088704 525312
2 19384138304 1574912
2 19386762304 1574912
2 19388861504 525312
2 19389911104 525312
2 19390960704 2099712
2 19393584704 2099712
2 18379537984 922112
2 18383224384 2765312
2 18386910784 1843712
2 18389675584 922112
2 18393361984 922112
2 18396126784 8294912
2 18405342784 2765312
2 18409029184 1843712
2 18411793984 1843712
2 18419166784 2765312
2 18422853184 922112
2 18424696384 1843712
2 18427461184 4608512
2 18432990784 5530112
2 18440363584 922112
2 18444049984 922112
2 18445893184 922112
2 18447736384 1843712
2 18453265984 1843712
2 18456030784 922112
2 18459717184 2765312
2 18463403584 922112
2 18465246784 922112
2 18467089984 922112
2 18469854784 3686912
2 18474462784 922112
2 18476305984 922112
2 18479992384 922112
2 18481835584 2765312
2 18485521984 922112
2 18487365184 922112
2 18491051584 3686912
2 18495659584 3686912
2 18502110784 1843712
2 18505797184 922112
2 18508561984 1843712
2 18512248384 922112
2 18514091584 922112
2 18515934784 922112
2 18517777984 2765312
2 18522385984 1843712
2 18526072384 3686912
2 18530680384 922112
2 18532523584 922112
2 18535288384 922112
2 18538053184 922112
2 18539896384 922112
2 18541739584 922112
2 18543582784 922112
2 18548190784 922112
2 18550955584 922112
2 18553720384 922112
2 18555563584 1843712
2 18561093184 922112
2 18566622784 1843712
2 18569387584 922112
2 18572152384 922112
2 18578603584 922112
2 18581368384 3686912
2 18586897984 922112
2 18588741184 922112
2 18594270784 922112
2 18597035584 1843712
2 18601643584 922112
2 18605329984 922112
2 18609016384 4608512
2 18615467584 2765312
2 18619153984 922112
2 18620997184 922112
2 18622840384 922112
2 18626526784 922112
2 18630213184 922112
2 18633899584 922112
2 18635742784 3686912
2 18641272384 1843712
2 18644037184 1843712
2 18646801984 1843712
2 18653253184 922112
2 18660625984 3686912
2 18667077184 1843712
2 18669841984 3686912
2 18679979584 8294912
2 18691038784 922112
2 18692881984 1843712
2 18697489984 1843712
2 18700254784 922112
2 18702097984 922112
2 18706705984 1843712
2 18711313984 1843712
2 18714078784 3686912
2 18720529984 7373312
2 18729745984 922112
2 18731589184 2765312
2 18736197184 922112
2 18739883584 1843712
2 18743569984 922112
2 18745413184 3686912
2 18752785984 7373312
2 18763845184 922112
2 18766609984 922112
2 18769374784 922112
2 18771217984 3686912
2 18775825984 6451712
2 18784120384 922112
2 18787806784 1843712
2 18796101184 1843712
2 18798865984 1843712
2 18801630784 922112
2 18809925184 1843712
2 18813611584 922112
2 18816376384 922112
2 18820062784 922112
2 18821905984 2765312
2 18827435584 922112
2 18829278784 2765312
2 18833886784 2765312
2 18837573184 922112
2 18839416384 922112
2 18841259584 3686912
2 18845867584 3686912
2 19924222528 525312
2 19925796928 525312
2 19926846528 2624512
2 19929995328 2099712
2 19932619328 525312
2 19934718528 525312
2 19935768128 525312
2 19937342528 2099712
2 19941016128 525312
2 19942590528 525312
2 19945214528 525312
2 19946788928 525312
2 19947838528 525312
2 19948888128 525312
2 19950987328 525312
2 19952036928 1574912
2 19955710528 1050112
2 19957284928 1050112
2 19959384128 525312
2 19960433728 525312
2 19962532928 1050112
2 19964107328 525312
2 19965156928 525312
2 19966206528 525312
2 19967780928 525312
2 19969880128 5248512
2 19977752128 1050112
2 19979326528 525312
2 19980376128 525312
2 19982475328 1574912
2 19984574528 1050112
2 19987198528 2099712
2 19990347328 525312
2 19991396928 1050112
2 19992971328 1050112
2 19994545728 1574912
2 19996644928 525312
2 19997694528 525312
2 19998744128 525312
2 20000318528 525312
2 20001368128 525312
2 20002417728 525312
2 20003992128 1050112
2 20005566528 1050112
2 20007140928 525312
2 20008190528 525312
2 20009240128 525312
2 20012388928 525312
2 20013438528 3674112
2 20017636928 1574912
2 20020785728 1050112
2 20022360128 2624512
2 20026033728 525312
2 20027083328 525312
2 20029182528 525312
2 20030232128 525312
2 20031281728 525312
2 20033380928 525312
2 20034955328 3149312
2 20039153728 525312
2 20041252928 1050112
2 20042827328 1050112
2 20047025728 1574912
2 20050699328 1050112
2 20052798528 3149312
2 20056472128 525312
2 20057521728 525312
2 20058571328 525312
2 20059620928 525312
2 20060670528 525312
2 20062244928 525312
2 20064868928 525312
2 20065918528 525312
2 20066968128 525312
2 20069067328 525312
2 20072216128 1050112
2 20074315328 1050112
2 20076414528 1050112
2 20078513728 2099712
2 20084811328 525312
2 20085860928 525312
2 20087960128 2624512
2 20091108928 1050112
2 20093732928 525312
2 20094782528 1050112
2 20097406528 1050112
2 20098980928 525312
2 20101080128 525312
2 20102129728 1050112
2 20103704128 1050112
2 20105278528 1574912
2 20107377728 525312
2 20110526528 525312
2 20111576128 525312
2 20112625728 525312
2 20113675328 525312
2 20116824128 1050112
2 20118923328 525312
2 20121547328 525312
2 20122596928 1050112
2 20124171328 3149312
2 20127844928 1050112
2 20129944128 2099712
2 20133617728 525312
2 20134667328 525312
2 20135716928 2624512
2 20139390528 1050112
2 20142014528 1050112
2 20145163328 2099712
2 20148312128 1050112
2 20150411328 2624512
2 20153560128 1574912
2 20156184128 1050112
2 20159857728 525312
2 20160907328 525312
2 20162481728 1050112
2 20164056128 525312
2 20165630528 525312
2 20166680128 1574912
2 20168779328 1574912
2 20171403328 1050112
2 20173502528 1050112
2 20176126528 525312
2 20177700928 1050112
2 20179275328 525312
2 20181899328 1050112
2 20183998528 1574912
2 20187147328 1050112
2 20188721728 2099712
2 20191345728 524800
2 20199517248 525312
2 20201091648 525312
2 20202141248 2624512
2 20205290048 2099712
2 20207914048 525312
2 20210013248 525312
2 20211062848 525312
2 20212637248 2099712
2 20216310848 525312
2 20217885248 525312
2 20220509248 525312
2 20222083648 525312
2 20223133248 525312
2 20224182848 525312
2 20226282048 525312
2 20227331648 1574912
2 20231005248 1050112
2 20232579648 1050112
2 20234678848 525312
2 20235728448 525312
2 20237827648 1050112
2 20239402048 525312
2 20240451648 525312
2 20241501248 525312
2 20243075648 525312
2 20245174848 5248512
2 20253046848 1050112
2 20254621248 525312
2 20255670848 525312
2 20257770048 1574912
2 20259869248 1050112
2 20262493248 2099712
2 20265642048 525312
2 20266691648 1050112
2 20268266048 1050112
2 20269840448 1574912
2 20271939648 525312
2 20272989248 525312
2 20274038848 525312
2 20275613248 525312
2 20276662848 525312
2 20277712448 525312
2 20279286848 1050112
2 20280861248 1050112
2 20282435648 525312
2 20283485248 525312
2 20284534848 525312
2 20287683648 525312
2 20288733248 3674112
2 20292931648 1574912
2 20296080448 1050112
2 20297654848 2624512
2 20301328448 525312
2 20302378048 525312
2 20304477248 525312
2 20305526848 525312
2 20306576448 525312
2 20308675648 525312
2 20310250048 3149312
2 20314448448 525312
2 20316547648 1050112
2 20318122048 1050112
2 20322320448 1574912
2 20325994048 1050112
2 20328093248 3149312
2 20331766848 525312
2 20332816448 525312
2 20333866048 525312
2 20334915648 525312
2 20335965248 525312
2 20337539648 525312
2 20340163648 525312
2 20341213248 525312
2 20342262848 525312
2 20344362048 525312
2 20347510848 1050112
2 20349610048 1050112
2 20351709248 1050112
2 20353808448 2099712
2 20360106048 525312
2 20361155648 525312
2 20363254848 2624512
2 20366403648 1050112
2 20369027648 525312
2 20370077248 1050112
2 20372701248 1050112
2 20374275648 525312
2 20376374848 525312
2 20377424448 1050112
2 20378998848 1050112
2 20380573248 1574912
2 20382672448 525312
2 20385821248 525312
2 20386870848 525312
2 20387920448 525312
2 20388970048 525312
2 20392118848 1050112
2 20394218048 525312
2 20396842048 525312
2 20397891648 1050112
2 20399466048 3149312
2 20403139648 1050112
2 20405238848 2099712
2 20408912448 525312
2 20409962048 525312
2 20411011648 2624512
2 20414685248 1050112
2 20417309248 1050112
2 20420458048 2099712
2 20423606848 1050112
2 20425706048 2624512
2 20428854848 1574912
2 20431478848 1050112
2 20435152448 525312
2 20436202048 525312
2 20437776448 1050112
2 20439350848 525312
2 20440925248 525312
2 20441974848 1574912
2 20444074048 1574912
2 20446698048 1050112
2 20448797248 1050112
2 20451421248 525312
2 20452995648 1050112
2 20454570048 525312
2 20457194048 1050112
2 20459293248 1574912
2 20462442048 1050112
2 20464016448 2099712
2 20466640448 524800
2 19451416128 922112
2 19454180928 922112
2 19456024128 4608512
2 19461553728 3686912
2 19466161728 922112
2 19469848128 922112
2 19471691328 922112
2 19474456128 3686912
2 19480907328 922112
2 19483672128 922112
2 19488280128 922112
2 19491044928 922112
2 19492888128 922112
2 19494731328 922112
2 19498417728 922112
2 19500260928 2765312
2 19506712128 1843712
2 19509476928 1843712
2 19513163328 922112
2 19515006528 922112
2 19518692928 1843712
2 19521457728 922112
2 19523300928 922112
2 19525144128 922112
2 19527908928 922112
2 19531595328 9216512
2 19545419328 1843712
2 19548184128 922112
2 19550027328 922112
2 19553713728 2765312
2 19557400128 1843712
2 19562008128 3686912
2 19567537728 922112
2 19569380928 1843712
2 19572145728 1843712
2 19574910528 2765312
2 19578596928 922112
2 19580440128 922112
2 19582283328 922112
2 19585048128 922112
2 19586891328 922112
2 19588734528 922112
2 19591499328 1843712
2 19594264128 1843712
2 19597028928 922112
2 19598872128 922112
2 19600715328 922112
2 19606244928 922112
2 19608088128 6451712
2 19615460928 2765312
2 19620990528 1843712
2 19623755328 4608512
2 19630206528 922112
2 19632049728 922112
2 19635736128 922112
2 19637579328 922112
2 19639422528 922112
2 19643108928 922112
2 19645873728 5530112
2 19653246528 922112
2 19656932928 1843712
2 19659697728 1843712
2 19667070528 2765312
2 19673521728 1843712
2 19677208128 5530112
2 19683659328 922112
2 19685502528 922112
2 19687345728 922112
2 19689188928 922112
2 19691032128 922112
2 19693796928 922112
2 19698404928 922112
2 19700248128 922112
2 19702091328 922112
2 19705777728 922112
2 19711307328 1843712
2 19714993728 1843712
2 19718680128 1843712
2 19722366528 3686912
2 19733425728 922112
2 19735268928 922112
2 19738955328 4608512
2 19744484928 1843712
2 19749092928 922112
2 19750936128 1843712
2 19755544128 1843712
2 19758308928 922112
2 19761995328 922112
2 19763838528 1843712
2 19766603328 1843712
2 19769368128 2765312
2 19773054528 922112
2 19778584128 922112
2 19780427328 922112
2 19782270528 922112
2 19784113728 922112
2 19789643328 1843712
2 19793329728 922112
2 19797937728 922112
2 19799780928 1843712
2 19802545728 5530112
2 19808996928 1843712
2 19812683328 3686912
2 19819134528 922112
2 19820977728 922112
2 19822820928 4608512
2 19829272128 1843712
2 19833880128 1843712
2 19839409728 3686912
2 19844939328 1843712
2 19848625728 4608512
2 19854155328 2765312
2 19858763328 1843712
2 19865214528 922112
2 19867057728 922112
2 19869822528 1843712
2 19872587328 922112
2 19875352128 922112
2 19877195328 2765312
2 19880881728 2765312
2 19885489728 1843712
2 19889176128 1843712
2 19893784128 922112
2 19896548928 1843712
2 19899313728 922112
2 19903921728 1843712
2 19907608128 2765312
2 19913137728 1843712
2 19915902528 3686912
2 19920510528 921600
2 21004901824 525312
2 21005951424 1050112
2 21007525824 1050112
2 21010149824 1574912
2 21013823424 1574912
2 21015922624 1574912
2 21018021824 1050112
2 21019596224 525312
2 21020645824 1574912
2 21023794624 525312
2 21025369024 1574912
2 21027468224 525312
2 21028517824 1050112
2 21030092224 525312
2 21031666624 1050112
2 21033241024 525312
2 21034290624 525312
2 21035865024 525312
2 21037439424 525312
2 21039013824 525312
2 21040063424 525312
2 21041113024 525312
2 21042162624 525312
2 21044786624 1574912
2 21048460224 525312
2 21050559424 1050112
2 21052658624 1050112
2 21054233024 525312
2 21055807424 1050112
2 21057381824 525312
2 21059481024 525312
2 21061055424 525312
2 21062105024 525312
2 21063154624 525312
2 21064204224 525312
2 21065253824 1050112
2 21067353024 2099712
2 21072601024 2099712
2 21076274624 525312
2 21078373824 525312
2 21080473024 525312
2 21081522624 2624512
2 21084671424 2099712
2 21087820224 525312
2 21089919424 1574912
2 21092018624 1574912
2 21094117824 525312
2 21096741824 1050112
2 21098316224 525312
2 21099365824 1050112
2 21100940224 525312
2 21103039424 525312
2 21104089024 525312
2 21105663424 525312
2 21106713024 1574912
2 21108812224 2099712
2 21112485824 2099712
2 21115634624 1050112
2 21117209024 1574912
2 21120357824 525312
2 21121407424 1050112
2 21123506624 1050112
2 21125081024 525312
2 21127180224 2624512
2 21130329024 1050112
2 21131903424 1050112
2 21134527424 525312
2 21136101824 525312
2 21137151424 1050112
2 21138725824 525312
2 21139775424 525312
2 21140825024 525312
2 21141874624 525312
2 21143449024 525312
2 21144498624 525312
2 21145548224 525312
2 21146597824 1050112
2 21148697024 1050112
2 21150271424 525312
2 21151321024 525312
2 21152370624 1050112
2 21154994624 1574912
2 21157618624 1050112
2 21159193024 525312
2 21160242624 3149312
2 21164441024 2099712
2 21168114624 2099712
2 21172837824 1050112
2 21174937024 525312
2 21175986624 1050112
2 21177561024 525312
2 21178610624 525312
2 21179660224 525312
2 21181234624 1574912
2 21185433024 2099712
2 21188057024 525312
2 21189106624 525312
2 21191205824 525312
2 21192255424 525312
2 21193305024 525312
2 21195929024 525312
2 21198553024 1050112
2 21203276224 1050112
2 21204850624 525312
2 21206425024 1050112
2 21207999424 1050112
2 21210098624 1050112
2 21211673024 1050112
2 21213772224 525312
2 21214821824 525312
2 21215871424 525312
2 21218495424 525312
2 21219545024 525312
2 21221119424 525312
2 21222169024 525312
2 21223218624 1050112
2 21224793024 1050112
2 21227417024 1574912
2 21230565824 525312
2 21232140224 1050112
2 21234764224 525312
2 21235813824 525312
2 21236863424 525312
2 21238437824 525312
2 21239487424 1050112
2 21241061824 2624512
2 21244210624 525312
2 21245260224 2099712
2 21248409024 1574912
2 21250508224 525312
2 21251557824 525312
2 21253657024 525312
2 21254706624 525312
2 21255756224 1050112
2 21257330624 1574912
2 21261529024 525312
2 21264153024 525312
2 21265202624 1050112
2 21268351424 2624512
2 21273074624 524800
2 21280196544 525312
2 21281246144 1050112
2 21282820544 1050112
2 21285444544 1574912
2 21289118144 1574912
2 21291217344 1574912
2 21293316544 1050112
2 21294890944 525312
2 21295940544 1574912
2 21299089344 525312
2 21300663744 1574912
2 21302762944 525312
2 21303812544 1050112
2 21305386944 525312
2 21306961344 1050112
2 21308535744 525312
2 21309585344 525312
2 21311159744 525312
2 21312734144 525312
2 21314308544 525312
2 21315358144 525312
2 21316407744 525312
2 21317457344 525312
2 21320081344 1574912
2 21323754944 525312
2 21325854144 1050112
2 21327953344 1050112
2 21329527744 525312
2 21331102144 1050112
2 21332676544 525312
2 21334775744 525312
2 21336350144 525312
2 21337399744 525312
2 21338449344 525312
2 21339498944 525312
2 21340548544 1050112
2 21342647744 2099712
2 21347895744 2099712
2 21351569344 525312
2 21353668544 525312
2 21355767744 525312
2 21356817344 2624512
2 21359966144 2099712
2 21363114944 525312
2 21365214144 1574912
2 21367313344 1574912
2 21369412544 525312
2 21372036544 1050112
2 21373610944 525312
2 21374660544 1050112
2 21376234944 525312
2 21378334144 525312
2 21379383744 525312
2 21380958144 525312
2 21382007744 1574912
2 21384106944 2099712
2 21387780544 2099712
2 21390929344 1050112
2 21392503744 1574912
2 21395652544 525312
2 21396702144 1050112
2 21398801344 1050112
2 21400375744 525312
2 21402474944 2624512
2 21405623744 1050112
2 21407198144 1050112
2 21409822144 525312
2 21411396544 525312
2 21412446144 1050112
2 21414020544 525312
2 21415070144 525312
2 21416119744 525312
2 21417169344 525312
2 21418743744 525312
2 21419793344 525312
2 21420842944 525312
2 21421892544 1050112
2 21423991744 1050112
2 21425566144 525312
2 21426615744 525312
2 21427665344 1050112
2 21430289344 1574912
2 21432913344 1050112
2 21434487744 525312
2 21435537344 3149312
2 21439735744 2099712
2 21443409344 2099712
2 21448132544 1050112
2 21450231744 525312
2 21451281344 1050112
2 21452855744 525312
2 21453905344 525312
2 21454954944 525312
2 21456529344 1574912
2 21460727744 2099712
2 21463351744 525312
2 21464401344 525312
2 21466500544 525312
2 21467550144 525312
2 21468599744 525312
2 21471223744 525312
2 21473847744 1050112
2 21478570944 1050112
2 21480145344 525312
2 21481719744 1050112
2 21483294144 1050112
2 21485393344 1050112
2 21486967744 1050112
2 21489066944 525312
2 21490116544 525312
2 21491166144 525312
2 21493790144 525312
2 21494839744 525312
2 21496414144 525312
2 21497463744 525312
2 21498513344 1050112
2 21500087744 1050112
2 21502711744 1574912
2 21505860544 525312
2 21507434944 1050112
2 21510058944 525312
2 21511108544 525312
2 21512158144 525312
2 21513732544 525312
2 21514782144 1050112
2 21516356544 2624512
2 21519505344 525312
2 21520554944 2099712
2 21523703744 1574912
2 21525802944 525312
2 21526852544 525312
2 21528951744 525312
2 21530001344 525312
2 21531050944 1050112
2 21532625344 1574912
2 21536823744 525312
2 21539447744 525312
2 21540497344 1050112
2 21543646144 2624512
2 21548369344 524800
2 20531301824 922112
2 20533145024 1843712
2 20535909824 1843712
2 20540517824 2765312
2 20546969024 2765312
2 20550655424 2765312
2 20554341824 1843712
2 20557106624 922112
2 20558949824 2765312
2 20564479424 922112
2 20567244224 2765312
2 20570930624 922112
2 20572773824 1843712
2 20575538624 922112
2 20578303424 1843712
2 20581068224 922112
2 20582911424 922112
2 20585676224 922112
2 20588441024 922112
2 20591205824 922112
2 20593049024 922112
2 20594892224 922112
2 20596735424 922112
2 20601343424 2765312
2 20607794624 922112
2 20611481024 1843712
2 20615167424 1843712
2 20617932224 922112
2 20620697024 1843712
2 20623461824 922112
2 20627148224 922112
2 20629913024 922112
2 20631756224 922112
2 20633599424 922112
2 20635442624 922112
2 20637285824 1843712
2 20640972224 3686912
2 20650188224 3686912
2 20656639424 922112
2 20660325824 922112
2 20664012224 922112
2 20665855424 4608512
2 20671385024 3686912
2 20676914624 922112
2 20680601024 2765312
2 20684287424 2765312
2 20687973824 922112
2 20692581824 1843712
2 20695346624 922112
2 20697189824 1843712
2 20699954624 922112
2 20703641024 922112
2 20705484224 922112
2 20708249024 922112
2 20710092224 2765312
2 20713778624 3686912
2 20720229824 3686912
2 20725759424 1843712
2 20728524224 2765312
2 20734053824 922112
2 20735897024 1843712
2 20739583424 1843712
2 20742348224 922112
2 20746034624 4608512
2 20751564224 1843712
2 20754329024 1843712
2 20758937024 922112
2 20761701824 922112
2 20763545024 1843712
2 20766309824 922112
2 20768153024 922112
2 20769996224 922112
2 20771839424 922112
2 20774604224 922112
2 20776447424 922112
2 20778290624 922112
2 20780133824 1843712
2 20783820224 1843712
2 20786585024 922112
2 20788428224 922112
2 20790271424 1843712
2 20794879424 2765312
2 20799487424 1843712
2 20802252224 922112
2 20804095424 5530112
2 20811468224 3686912
2 20817919424 3686912
2 20826213824 1843712
2 20829900224 922112
2 20831743424 1843712
2 20834508224 922112
2 20836351424 922112
2 20838194624 922112
2 20840959424 2765312
2 20848332224 3686912
2 20852940224 922112
2 20854783424 922112
2 20858469824 922112
2 20860313024 922112
2 20862156224 922112
2 20866764224 922112
2 20871372224 1843712
2 20879666624 1843712
2 20882431424 922112
2 20885196224 1843712
2 20887961024 1843712
2 20891647424 1843712
2 20894412224 1843712
2 20898098624 922112
2 20899941824 922112
2 20901785024 922112
2 20906393024 922112
2 20908236224 922112
2 20911001024 922112
2 20912844224 922112
2 20914687424 1843712
2 20917452224 1843712
2 20922060224 2765312
2 20927589824 922112
2 20930354624 1843712
2 20934962624 922112
2 20936805824 922112
2 20938649024 922112
2 20941413824 922112
2 20943257024 1843712
2 20946021824 4608512
2 20951551424 922112
2 20953394624 3686912
2 20958924224 2765312
2 20962610624 922112
2 20964453824 922112
2 20968140224 922112
2 20969983424 922112
2 20971826624 1843712
2 20974591424 2765312
2 20981964224 922112
2 20986572224 922112
2 20988415424 1843712
2 20993945024 4608512
2 21002239424 921600
2 22087680320 1050112
2 22089779520 1574912
2 22091878720 525312
2 22093453120 3149312
2 22097126720 1050112
2 22098701120 525312
2 22100275520 525312
2 22101325120 525312
2 22103424320 2624512
2 22107097920 2624512
2 22110246720 2099712
2 22112870720 2624512
2 22116019520 1050112
2 22117593920 525312
2 22120217920 1574912
2 22122841920 525312
2 22124416320 525312
2 22125465920 525312
2 22127040320 1050112
2 22131763520 525312
2 22134912320 525312
2 22136486720 1574912
2 22140160320 525312
2 22142784320 525312
2 22144358720 1574912
2 22146982720 525312
2 22150131520 1574912
2 22152230720 1050112
2 22153805120 525312
2 22156429120 525312
2 22157478720 1050112
2 22159577920 525312
2 22160627520 1050112
2 22162726720 1050112
2 22164301120 1574912
2 22170073920 1050112
2 22171648320 2624512
2 22176896320 1050112
2 22178470720 525312
2 22179520320 1574912
2 22181619520 525312
2 22184243520 525312
2 22185293120 525312
2 22187392320 1050112
2 22189491520 525312
2 22191065920 525312
2 22192115520 525312
2 22194214720 525312
2 22195264320 525312
2 22198937920 2624512
2 22202611520 1050112
2 22204185920 1574912
2 22207334720 1050112
2 22209433920 525312
2 22212057920 525312
2 22213632320 1050112
2 22219405120 525312
2 22220454720 525312
2 22222029120 525312
2 22223603520 525312
2 22225702720 525312
2 22227801920 1050112
2 22229901120 525312
2 22231475520 525312
2 22233049920 525312
2 22234099520 525312
2 22235149120 525312
2 22236198720 525312
2 22238822720 525312
2 22239872320 525312
2 22241446720 525312
2 22242496320 525312
2 22243545920 6298112
2 22250893120 525312
2 22252467520 1050112
2 22254566720 1050112
2 22256665920 1050112
2 22258765120 525312
2 22260864320 525312
2 22261913920 1574912
2 22264537920 525312
2 22266637120 525312
2 22267686720 525312
2 22268736320 1574912
2 22271360320 525312
2 22272409920 3149312
2 22278707520 525312
2 22279757120 1050112
2 22281331520 5773312
2 22288153920 2099712
2 22291302720 525312
2 22294451520 525312
2 22296025920 4198912
2 22300749120 1050112
2 22302323520 525312
2 22303373120 2624512
2 22306521920 525312
2 22308096320 2624512
2 22311245120 2624512
2 22314393920 1050112
2 22315968320 525312
2 22317542720 2624512
2 22320691520 525312
2 22322265920 3149312
2 22325939520 1050112
2 22328038720 1050112
2 22329613120 1574912
2 22331712320 3149312
2 22335385920 525312
2 22338009920 525312
2 22340633920 525312
2 22342208320 525312
2 22343257920 525312
2 22345881920 3674112
2 22350605120 1574912
2 22352704320 525312
2 22353753920 525312
2 22354803520 524800
2 22362975040 1050112
2 22365074240 1574912
2 22367173440 525312
2 22368747840 3149312
2 22372421440 1050112
2 22373995840 525312
2 22375570240 525312
2 22376619840 525312
2 22378719040 2624512
2 22382392640 2624512
2 22385541440 2099712
2 22388165440 2624512
2 22391314240 1050112
2 22392888640 525312
2 22395512640 1574912
2 22398136640 525312
2 22399711040 525312
2 22400760640 525312
2 22402335040 1050112
2 22407058240 525312
2 22410207040 525312
2 22411781440 1574912
2 22415455040 525312
2 22418079040 525312
2 22419653440 1574912
2 22422277440 525312
2 22425426240 1574912
2 22427525440 1050112
2 22429099840 525312
2 22431723840 525312
2 22432773440 1050112
2 22434872640 525312
2 22435922240 1050112
2 22438021440 1050112
2 22439595840 1574912
2 22445368640 1050112
2 22446943040 2624512
2 22452191040 1050112
2 22453765440 525312
2 22454815040 1574912
2 22456914240 525312
2 22459538240 525312
2 22460587840 525312
2 22462687040 1050112
2 22464786240 525312
2 22466360640 525312
2 22467410240 525312
2 22469509440 525312
2 22470559040 525312
2 22474232640 2624512
2 22477906240 1050112
2 22479480640 1574912
2 22482629440 1050112
2 22484728640 525312
2 22487352640 525312
2 22488927040 1050112
2 22494699840 525312
2 22495749440 525312
2 22497323840 525312
2 22498898240 525312
2 22500997440 525312
2 22503096640 1050112
2 22505195840 525312
2 22506770240 525312
2 22508344640 525312
2 22509394240 525312
2 22510443840 525312
2 22511493440 525312
2 22514117440 525312
2 22515167040 525312
2 22516741440 525312
2 22517791040 525312
2 22518840640 6298112
2 22526187840 525312
2 22527762240 1050112
2 22529861440 1050112
2 22531960640 1050112
2 22534059840 525312
2 22536159040 525312
2 22537208640 1574912
2 22539832640 525312
2 22541931840 525312
2 22542981440 525312
2 22544031040 1574912
2 22546655040 525312
2 22547704640 3149312
2 22554002240 525312
2 22555051840 1050112
2 22556626240 5773312
2 22563448640 2099712
2 22566597440 525312
2 22569746240 525312
2 22571320640 4198912
2 22576043840 1050112
2 22577618240 525312
2 22578667840 2624512
2 22581816640 525312
2 22583391040 2624512
2 22586539840 2624512
2 22589688640 1050112
2 22591263040 525312
2 22592837440 2624512
2 22595986240 525312
2 22597560640 3149312
2 22601234240 1050112
2 22603333440 1050112
2 22604907840 1574912
2 22607007040 3149312
2 22610680640 525312
2 22613304640 525312
2 22615928640 525312
2 22617503040 525312
2 22618552640 525312
2 22621176640 3674112
2 22625899840 1574912
2 22627999040 525312
2 22629048640 525312
2 22630098240 524800
2 21614873920 1843712
2 21618560320 2765312
2 21622246720 922112
2 21625011520 5530112
2 21631462720 1843712
2 21634227520 922112
2 21636992320 922112
2 21638835520 922112
2 21642521920 4608512
2 21648973120 4608512
2 21654502720 3686912
2 21659110720 4608512
2 21664640320 1843712
2 21667405120 922112
2 21672013120 2765312
2 21676621120 922112
2 21679385920 922112
2 21681229120 922112
2 21683993920 1843712
2 21692288320 922112
2 21697817920 922112
2 21700582720 2765312
2 21707033920 922112
2 21711641920 922112
2 21714406720 2765312
2 21719014720 922112
2 21724544320 2765312
2 21728230720 1843712
2 21730995520 922112
2 21735603520 922112
2 21737446720 1843712
2 21741133120 922112
2 21742976320 1843712
2 21746662720 1843712
2 21749427520 2765312
2 21759565120 1843712
2 21762329920 4608512
2 21771545920 1843712
2 21774310720 922112
2 21776153920 2765312
2 21779840320 922112
2 21784448320 922112
2 21786291520 922112
2 21789977920 1843712
2 21793664320 922112
2 21796429120 922112
2 21798272320 922112
2 21801958720 922112
2 21803801920 922112
2 21810253120 4608512
2 21816704320 1843712
2 21819469120 2765312
2 21824998720 1843712
2 21828685120 922112
2 21833293120 922112
2 21836057920 1843712
2 21846195520 922112
2 21848038720 922112
2 21850803520 922112
2 21853568320 922112
2 21857254720 922112
2 21860941120 1843712
2 21864627520 922112
2 21867392320 922112
2 21870157120 922112
2 21872000320 922112
2 21873843520 922112
2 21875686720 922112
2 21880294720 922112
2 21882137920 922112
2 21884902720 922112
2 21886745920 922112
2 21888589120 11059712
2 21901491520 922112
2 21904256320 1843712
2 21907942720 1843712
2 21911629120 1843712
2 21915315520 922112
2 21919001920 922112
2 21920845120 2765312
2 21925453120 922112
2 21929139520 922112
2 21930982720 922112
2 21932825920 2765312
2 21937433920 922112
2 21939277120 5530112
2 21950336320 922112
2 21952179520 1843712
2 21954944320 10138112
2 21966925120 3686912
2 21972454720 922112
2 21977984320 922112
2 21980749120 7373312
2 21989043520 1843712
2 21991808320 922112
2 21993651520 4608512
2 21999181120 922112
2 22001945920 4608512
2 22007475520 4608512
2 22013005120 1843712
2 22015769920 922112
2 22018534720 4608512
2 22024064320 922112
2 22026829120 5530112
2 22033280320 1843712
2 22036966720 1843712
2 22039731520 2765312
2 22043417920 5530112
2 22049869120 922112
2 22054477120 922112
2 22059085120 922112
2 22061849920 922112
2 22063693120 922112
2 22068301120 6451712
2 22076595520 2765312
2 22080281920 922112
2 22082125120 922112
2 22083968320 921600
2 23174812864 525312
2 23176912064 1574912
2 23182684864 525312
2 23186883264 525312
2 23187932864 525312
2 23188982464 525312
2 23190032064 1050112
2 23191606464 1050112
2 23193180864 1050112
2 23196854464 525312
2 23198428864 1050112
2 23200003264 525312
2 23201577664 1050112
2 23203152064 525312
2 23204726464 1574912
2 23207875264 525312
2 23209449664 525312
2 23210499264 1050112
2 23213123264 525312
2 23215222464 1050112
2 23217321664 1574912
2 23220470464 525312
2 23221520064 525312
2 23223619264 525312
2 23224668864 1574912
2 23228342464 1574912
2 23230441664 1574912
2 23233590464 525312
2 23234640064 1050112
2 23236214464 1050112
2 23237788864 1050112
2 23240937664 1574912
2 23245136064 1050112
2 23246710464 525312
2 23247760064 525312
2 23249334464 525312
2 23251433664 1050112
2 23253532864 525312
2 23254582464 1050112
2 23256156864 1574912
2 23259830464 525312
2 23260880064 1050112
2 23262454464 525312
2 23265078464 525312
2 23266128064 525312
2 23268227264 2099712
2 23270851264 1050112
2 23272425664 525312
2 23274000064 525312
2 23275049664 525312
2 23276624064 525312
2 23277673664 525312
2 23279248064 3149312
2 23282921664 525312
2 23285020864 525312
2 23286070464 1050112
2 23287644864 525312
2 23288694464 1574912
2 23290793664 1050112
2 23292368064 525312
2 23293942464 1050112
2 23297091264 1050112
2 23298665664 2099712
2 23301289664 1050112
2 23302864064 1050112
2 23304438464 1050112
2 23306012864 1050112
2 23308112064 525312
2 23309686464 525312
2 23311260864 525312
2 23312835264 525312
2 23314934464 525312
2 23316508864 525312
2 23319657664 1050112
2 23322806464 525312
2 23324380864 525312
2 23326480064 1050112
2 23328054464 525312
2 23329104064 525312
2 23330153664 1050112
2 23331728064 525312
2 23333302464 1050112
2 23336451264 525312
2 23339075264 525312
2 23340649664 1574912
2 23343798464 1050112
2 23345372864 525312
2 23346422464 525312
2 23347996864 1574912
2 23350096064 525312
2 23351145664 1574912
2 23353769664 525312
2 23355344064 1050112
2 23359542464 525312
2 23360592064 2099712
2 23363740864 2099712
2 23372137664 525312
2 23373187264 525312
2 23374761664 1574912
2 23377910464 525312
2 23379484864 525312
2 23380534464 2099712
2 23383683264 525312
2 23385257664 2099712
2 23387881664 1050112
2 23389980864 525312
2 23392080064 1050112
2 23396278464 525312
2 23400476864 525312
2 23402051264 525312
2 23403100864 525312
2 23404675264 1050112
2 23407299264 525312
2 23408348864 525312
2 23409923264 1574912
2 23412022464 2099712
2 23417270464 1050112
2 23418844864 1574912
2 23420944064 1574912
2 23425142464 1050112
2 23426716864 1574912
2 23429865664 1050112
2 23433539264 1050112
2 23435113664 525312
2 23436163264 525312
2 23438787264 1050112
2 23440886464 1050112
2 23442460864 525312
2 23450107584 525312
2 23452206784 1574912
2 23457979584 525312
2 23462177984 525312
2 23463227584 525312
2 23464277184 525312
2 23465326784 1050112
2 23466901184 1050112
2 23468475584 1050112
2 23472149184 525312
2 23473723584 1050112
2 23475297984 525312
2 23476872384 1050112
2 23478446784 525312
2 23480021184 1574912
2 23483169984 525312
2 23484744384 525312
2 23485793984 1050112
2 23488417984 525312
2 23490517184 1050112
2 23492616384 1574912
2 23495765184 525312
2 23496814784 525312
2 23498913984 525312
2 23499963584 1574912
2 23503637184 1574912
2 23505736384 1574912
2 23508885184 525312
2 23509934784 1050112
2 23511509184 1050112
2 23513083584 1050112
2 23516232384 1574912
2 23520430784 1050112
2 23522005184 525312
2 23523054784 525312
2 23524629184 525312
2 23526728384 1050112
2 23528827584 525312
2 23529877184 1050112
2 23531451584 1574912
2 23535125184 525312
2 23536174784 1050112
2 23537749184 525312
2 23540373184 525312
2 23541422784 525312
2 23543521984 2099712
2 23546145984 1050112
2 23547720384 525312
2 23549294784 525312
2 23550344384 525312
2 23551918784 525312
2 23552968384 525312
2 23554542784 3149312
2 23558216384 525312
2 23560315584 525312
2 23561365184 1050112
2 23562939584 525312
2 23563989184 1574912
2 23566088384 1050112
2 23567662784 525312
2 23569237184 1050112
2 23572385984 1050112
2 23573960384 2099712
2 23576584384 1050112
2 23578158784 1050112
2 23579733184 1050112
2 23581307584 1050112
2 23583406784 525312
2 23584981184 525312
2 23586555584 525312
2 23588129984 525312
2 23590229184 525312
2 23591803584 525312
2 23594952384 1050112
2 23598101184 525312
2 23599675584 525312
2 23601774784 1050112
2 23603349184 525312
2 23604398784 525312
2 23605448384 1050112
2 23607022784 525312
2 23608597184 1050112
2 23611745984 525312
2 23614369984 525312
2 23615944384 1574912
2 23619093184 1050112
2 23620667584 525312
2 23621717184 525312
2 23623291584 1574912
2 23625390784 525312
2 23626440384 1574912
2 23629064384 525312
2 23630638784 1050112
2 23634837184 525312
2 23635886784 2099712
2 23639035584 2099712
2 23647432384 525312
2 23648481984 525312
2 23650056384 1574912
2 23653205184 525312
2 23654779584 525312
2 23655829184 2099712
2 23658977984 525312
2 23660552384 2099712
2 23663176384 1050112
2 23665275584 525312
2 23667374784 1050112
2 23671573184 525312
2 23675771584 525312
2 23677345984 525312
2 23678395584 525312
2 23679969984 1050112
2 23682593984 525312
2 23683643584 525312
2 23685217984 1574912
2 23687317184 2099712
2 23692565184 1050112
2 23694139584 1574912
2 23696238784 1574912
2 23700437184 1050112
2 23702011584 1574912
2 23705160384 1050112
2 23708833984 1050112
2 23710408384 525312
2 23711457984 525312
2 23714081984 1050112
2 23716181184 1050112
2 23717755584 525312
2 22701212864 922112
2 22704899264 2765312
2 22715036864 922112
2 22722409664 922112
2 22724252864 922112
2 22726096064 922112
2 22727939264 1843712
2 22730704064 1843712
2 22733468864 1843712
2 22739920064 922112
2 22742684864 1843712
2 22745449664 922112
2 22748214464 1843712
2 22750979264 922112
2 22753744064 2765312
2 22759273664 922112
2 22762038464 922112
2 22763881664 1843712
2 22768489664 922112
2 22772176064 1843712
2 22775862464 2765312
2 22781392064 922112
2 22783235264 922112
2 22786921664 922112
2 22788764864 2765312
2 22795216064 2765312
2 22798902464 2765312
2 22804432064 922112
2 22806275264 1843712
2 22809040064 1843712
2 22811804864 1843712
2 22817334464 2765312
2 22824707264 1843712
2 22827472064 922112
2 22829315264 922112
2 22832080064 922112
2 22835766464 1843712
2 22839452864 922112
2 22841296064 1843712
2 22844060864 2765312
2 22850512064 922112
2 22852355264 1843712
2 22855120064 922112
2 22859728064 922112
2 22861571264 922112
2 22865257664 3686912
2 22869865664 1843712
2 22872630464 922112
2 22875395264 922112
2 22877238464 922112
2 22880003264 922112
2 22881846464 922112
2 22884611264 5530112
2 22891062464 922112
2 22894748864 922112
2 22896592064 1843712
2 22899356864 922112
2 22901200064 2765312
2 22904886464 1843712
2 22907651264 922112
2 22910416064 1843712
2 22915945664 1843712
2 22918710464 3686912
2 22923318464 1843712
2 22926083264 1843712
2 22928848064 1843712
2 22931612864 1843712
2 22935299264 922112
2 22938064064 922112
2 22940828864 922112
2 22943593664 922112
2 22947280064 922112
2 22950044864 922112
2 22955574464 1843712
2 22961104064 922112
2 22963868864 922112
2 22967555264 1843712
2 22970320064 922112
2 22972163264 922112
2 22974006464 1843712
2 22976771264 922112
2 22979536064 1843712
2 22985065664 922112
2 22989673664 922112
2 22992438464 2765312
2 22997968064 1843712
2 23000732864 922112
2 23002576064 922112
2 23005340864 2765312
2 23009027264 922112
2 23010870464 2765312
2 23015478464 922112
2 23018243264 1843712
2 23025616064 922112
2 23027459264 3686912
2 23032988864 3686912
2 23047734464 922112
2 23049577664 922112
2 23052342464 2765312
2 23057872064 922112
2 23060636864 922112
2 23062480064 3686912
2 23068009664 922112
2 23070774464 3686912
2 23075382464 1843712
2 23079068864 922112
2 23082755264 1843712
2 23090128064 922112
2 23097500864 922112
2 23100265664 922112
2 23102108864 922112
2 23104873664 1843712
2 23109481664 922112
2 23111324864 922112
2 23114089664 2765312
2 23117776064 3686912
2 23126992064 1843712
2 23129756864 2765312
2 23133443264 2765312
2 23140816064 1843712
2 23143580864 2765312
2 23149110464 1843712
2 23155561664 1843712
2 23158326464 922112
2 23160169664 922112
2 23164777664 1843712
2 23168464064 1843712
2 23171228864 922112
2 24246819008 1050112
2 24248918208 1050112
2 24250492608 525312
2 24254166208 1574912
2 24256265408 525312
2 24257315008 525312
2 24258364608 1050112
2 24260463808 1574912
2 24262563008 525312
2 24265187008 525312
2 24266236608 1050112
2 24268335808 2099712
2 24270959808 1050112
2 24272534208 525312
2 24275158208 525312
2 24276732608 1574912
2 24279356608 525312
2 24280406208 525312
2 24281455808 525312
2 24282505408 525312
2 24284079808 1574912
2 24286179008 1050112
2 24287753408 525312
2 24290377408 2624512
2 24293526208 1050112
2 24296150208 1574912
2 24298249408 525312
2 24300873408 3674112
2 24305071808 525312
2 24308745408 2099712
2 24313993408 525312
2 24317142208 525312
2 24318191808 1574912
2 24321340608 1574912
2 24325014208 525312
2 24326063808 1050112
2 24328163008 525312
2 24330787008 525312
2 24332361408 525312
2 24336035008 1050112
2 24338134208 2099712
2 24341807808 525312
2 24343907008 525312
2 24348105408 1050112
2 24350204608 525312
2 24351254208 525312
2 24352303808 525312
2 24353353408 525312
2 24355452608 525312
2 24357027008 525312
2 24358076608 3149312
2 24362275008 1574912
2 24365948608 2624512
2 24371196608 1050112
2 24373820608 525312
2 24374870208 1574912
2 24376969408 2624512
2 24381167808 1050112
2 24382742208 525312
2 24383791808 1050112
2 24385366208 525312
2 24386415808 525312
2 24387465408 1050112
2 24389039808 525312
2 24390089408 525312
2 24391663808 1574912
2 24394287808 525312
2 24397961408 525312
2 24400060608 525312
2 24402159808 525312
2 24403734208 525312
2 24405308608 525312
2 24406358208 525312
2 24407932608 525312
2 24408982208 525312
2 24410556608 1050112
2 24412655808 1050112
2 24414755008 1574912
2 24418953408 525312
2 24420003008 525312
2 24422627008 525312
2 24424201408 525312
2 24425251008 1050112
2 24426825408 1050112
2 24428924608 2624512
2 24432073408 2099712
2 24434697408 525312
2 24435747008 1050112
2 24437321408 1050112
2 24438895808 525312
2 24440470208 1050112
2 24445718208 525312
2 24447292608 525312
2 24449391808 1050112
2 24450966208 525312
2 24453065408 2099712
2 24457263808 1050112
2 24458838208 1050112
2 24461462208 525312
2 24465135808 525312
2 24466185408 1050112
2 24467759808 1574912
2 24473532608 525312
2 24476156608 525312
2 24478255808 525312
2 24479305408 525312
2 24481404608 1050112
2 24482979008 1050112
2 24485078208 525312
2 24486127808 525312
2 24487177408 525312
2 24488227008 1050112
2 24492425408 1050112
2 24496099008 525312
2 24497673408 525312
2 24499247808 525312
2 24503971008 525312
2 24505545408 1050112
2 24507119808 2099712
2 24509743808 525312
2 24510793408 525312
2 24512367808 1574912
2 24522113728 1050112
2 24524212928 1050112
2 24525787328 525312
2 24529460928 1574912
2 24531560128 525312
2 24532609728 525312
2 24533659328 1050112
2 24535758528 1574912
2 24537857728 525312
2 24540481728 525312
2 24541531328 1050112
2 24543630528 2099712
2 24546254528 1050112
2 24547828928 525312
2 24550452928 525312
2 24552027328 1574912
2 24554651328 525312
2 24555700928 525312
2 24556750528 525312
2 24557800128 525312
2 24559374528 1574912
2 24561473728 1050112
2 24563048128 525312
2 24565672128 2624512
2 24568820928 1050112
2 24571444928 1574912
2 24573544128 525312
2 24576168128 3674112
2 24580366528 525312
2 24584040128 2099712
2 24589288128 525312
2 24592436928 525312
2 24593486528 1574912
2 24596635328 1574912
2 24600308928 525312
2 24601358528 1050112
2 24603457728 525312
2 24606081728 525312
2 24607656128 525312
2 24611329728 1050112
2 24613428928 2099712
2 24617102528 525312
2 24619201728 525312
2 24623400128 1050112
2 24625499328 525312
2 24626548928 525312
2 24627598528 525312
2 24628648128 525312
2 24630747328 525312
2 24632321728 525312
2 24633371328 3149312
2 24637569728 1574912
2 24641243328 2624512
2 24646491328 1050112
2 24649115328 525312
2 24650164928 1574912
2 24652264128 2624512
2 24656462528 1050112
2 24658036928 525312
2 24659086528 1050112
2 24660660928 525312
2 24661710528 525312
2 24662760128 1050112
2 24664334528 525312
2 24665384128 525312
2 24666958528 1574912
2 24669582528 525312
2 24673256128 525312
2 24675355328 525312
2 24677454528 525312
2 24679028928 525312
2 24680603328 525312
2 24681652928 525312
2 24683227328 525312
2 24684276928 525312
2 24685851328 1050112
2 24687950528 1050112
2 24690049728 1574912
2 24694248128 525312
2 24695297728 525312
2 24697921728 525312
2 24699496128 525312
2 24700545728 1050112
2 24702120128 1050112
2 24704219328 2624512
2 24707368128 2099712
2 24709992128 525312
2 24711041728 1050112
2 24712616128 1050112
2 24714190528 525312
2 24715764928 1050112
2 24721012928 525312
2 24722587328 525312
2 24724686528 1050112
2 24726260928 525312
2 24728360128 2099712
2 24732558528 1050112
2 24734132928 1050112
2 24736756928 525312
2 24740430528 525312
2 24741480128 1050112
2 24743054528 1574912
2 24748827328 525312
2 24751451328 525312
2 24753550528 525312
2 24754600128 525312
2 24756699328 1050112
2 24758273728 1050112
2 24760372928 525312
2 24761422528 525312
2 24762472128 525312
2 24763521728 1050112
2 24767720128 1050112
2 24771393728 525312
2 24772968128 525312
2 24774542528 525312
2 24779265728 525312
2 24780840128 1050112
2 24782414528 2099712
2 24785038528 525312
2 24786088128 525312
2 24787662528 1574912
2 23774012608 1843712
2 23777699008 1843712
2 23780463808 922112
2 23786915008 2765312
2 23790601408 922112
2 23792444608 922112
2 23794287808 1843712
2 23797974208 2765312
2 23801660608 922112
2 23806268608 922112
2 23808111808 1843712
2 23811798208 3686912
2 23816406208 1843712
2 23819171008 922112
2 23823779008 922112
2 23826543808 2765312
2 23831151808 922112
2 23832995008 922112
2 23834838208 922112
2 23836681408 922112
2 23839446208 2765312
2 23843132608 1843712
2 23845897408 922112
2 23850505408 4608512
2 23856035008 1843712
2 23860643008 2765312
2 23864329408 922112
2 23868937408 6451712
2 23876310208 922112
2 23882761408 3686912
2 23891977408 922112
2 23897507008 922112
2 23899350208 2765312
2 23904879808 2765312
2 23911331008 922112
2 23913174208 1843712
2 23916860608 922112
2 23921468608 922112
2 23924233408 922112
2 23930684608 1843712
2 23934371008 3686912
2 23940822208 922112
2 23944508608 922112
2 23951881408 1843712
2 23955567808 922112
2 23957411008 922112
2 23959254208 922112
2 23961097408 922112
2 23964783808 922112
2 23967548608 922112
2 23969391808 5530112
2 23976764608 2765312
2 23983215808 4608512
2 23992431808 1843712
2 23997039808 922112
2 23998883008 2765312
2 24002569408 4608512
2 24009942208 1843712
2 24012707008 922112
2 24014550208 1843712
2 24017315008 922112
2 24019158208 922112
2 24021001408 1843712
2 24023766208 922112
2 24025609408 922112
2 24028374208 2765312
2 24032982208 922112
2 24039433408 922112
2 24043119808 922112
2 24046806208 922112
2 24049571008 922112
2 24052335808 922112
2 24054179008 922112
2 24056943808 922112
2 24058787008 922112
2 24061551808 1843712
2 24065238208 1843712
2 24068924608 2765312
2 24076297408 922112
2 24078140608 922112
2 24082748608 922112
2 24085513408 922112
2 24087356608 1843712
2 24090121408 1843712
2 24093807808 4608512
2 24099337408 3686912
2 24103945408 922112
2 24105788608 1843712
2 24108553408 1843712
2 24111318208 922112
2 24114083008 1843712
2 24123299008 922112
2 24126063808 922112
2 24129750208 1843712
2 24132515008 922112
2 24136201408 3686912
2 24143574208 1843712
2 24146339008 1843712
2 24150947008 922112
2 24157398208 922112
2 24159241408 1843712
2 24162006208 2765312
2 24172143808 922112
2 24176751808 922112
2 24180438208 922112
2 24182281408 922112
2 24185967808 1843712
2 24188732608 1843712
2 24192419008 922112
2 24194262208 922112
2 24196105408 922112
2 24197948608 1843712
2 24205321408 1843712
2 24211772608 922112
2 24214537408 922112
2 24217302208 922112
2 24225596608 922112
2 24228361408 1843712
2 24231126208 3686912
2 24235734208 922112
2 24237577408 922112
2 24240342208 2765312
2 25327498304 3149312
2 25331171904 525312
2 25333271104 1050112
2 25335370304 1574912
2 25337469504 2624512
2 25341667904 525312
2 25342717504 525312
2 25344291904 525312
2 25345866304 2099712
2 25348490304 2099712
2 25351639104 525312
2 25352688704 525312
2 25353738304 1574912
2 25357936704 1050112
2 25359511104 525312
2 25360560704 525312
2 25361610304 525312
2 25362659904 1050112
2 25367907904 525312
2 25368957504 1050112
2 25371056704 525312
2 25372631104 1574912
2 25376829504 525312
2 25377879104 1574912
2 25379978304 525312
2 25381027904 1574912
2 25385226304 525312
2 25388375104 525312
2 25389424704 525312
2 25391523904 525312
2 25392573504 1050112
2 25394147904 1050112
2 25396771904 1050112
2 25402019904 525312
2 25403594304 1050112
2 25406218304 1574912
2 25409891904 2099712
2 25412515904 1574912
2 25415664704 2099712
2 25419338304 1574912
2 25421962304 525312
2 25423536704 525312
2 25425111104 525312
2 25427210304 525312
2 25428259904 525312
2 25430359104 525312
2 25431408704 1574912
2 25435082304 1050112
2 25436656704 525312
2 25437706304 1050112
2 25439280704 1050112
2 25440855104 1574912
2 25442954304 1050112
2 25445053504 525312
2 25446103104 525312
2 25447677504 525312
2 25449251904 1050112
2 25450826304 1574912
2 25453450304 525312
2 25456074304 1050112
2 25458173504 525312
2 25459223104 1574912
2 25461847104 525312
2 25462896704 2099712
2 25466045504 525312
2 25467095104 525312
2 25468144704 525312
2 25469194304 525312
2 25470243904 1050112
2 25471818304 1050112
2 25473917504 525312
2 25476016704 525312
2 25478640704 1574912
2 25481789504 525312
2 25482839104 525312
2 25483888704 1050112
2 25485987904 1574912
2 25488087104 525312
2 25490186304 1050112
2 25492285504 525312
2 25497533504 1050112
2 25499632704 1050112
2 25501731904 525312
2 25502781504 1050112
2 25506455104 2099712
2 25509603904 1050112
2 25511178304 525312
2 25512227904 1574912
2 25514327104 525312
2 25515376704 525312
2 25516951104 525312
2 25518000704 1574912
2 25520624704 525312
2 25521674304 525312
2 25522723904 1050112
2 25524298304 525312
2 25525872704 525312
2 25526922304 525312
2 25529021504 1050112
2 25531645504 525312
2 25532695104 1050112
2 25534269504 525312
2 25538467904 525312
2 25539517504 525312
2 25540567104 2624512
2 25544765504 1050112
2 25546339904 1050112
2 25548439104 525312
2 25549488704 1574912
2 25551587904 525312
2 25552637504 3674112
2 25557360704 4198912
2 25562608704 1050112
2 25565757504 525312
2 25566807104 1050112
2 25569955904 525312
2 25572055104 1050112
2 25574679104 525312
2 25575728704 525312
2 25576778304 1050112
2 25579927104 1050112
2 25581501504 1050112
2 25583075904 525312
2 25584125504 525312
2 25585175104 525312
2 25586749504 525312
2 25588848704 525312
2 25589898304 3149312
2 25595671104 524800
2 25602793024 3149312
2 25606466624 525312
2 25608565824 1050112
2 25610665024 1574912
2 25612764224 2624512
2 25616962624 525312
2 25618012224 525312
2 25619586624 525312
2 25621161024 2099712
2 25623785024 2099712
2 25626933824 525312
2 25627983424 525312
2 25629033024 1574912
2 25633231424 1050112
2 25634805824 525312
2 25635855424 525312
2 25636905024 525312
2 25637954624 1050112
2 25643202624 525312
2 25644252224 1050112
2 25646351424 525312
2 25647925824 1574912
2 25652124224 525312
2 25653173824 1574912
2 25655273024 525312
2 25656322624 1574912
2 25660521024 525312
2 25663669824 525312
2 25664719424 525312
2 25666818624 525312
2 25667868224 1050112
2 25669442624 1050112
2 25672066624 1050112
2 25677314624 525312
2 25678889024 1050112
2 25681513024 1574912
2 25685186624 2099712
2 25687810624 1574912
2 25690959424 2099712
2 25694633024 1574912
2 25697257024 525312
2 25698831424 525312
2 25700405824 525312
2 25702505024 525312
2 25703554624 525312
2 25705653824 525312
2 25706703424 1574912
2 25710377024 1050112
2 25711951424 525312
2 25713001024 1050112
2 25714575424 1050112
2 25716149824 1574912
2 25718249024 1050112
2 25720348224 525312
2 25721397824 525312
2 25722972224 525312
2 25724546624 1050112
2 25726121024 1574912
2 25728745024 525312
2 25731369024 1050112
2 25733468224 525312
2 25734517824 1574912
2 25737141824 525312
2 25738191424 2099712
2 25741340224 525312
2 25742389824 525312
2 25743439424 525312
2 25744489024 525312
2 25745538624 1050112
2 25747113024 1050112
2 25749212224 525312
2 25751311424 525312
2 25753935424 1574912
2 25757084224 525312
2 25758133824 525312
2 25759183424 1050112
2 25761282624 1574912
2 25763381824 525312
2 25765481024 1050112
2 25767580224 525312
2 25772828224 1050112
2 25774927424 1050112
2 25777026624 525312
2 25778076224 1050112
2 25781749824 2099712
2 25784898624 1050112
2 25786473024 525312
2 25787522624 1574912
2 25789621824 525312
2 25790671424 525312
2 25792245824 525312
2 25793295424 1574912
2 25795919424 525312
2 25796969024 525312
2 25798018624 1050112
2 25799593024 525312
2 25801167424 525312
2 25802217024 525312
2 25804316224 1050112
2 25806940224 525312
2 25807989824 1050112
2 25809564224 525312
2 25813762624 525312
2 25814812224 525312
2 25815861824 2624512
2 25820060224 1050112
2 25821634624 1050112
2 25823733824 525312
2 25824783424 1574912
2 25826882624 525312
2 25827932224 3674112
2 25832655424 4198912
2 25837903424 1050112
2 25841052224 525312
2 25842101824 1050112
2 25845250624 525312
2 25847349824 1050112
2 25849973824 525312
2 25851023424 525312
2 25852073024 1050112
2 25855221824 1050112
2 25856796224 1050112
2 25858370624 525312
2 25859420224 525312
2 25860469824 525312
2 25862044224 525312
2 25864143424 525312
2 25865193024 3149312
2 25870965824 524800
2 24853898304 5530112
2 24860349504 922112
2 24864035904 1843712
2 24867722304 2765312
2 24871408704 4608512
2 24878781504 922112
2 24880624704 922112
2 24883389504 922112
2 24886154304 3686912
2 24890762304 3686912
2 24896291904 922112
2 24898135104 922112
2 24899978304 2765312
2 24907351104 1843712
2 24910115904 922112
2 24911959104 922112
2 24913802304 922112
2 24915645504 1843712
2 24924861504 922112
2 24926704704 1843712
2 24930391104 922112
2 24933155904 2765312
2 24940528704 922112
2 24942371904 2765312
2 24946058304 922112
2 24947901504 2765312
2 24955274304 922112
2 24960803904 922112
2 24962647104 922112
2 24966333504 922112
2 24968176704 1843712
2 24970941504 1843712
2 24975549504 1843712
2 24984765504 922112
2 24987530304 1843712
2 24992138304 2765312
2 24998589504 3686912
2 25003197504 2765312
2 25008727104 3686912
2 25015178304 2765312
2 25019786304 922112
2 25022551104 922112
2 25025315904 922112
2 25029002304 922112
2 25030845504 922112
2 25034531904 922112
2 25036375104 2765312
2 25042826304 1843712
2 25045591104 922112
2 25047434304 1843712
2 25050199104 1843712
2 25052963904 2765312
2 25056650304 1843712
2 25060336704 922112
2 25062179904 922112
2 25064944704 922112
2 25067709504 1843712
2 25070474304 2765312
2 25075082304 922112
2 25079690304 1843712
2 25083376704 922112
2 25085219904 2765312
2 25089827904 922112
2 25091671104 3686912
2 25097200704 922112
2 25099043904 922112
2 25100887104 922112
2 25102730304 922112
2 25104573504 1843712
2 25107338304 1843712
2 25111024704 922112
2 25114711104 922112
2 25119319104 2765312
2 25124848704 922112
2 25126691904 922112
2 25128535104 1843712
2 25132221504 2765312
2 25135907904 922112
2 25139594304 1843712
2 25143280704 922112
2 25152496704 1843712
2 25156183104 1843712
2 25159869504 922112
2 25161712704 1843712
2 25168163904 3686912
2 25173693504 1843712
2 25176458304 922112
2 25178301504 2765312
2 25181987904 922112
2 25183831104 922112
2 25186595904 922112
2 25188439104 2765312
2 25193047104 922112
2 25194890304 922112
2 25196733504 1843712
2 25199498304 922112
2 25202263104 922112
2 25204106304 922112
2 25207792704 1843712
2 25212400704 922112
2 25214243904 1843712
2 25217008704 922112
2 25224381504 922112
2 25226224704 922112
2 25228067904 4608512
2 25235440704 1843712
2 25238205504 1843712
2 25241891904 922112
2 25243735104 2765312
2 25247421504 922112
2 25249264704 6451712
2 25257559104 7373312
2 25266775104 1843712
2 25272304704 922112
2 25274147904 1843712
2 25279677504 922112
2 25283363904 1843712
2 25287971904 922112
2 25289815104 922112
2 25291658304 1843712
2 25297187904 1843712
2 25299952704 1843712
2 25302717504 922112
2 25304560704 922112
2 25306403904 922112
2 25309168704 922112
2 25312855104 922112
2 25314698304 5530112
2 25324835904 921600
2 26411326400 1050112
2 26417099200 1574912
2 26419198400 3149312
2 26426020800 1050112
2 26429694400 1050112
2 26431268800 2624512
2 26434417600 1574912
2 26437041600 525312
2 26438091200 1574912
2 26440190400 525312
2 26441240000 1050112
2 26444388800 1050112
2 26446488000 525312
2 26448587200 525312
2 26449636800 1574912
2 26451736000 1574912
2 26453835200 1050112
2 26455409600 1050112
2 26456984000 525312
2 26458033600 525312
2 26459083200 525312
2 26460132800 525312
2 26461707200 525312
2 26462756800 525312
2 26463806400 1050112
2 26466430400 1050112
2 26468529600 1050112
2 26471678400 525312
2 26473252800 525312
2 26475876800 1050112
2 26477451200 2099712
2 26481124800 3149312
2 26488472000 1050112
2 26492145600 525312
2 26493720000 525312
2 26494769600 525312
2 26496344000 525312
2 26498968000 1050112
2 26502116800 525312
2 26504216000 1050112
2 26505790400 525312
2 26506840000 2624512
2 26511038400 525312
2 26512612800 525312
2 26513662400 1050112
2 26515236800 525312
2 26516811200 525312
2 26517860800 525312
2 26519435200 1050112
2 26521534400 2624512
2 26525732800 1050112
2 26527307200 525312
2 26530456000 1050112
2 26532030400 3149312
2 26537803200 525312
2 26538852800 525312
2 26540427200 1050112
2 26544100800 525312
2 26545675200 1050112
2 26548299200 525312
2 26549348800 1050112
2 26552497600 525312
2 26554072000 1574912
2 26556171200 525312
2 26557745600 525312
2 26558795200 1574912
2 26560894400 3674112
2 26566142400 525312
2 26567192000 525312
2 26568241600 1050112
2 26570340800 525312
2 26571915200 1574912
2 26575588800 525312
2 26576638400 525312
2 26578212800 1050112
2 26579787200 525312
2 26581361600 525312
2 26585035200 525312
2 26587659200 2099712
2 26592382400 525312
2 26593432000 525312
2 26595531200 525312
2 26596580800 525312
2 26599204800 525312
2 26600254400 2099712
2 26602878400 525312
2 26604977600 525312
2 26606552000 525312
2 26608126400 1050112
2 26609700800 525312
2 26611800000 1050112
2 26613374400 3149312
2 26617048000 525312
2 26618097600 525312
2 26620196800 1574912
2 26624395200 525312
2 26627544000 1050112
2 26629118400 525312
2 26630692800 525312
2 26631742400 525312
2 26632792000 1574912
2 26634891200 525312
2 26635940800 525312
2 26636990400 1574912
2 26639089600 525312
2 26640139200 525312
2 26641188800 525312
2 26642238400 525312
2 26643288000 1574912
2 26648011200 525312
2 26649060800 525312
2 26650635200 525312
2 26652734400 1574912
2 26656408000 525312
2 26659032000 525312
2 26660081600 1574912
2 26662180800 1574912
2 26665854400 1574912
2 26669003200 525312
2 26671102400 525312
2 26675825600 525312
2 26686621120 1050112
2 26692393920 1574912
2 26694493120 3149312
2 26701315520 1050112
2 26704989120 1050112
2 26706563520 2624512
2 26709712320 1574912
2 26712336320 525312
2 26713385920 1574912
2 26715485120 525312
2 26716534720 1050112
2 26719683520 1050112
2 26721782720 525312
2 26723881920 525312
2 26724931520 1574912
2 26727030720 1574912
2 26729129920 1050112
2 26730704320 1050112
2 26732278720 525312
2 26733328320 525312
2 26734377920 525312
2 26735427520 525312
2 26737001920 525312
2 26738051520 525312
2 26739101120 1050112
2 26741725120 1050112
2 26743824320 1050112
2 26746973120 525312
2 26748547520 525312
2 26751171520 1050112
2 26752745920 2099712
2 26756419520 3149312
2 26763766720 1050112
2 26767440320 525312
2 26769014720 525312
2 26770064320 525312
2 26771638720 525312
2 26774262720 1050112
2 26777411520 525312
2 26779510720 1050112
2 26781085120 525312
2 26782134720 2624512
2 26786333120 525312
2 26787907520 525312
2 26788957120 1050112
2 26790531520 525312
2 26792105920 525312
2 26793155520 525312
2 26794729920 1050112
2 26796829120 2624512
2 26801027520 1050112
2 26802601920 525312
2 26805750720 1050112
2 26807325120 3149312
2 26813097920 525312
2 26814147520 525312
2 26815721920 1050112
2 26819395520 525312
2 26820969920 1050112
2 26823593920 525312
2 26824643520 1050112
2 26827792320 525312
2 26829366720 1574912
2 26831465920 525312
2 26833040320 525312
2 26834089920 1574912
2 26836189120 3674112
2 26841437120 525312
2 26842486720 525312
2 26843536320 1050112
2 26845635520 525312
2 26847209920 1574912
2 26850883520 525312
2 26851933120 525312
2 26853507520 1050112
2 26855081920 525312
2 26856656320 525312
2 26860329920 525312
2 26862953920 2099712
2 26867677120 525312
2 26868726720 525312
2 26870825920 525312
2 26871875520 525312
2 26874499520 525312
2 26875549120 2099712
2 26878173120 525312
2 26880272320 525312
2 26881846720 525312
2 26883421120 1050112
2 26884995520 525312
2 26887094720 1050112
2 26888669120 3149312
2 26892342720 525312
2 26893392320 525312
2 26895491520 1574912
2 26899689920 525312
2 26902838720 1050112
2 26904413120 525312
2 26905987520 525312
2 26907037120 525312
2 26908086720 1574912
2 26910185920 525312
2 26911235520 525312
2 26912285120 1574912
2 26914384320 525312
2 26915433920 525312
2 26916483520 525312
2 26917533120 525312
2 26918582720 1574912
2 26923305920 525312
2 26924355520 525312
2 26925929920 525312
2 26928029120 1574912
2 26931702720 525312
2 26934326720 525312
2 26935376320 1574912
2 26937475520 1574912
2 26941149120 1574912
2 26944297920 525312
2 26946397120 525312
2 26951120320 525312
2 25939313600 1843712
2 25949451200 2765312
2 25953137600 5530112
2 25965118400 1843712
2 25971569600 1843712
2 25974334400 4608512
2 25979864000 2765312
2 25984472000 922112
2 25986315200 2765312
2 25990001600 922112
2 25991844800 1843712
2 25997374400 1843712
2 26001060800 922112
2 26004747200 922112
2 26006590400 2765312
2 26010276800 2765312
2 26013963200 1843712
2 26016728000 1843712
2 26019492800 922112
2 26021336000 922112
2 26023179200 922112
2 26025022400 922112
2 26027787200 922112
2 26029630400 922112
2 26031473600 1843712
2 26036081600 1843712
2 26039768000 1843712
2 26045297600 922112
2 26048062400 922112
2 26052670400 1843712
2 26055435200 3686912
2 26061886400 5530112
2 26074788800 1843712
2 26081240000 922112
2 26084004800 922112
2 26085848000 922112
2 26088612800 922112
2 26093220800 1843712
2 26098750400 922112
2 26102436800 1843712
2 26105201600 922112
2 26107044800 4608512
2 26114417600 922112
2 26117182400 922112
2 26119025600 1843712
2 26121790400 922112
2 26124555200 922112
2 26126398400 922112
2 26129163200 1843712
2 26132849600 4608512
2 26140222400 1843712
2 26142987200 922112
2 26148516800 1843712
2 26151281600 5530112
2 26161419200 922112
2 26163262400 922112
2 26166027200 1843712
2 26172478400 922112
2 26175243200 1843712
2 26179851200 922112
2 26181694400 1843712
2 26187224000 922112
2 26189988800 2765312
2 26193675200 922112
2 26196440000 922112
2 26198283200 2765312
2 26201969600 6451712
2 26211185600 922112
2 26213028800 922112
2 26214872000 1843712
2 26218558400 922112
2 26221323200 2765312
2 26227774400 922112
2 26229617600 922112
2 26232382400 1843712
2 26235147200 922112
2 26237912000 922112
2 26244363200 922112
2 26248971200 3686912
2 26257265600 922112
2 26259108800 922112
2 26262795200 922112
2 26264638400 922112
2 26269246400 922112
2 26271089600 3686912
2 26275697600 922112
2 26279384000 922112
2 26282148800 922112
2 26284913600 1843712
2 26287678400 922112
2 26291364800 1843712
2 26294129600 5530112
2 26300580800 922112
2 26302424000 922112
2 26306110400 2765312
2 26313483200 922112
2 26319012800 1843712
2 26321777600 922112
2 26324542400 922112
2 26326385600 922112
2 26328228800 2765312
2 26331915200 922112
2 26333758400 922112
2 26335601600 2765312
2 26339288000 922112
2 26341131200 922112
2 26342974400 922112
2 26344817600 922112
2 26346660800 2765312
2 26354955200 922112
2 26356798400 922112
2 26359563200 922112
2 26363249600 2765312
2 26369700800 922112
2 26374308800 922112
2 26376152000 2765312
2 26379838400 2765312
2 26386289600 2765312
2 26391819200 922112
2 26395505600 922112
2 26403800000 922112
2 27498458944 525312
2 27500558144 525312
2 27503182144 525312
2 27504756544 1050112
2 27510529344 525312
2 27513678144 1050112
2 27515252544 525312
2 27516826944 525312
2 27518401344 525312
2 27519450944 525312
2 27520500544 525312
2 27521550144 1050112
2 27523124544 525312
2 27527322944 1050112
2 27528897344 525312
2 27530996544 525312
2 27534670144 525312
2 27537294144 525312
2 27538868544 525312
2 27541492544 2099712
2 27544641344 1574912
2 27546740544 1050112
2 27548839744 525312
2 27553038144 1050112
2 27555137344 525312
2 27557761344 525312
2 27558810944 2099712
2 27561434944 1574912
2 27564058944 1050112
2 27567207744 525312
2 27568782144 1574912
2 27571930944 525312
2 27573505344 2624512
2 27579278144 525312
2 27581377344 1050112
2 27583476544 525312
2 27584526144 1050112
2 27586100544 1050112
2 27590823744 525312
2 27591873344 1050112
2 27594497344 525312
2 27596596544 1574912
2 27598695744 525312
2 27601319744 525312
2 27602369344 525312
2 27603943744 525312
2 27605518144 1050112
2 27607092544 525312
2 27608666944 1050112
2 27611290944 525312
2 27612865344 525312
2 27613914944 1574912
2 27618638144 525312
2 27619687744 1574912
2 27623361344 525312
2 27624410944 1574912
2 27626510144 1574912
2 27631233344 1050112
2 27634906944 525312
2 27637006144 1050112
2 27639105344 1050112
2 27640679744 525312
2 27642254144 1574912
2 27644353344 525312
2 27646452544 525312
2 27649076544 525312
2 27651175744 1050112
2 27653274944 2099712
2 27656948544 525312
2 27657998144 525312
2 27664820544 525312
2 27665870144 1050112
2 27668494144 525312
2 27670068544 525312
2 27671118144 525312
2 27673742144 525312
2 27674791744 3149312
2 27678465344 1050112
2 27680564544 525312
2 27682663744 525312
2 27683713344 525312
2 27685287744 1574912
2 27688961344 1050112
2 27691585344 525312
2 27693159744 525312
2 27695258944 1050112
2 27696833344 1050112
2 27698932544 525312
2 27700506944 1050112
2 27702606144 525312
2 27703655744 1050112
2 27708903744 525312
2 27710478144 525312
2 27711527744 525312
2 27712577344 525312
2 27713626944 3149312
2 27717825344 525312
2 27718874944 1050112
2 27720449344 1574912
2 27725697344 525312
2 27727271744 525312
2 27728846144 525312
2 27730420544 1050112
2 27732519744 525312
2 27733569344 1574912
2 27737242944 2099712
2 27739866944 525312
2 27740916544 525312
2 27744590144 525312
2 27747214144 525312
2 27748263744 525312
2 27749838144 525312
2 27750887744 525312
2 27752462144 525312
2 27754036544 2624512
2 27758759744 525312
2 27759809344 525312
2 27761908544 4198400
2 27773753664 525312
2 27775852864 525312
2 27778476864 525312
2 27780051264 1050112
2 27785824064 525312
2 27788972864 1050112
2 27790547264 525312
2 27792121664 525312
2 27793696064 525312
2 27794745664 525312
2 27795795264 525312
2 27796844864 1050112
2 27798419264 525312
2 27802617664 1050112
2 27804192064 525312
2 27806291264 525312
2 27809964864 525312
2 27812588864 525312
2 27814163264 525312
2 27816787264 2099712
2 27819936064 1574912
2 27822035264 1050112
2 27824134464 525312
2 27828332864 1050112
2 27830432064 525312
2 27833056064 525312
2 27834105664 2099712
2 27836729664 1574912
2 27839353664 1050112
2 27842502464 525312
2 27844076864 1574912
2 27847225664 525312
2 27848800064 2624512
2 27854572864 525312
2 27856672064 1050112
2 27858771264 525312
2 27859820864 1050112
2 27861395264 1050112
2 27866118464 525312
2 27867168064 1050112
2 27869792064 525312
2 27871891264 1574912
2 27873990464 525312
2 27876614464 525312
2 27877664064 525312
2 27879238464 525312
2 27880812864 1050112
2 27882387264 525312
2 27883961664 1050112
2 27886585664 525312
2 27888160064 525312
2 27889209664 1574912
2 27893932864 525312
2 27894982464 1574912
2 27898656064 525312
2 27899705664 1574912
2 27901804864 1574912
2 27906528064 1050112
2 27910201664 525312
2 27912300864 1050112
2 27914400064 1050112
2 27915974464 525312
2 27917548864 1574912
2 27919648064 525312
2 27921747264 525312
2 27924371264 525312
2 27926470464 1050112
2 27928569664 2099712
2 27932243264 525312
2 27933292864 525312
2 27940115264 525312
2 27941164864 1050112
2 27943788864 525312
2 27945363264 525312
2 27946412864 525312
2 27949036864 525312
2 27950086464 3149312
2 27953760064 1050112
2 27955859264 525312
2 27957958464 525312
2 27959008064 525312
2 27960582464 1574912
2 27964256064 1050112
2 27966880064 525312
2 27968454464 525312
2 27970553664 1050112
2 27972128064 1050112
2 27974227264 525312
2 27975801664 1050112
2 27977900864 525312
2 27978950464 1050112
2 27984198464 525312
2 27985772864 525312
2 27986822464 525312
2 27987872064 525312
2 27988921664 3149312
2 27993120064 525312
2 27994169664 1050112
2 27995744064 1574912
2 28000992064 525312
2 28002566464 525312
2 28004140864 525312
2 28005715264 1050112
2 28007814464 525312
2 28008864064 1574912
2 28012537664 2099712
2 28015161664 525312
2 28016211264 525312
2 28019884864 525312
2 28022508864 525312
2 28023558464 525312
2 28025132864 525312
2 28026182464 525312
2 28027756864 525312
2 28029331264 2624512
2 28034054464 525312
2 28035104064 525312
2 28037203264 4198400
2 27025652544 922112
2 27029338944 922112
2 27033946944 922112
2 27036711744 1843712
2 27046849344 922112
2 27052378944 1843712
2 27055143744 922112
2 27057908544 922112
2 27060673344 922112
2 27062516544 922112
2 27064359744 922112
2 27066202944 1843712
2 27068967744 922112
2 27076340544 1843712
2 27079105344 922112
2 27082791744 922112
2 27089242944 922112
2 27093850944 922112
2 27096615744 922112
2 27101223744 3686912
2 27106753344 2765312
2 27110439744 1843712
2 27114126144 922112
2 27121498944 1843712
2 27125185344 922112
2 27129793344 922112
2 27131636544 3686912
2 27136244544 2765312
2 27140852544 1843712
2 27146382144 922112
2 27149146944 2765312
2 27154676544 922112
2 27157441344 4608512
2 27167578944 922112
2 27171265344 1843712
2 27174951744 922112
2 27176794944 1843712
2 27179559744 1843712
2 27187854144 922112
2 27189697344 1843712
2 27194305344 922112
2 27197991744 2765312
2 27201678144 922112
2 27206286144 922112
2 27208129344 922112
2 27210894144 922112
2 27213658944 1843712
2 27216423744 922112
2 27219188544 1843712
2 27223796544 922112
2 27226561344 922112
2 27228404544 2765312
2 27236698944 922112
2 27238542144 2765312
2 27244993344 922112
2 27246836544 2765312
2 27250522944 2765312
2 27258817344 1843712
2 27265268544 922112
2 27268954944 1843712
2 27272641344 1843712
2 27275406144 922112
2 27278170944 2765312
2 27281857344 922112
2 27285543744 922112
2 27290151744 922112
2 27293838144 1843712
2 27297524544 3686912
2 27303975744 922112
2 27305818944 922112
2 27317799744 922112
2 27319642944 1843712
2 27324250944 922112
2 27327015744 922112
2 27328858944 922112
2 27333466944 922112
2 27335310144 5530112
2 27341761344 1843712
2 27345447744 922112
2 27349134144 922112
2 27350977344 922112
2 27353742144 2765312
2 27360193344 1843712
2 27364801344 922112
2 27367566144 922112
2 27371252544 1843712
2 27374017344 1843712
2 27377703744 922112
2 27380468544 1843712
2 27384154944 922112
2 27385998144 1843712
2 27395214144 922112
2 27397978944 922112
2 27399822144 922112
2 27401665344 922112
2 27403508544 5530112
2 27410881344 922112
2 27412724544 1843712
2 27415489344 2765312
2 27424705344 922112
2 27427470144 922112
2 27430234944 922112
2 27432999744 1843712
2 27436686144 922112
2 27438529344 2765312
2 27444980544 3686912
2 27449588544 922112
2 27451431744 922112
2 27457882944 922112
2 27462490944 922112
2 27464334144 922112
2 27467098944 922112
2 27468942144 922112
2 27471706944 922112
2 27474471744 4608512
2 27482766144 922112
2 27484609344 922112
2 27488295744 7372800
2 28568890688 525312
2 28570465088 525312
2 28571514688 525312
2 28573613888 525312
2 28579386688 525312
2 28580961088 1050112
2 28582535488 1050112
2 28584109888 525312
2 28585684288 1574912
2 28588833088 525312
2 28590407488 2099712
2 28593031488 525312
2 28594081088 2099712
2 28596705088 1574912
2 28600903488 525312
2 28604052288 1050112
2 28606676288 2624512
2 28609825088 525312
2 28612973888 525312
2 28614023488 1050112
2 28615597888 525312
2 28618221888 525312
2 28620321088 1574912
2 28622420288 1050112
2 28623994688 525312
2 28625044288 525312
2 28626093888 525312
2 28630292288 1574912
2 28635015488 525312
2 28636065088 525312
2 28638689088 1574912
2 28642887488 525312
2 28643937088 1050112
2 28645511488 1050112
2 28647085888 525312
2 28650234688 525312
2 28651284288 1574912
2 28653383488 525312
2 28654433088 525312
2 28659156288 525312
2 28660205888 525312
2 28661255488 525312
2 28662305088 525312
2 28664929088 525312
2 28665978688 525312
2 28667553088 2099712
2 28670177088 1574912
2 28672801088 1050112
2 28674900288 1050112
2 28676999488 1574912
2 28679623488 1574912
2 28683821888 525312
2 28685396288 1574912
2 28690119488 2099712
2 28692743488 525312
2 28694317888 525312
2 28695892288 525312
2 28697466688 2624512
2 28700615488 525312
2 28702714688 525312
2 28703764288 525312
2 28705863488 1050112
2 28709537088 1050112
2 28711636288 1050112
2 28713210688 1050112
2 28715309888 1050112
2 28716884288 1574912
2 28718983488 1050112
2 28720557888 1050112
2 28722132288 1050112
2 28724231488 525312
2 28725281088 525312
2 28726330688 525312
2 28727380288 525312
2 28730004288 525312
2 28732628288 525312
2 28735777088 525312
2 28737351488 525312
2 28738401088 2099712
2 28742074688 1574912
2 28745223488 1574912
2 28747847488 1574912
2 28749946688 525312
2 28752045888 525312
2 28753095488 525312
2 28754669888 525312
2 28756244288 1050112
2 28757818688 525312
2 28763066688 1050112
2 28764641088 525312
2 28765690688 525312
2 28768839488 525312
2 28770413888 1050112
2 28772513088 1050112
2 28779335488 525312
2 28780385088 1050112
2 28783009088 525312
2 28786682688 2099712
2 28789306688 1050112
2 28792455488 525312
2 28795079488 1050112
2 28796653888 525312
2 28798228288 1050112
2 28799802688 525312
2 28801377088 2099712
2 28804001088 525312
2 28805575488 525312
2 28806625088 525312
2 28808199488 525312
2 28809249088 525312
2 28810823488 525312
2 28812397888 525312
2 28813972288 3674112
2 28819745088 1050112
2 28823418688 1050112
2 28824993088 2624512
2 28828141888 525312
2 28830241088 1574912
2 28833389888 525312
2 28835489088 1050112
2 28844185408 525312
2 28845759808 525312
2 28846809408 525312
2 28848908608 525312
2 28854681408 525312
2 28856255808 1050112
2 28857830208 1050112
2 28859404608 525312
2 28860979008 1574912
2 28864127808 525312
2 28865702208 2099712
2 28868326208 525312
2 28869375808 2099712
2 28871999808 1574912
2 28876198208 525312
2 28879347008 1050112
2 28881971008 2624512
2 28885119808 525312
2 28888268608 525312
2 28889318208 1050112
2 28890892608 525312
2 28893516608 525312
2 28895615808 1574912
2 28897715008 1050112
2 28899289408 525312
2 28900339008 525312
2 28901388608 525312
2 28905587008 1574912
2 28910310208 525312
2 28911359808 525312
2 28913983808 1574912
2 28918182208 525312
2 28919231808 1050112
2 28920806208 1050112
2 28922380608 525312
2 28925529408 525312
2 28926579008 1574912
2 28928678208 525312
2 28929727808 525312
2 28934451008 525312
2 28935500608 525312
2 28936550208 525312
2 28937599808 525312
2 28940223808 525312
2 28941273408 525312
2 28942847808 2099712
2 28945471808 1574912
2 28948095808 1050112
2 28950195008 1050112
2 28952294208 1574912
2 28954918208 1574912
2 28959116608 525312
2 28960691008 1574912
2 28965414208 2099712
2 28968038208 525312
2 28969612608 525312
2 28971187008 525312
2 28972761408 2624512
2 28975910208 525312
2 28978009408 525312
2 28979059008 525312
2 28981158208 1050112
2 28984831808 1050112
2 28986931008 1050112
2 28988505408 1050112
2 28990604608 1050112
2 28992179008 1574912
2 28994278208 1050112
2 28995852608 1050112
2 28997427008 1050112
2 28999526208 525312
2 29000575808 525312
2 29001625408 525312
2 29002675008 525312
2 29005299008 525312
2 29007923008 525312
2 29011071808 525312
2 29012646208 525312
2 29013695808 2099712
2 29017369408 1574912
2 29020518208 1574912
2 29023142208 1574912
2 29025241408 525312
2 29027340608 525312
2 29028390208 525312
2 29029964608 525312
2 29031539008 1050112
2 29033113408 525312
2 29038361408 1050112
2 29039935808 525312
2 29040985408 525312
2 29044134208 525312
2 29045708608 1050112
2 29047807808 1050112
2 29054630208 525312
2 29055679808 1050112
2 29058303808 525312
2 29061977408 2099712
2 29064601408 1050112
2 29067750208 525312
2 29070374208 1050112
2 29071948608 525312
2 29073523008 1050112
2 29075097408 525312
2 29076671808 2099712
2 29079295808 525312
2 29080870208 525312
2 29081919808 525312
2 29083494208 525312
2 29084543808 525312
2 29086118208 525312
2 29087692608 525312
2 29089267008 3674112
2 29095039808 1050112
2 29098713408 1050112
2 29100287808 2624512
2 29103436608 525312
2 29105535808 1574912
2 29108684608 525312
2 29110783808 1050112
2 28095687488 922112
2 28098452288 922112
2 28100295488 922112
2 28103981888 922112
2 28114119488 922112
2 28116884288 1843712
2 28119649088 1843712
2 28122413888 922112
2 28125178688 2765312
2 28130708288 922112
2 28133473088 3686912
2 28138081088 922112
2 28139924288 3686912
2 28144532288 2765312
2 28151905088 922112
2 28157434688 1843712
2 28162042688 4608512
2 28167572288 922112
2 28173101888 922112
2 28174945088 1843712
2 28177709888 922112
2 28182317888 922112
2 28186004288 2765312
2 28189690688 1843712
2 28192455488 922112
2 28194298688 922112
2 28196141888 922112
2 28203514688 2765312
2 28211809088 922112
2 28213652288 922112
2 28218260288 2765312
2 28225633088 922112
2 28227476288 1843712
2 28230241088 1843712
2 28233005888 922112
2 28238535488 922112
2 28240378688 2765312
2 28244065088 922112
2 28245908288 922112
2 28254202688 922112
2 28256045888 922112
2 28257889088 922112
2 28259732288 922112
2 28264340288 922112
2 28266183488 922112
2 28268948288 3686912
2 28273556288 2765312
2 28278164288 1843712
2 28281850688 1843712
2 28285537088 2765312
2 28290145088 2765312
2 28297517888 922112
2 28300282688 2765312
2 28308577088 3686912
2 28313185088 922112
2 28315949888 922112
2 28318714688 922112
2 28321479488 4608512
2 28327009088 922112
2 28330695488 922112
2 28332538688 922112
2 28336225088 1843712
2 28342676288 1843712
2 28346362688 1843712
2 28349127488 1843712
2 28352813888 1843712
2 28355578688 2765312
2 28359265088 1843712
2 28362029888 1843712
2 28364794688 1843712
2 28368481088 922112
2 28370324288 922112
2 28372167488 922112
2 28374010688 922112
2 28378618688 922112
2 28383226688 922112
2 28388756288 922112
2 28391521088 922112
2 28393364288 3686912
2 28399815488 2765312
2 28405345088 2765312
2 28409953088 2765312
2 28413639488 922112
2 28417325888 922112
2 28419169088 922112
2 28421933888 922112
2 28424698688 1843712
2 28427463488 922112
2 28436679488 1843712
2 28439444288 922112
2 28441287488 922112
2 28446817088 922112
2 28449581888 1843712
2 28453268288 1843712
2 28465249088 922112
2 28467092288 1843712
2 28471700288 922112
2 28478151488 3686912
2 28482759488 1843712
2 28488289088 922112
2 28492897088 1843712
2 28495661888 922112
2 28498426688 1843712
2 28501191488 922112
2 28503956288 3686912
2 28508564288 922112
2 28511329088 922112
2 28513172288 922112
2 28515937088 922112
2 28517780288 922112
2 28520545088 922112
2 28523309888 922112
2 28526074688 6451712
2 28536212288 1843712
2 28542663488 1843712
2 28545428288 4608512
2 28550957888 922112
2 28554644288 2765312
2 28560173888 922112
2 28563860288 1843712
2 29650094784 525312
2 29651144384 525312
2 29652718784 525312
2 29653768384 525312
2 29654817984 1050112
2 29656392384 525312
2 29657966784 525312
2 29659541184 525312
2 29661640384 525312
2 29663739584 525312
2 29664789184 1050112
2 29666363584 525312
2 29667413184 525312
2 29669512384 525312
2 29670561984 525312
2 29672136384 2099712
2 29675285184 525312
2 29676859584 1050112
2 29679483584 1050112
2 29681582784 1574912
2 29683681984 525312
2 29684731584 525312
2 29686830784 525312
2 29687880384 525312
2 29689979584 525312
2 29692078784 525312
2 29694177984 525312
2 29696801984 525312
2 29701000384 525312
2 29702049984 525312
2 29704149184 1050112
2 29705723584 525312
2 29707822784 1050112
2 29709921984 525312
2 29712021184 1050112
2 29714120384 525312
2 29716219584 1050112
2 29719368384 1050112
2 29720942784 1050112
2 29724091584 525312
2 29725141184 525312
2 29726190784 1050112
2 29727765184 1050112
2 29730389184 525312
2 29731963584 525312
2 29733013184 525312
2 29734587584 2099712
2 29737211584 2099712
2 29739835584 1050112
2 29743509184 525312
2 29744558784 1050112
2 29746133184 525312
2 29747182784 1050112
2 29748757184 1050112
2 29750331584 525312
2 29751381184 525312
2 29752955584 525312
2 29755054784 1574912
2 29757678784 525312
2 29758728384 525312
2 29759777984 1050112
2 29761877184 525312
2 29762926784 1574912
2 29765550784 525312
2 29766600384 3149312
2 29770273984 2624512
2 29773422784 525312
2 29774472384 1050112
2 29776046784 525312
2 29777096384 525312
2 29782869184 1050112
2 29786542784 525312
2 29788641984 1050112
2 29790741184 1050112
2 29793889984 525312
2 29797038784 525312
2 29798088384 525312
2 29801237184 1574912
2 29803861184 1050112
2 29805960384 525312
2 29809109184 1050112
2 29811733184 525312
2 29814357184 1050112
2 29815931584 525312
2 29819080384 525312
2 29820129984 1050112
2 29823278784 525312
2 29824328384 1574912
2 29827477184 525312
2 29831675584 525312
2 29834299584 1050112
2 29835873984 525312
2 29838497984 525312
2 29840072384 1050112
2 29841646784 525312
2 29842696384 525312
2 29844270784 525312
2 29845320384 2624512
2 29850043584 1574912
2 29852142784 1050112
2 29854766784 525312
2 29856865984 2099712
2 29860014784 1050112
2 29862638784 1574912
2 29865787584 1050112
2 29867886784 1050112
2 29869461184 1050112
2 29871035584 525312
2 29872609984 1050112
2 29875233984 1050112
2 29877333184 525312
2 29878382784 525312
2 29879432384 525312
2 29880481984 525312
2 29882581184 525312
2 29884155584 1050112
2 29886254784 525312
2 29887304384 1574912
2 29889403584 525312
2 29890977984 525312
2 29892552384 525312
2 29894651584 525312
2 29896750784 525312
2 29897800384 1050112
2 29899374784 525312
2 29902523584 525312
2 29904622784 525312
2 29906197184 525312
2 29908296384 1050112
2 29910395584 525312
2 29912494784 1050112
2 29914069184 525312
2 29915118784 525312
2 29916693184 1050112
2 29925389504 525312
2 29926439104 525312
2 29928013504 525312
2 29929063104 525312
2 29930112704 1050112
2 29931687104 525312
2 29933261504 525312
2 29934835904 525312
2 29936935104 525312
2 29939034304 525312
2 29940083904 1050112
2 29941658304 525312
2 29942707904 525312
2 29944807104 525312
2 29945856704 525312
2 29947431104 2099712
2 29950579904 525312
2 29952154304 1050112
2 29954778304 1050112
2 29956877504 1574912
2 29958976704 525312
2 29960026304 525312
2 29962125504 525312
2 29963175104 525312
2 29965274304 525312
2 29967373504 525312
2 29969472704 525312
2 29972096704 525312
2 29976295104 525312
2 29977344704 525312
2 29979443904 1050112
2 29981018304 525312
2 29983117504 1050112
2 29985216704 525312
2 29987315904 1050112
2 29989415104 525312
2 29991514304 1050112
2 29994663104 1050112
2 29996237504 1050112
2 29999386304 525312
2 30000435904 525312
2 30001485504 1050112
2 30003059904 1050112
2 30005683904 525312
2 30007258304 525312
2 30008307904 525312
2 30009882304 2099712
2 30012506304 2099712
2 30015130304 1050112
2 30018803904 525312
2 30019853504 1050112
2 30021427904 525312
2 30022477504 1050112
2 30024051904 1050112
2 30025626304 525312
2 30026675904 525312
2 30028250304 525312
2 30030349504 1574912
2 30032973504 525312
2 30034023104 525312
2 30035072704 1050112
2 30037171904 525312
2 30038221504 1574912
2 30040845504 525312
2 30041895104 3149312
2 30045568704 2624512
2 30048717504 525312
2 30049767104 1050112
2 30051341504 525312
2 30052391104 525312
2 30058163904 1050112
2 30061837504 525312
2 30063936704 1050112
2 30066035904 1050112
2 30069184704 525312
2 30072333504 525312
2 30073383104 525312
2 30076531904 1574912
2 30079155904 1050112
2 30081255104 525312
2 30084403904 1050112
2 30087027904 525312
2 30089651904 1050112
2 30091226304 525312
2 30094375104 525312
2 30095424704 1050112
2 30098573504 525312
2 30099623104 1574912
2 30102771904 525312
2 30106970304 525312
2 30109594304 1050112
2 30111168704 525312
2 30113792704 525312
2 30115367104 1050112
2 30116941504 525312
2 30117991104 525312
2 30119565504 525312
2 30120615104 2624512
2 30125338304 1574912
2 30127437504 1050112
2 30130061504 525312
2 30132160704 2099712
2 30135309504 1050112
2 30137933504 1574912
2 30141082304 1050112
2 30143181504 1050112
2 30144755904 1050112
2 30146330304 525312
2 30147904704 1050112
2 30150528704 1050112
2 30152627904 525312
2 30153677504 525312
2 30154727104 525312
2 30155776704 525312
2 30157875904 525312
2 30159450304 1050112
2 30161549504 525312
2 30162599104 1574912
2 30164698304 525312
2 30166272704 525312
2 30167847104 525312
2 30169946304 525312
2 30172045504 525312
2 30173095104 1050112
2 30174669504 525312
2 30177818304 525312
2 30179917504 525312
2 30181491904 525312
2 30183591104 1050112
2 30185690304 525312
2 30187789504 1050112
2 30189363904 525312
2 30190413504 525312
2 30191987904 1050112
2 29176494784 922112
2 29178337984 922112
2 29181102784 922112
2 29182945984 922112
2 29184789184 1843712
2 29187553984 922112
2 29190318784 922112
2 29193083584 922112
2 29196769984 922112
2 29200456384 922112
2 29202299584 1843712
2 29205064384 922112
2 29206907584 922112
2 29210593984 922112
2 29212437184 922112
2 29215201984 3686912
2 29220731584 922112
2 29223496384 1843712
2 29228104384 1843712
2 29231790784 2765312
2 29235477184 922112
2 29237320384 922112
2 29241006784 922112
2 29242849984 922112
2 29246536384 922112
2 29250222784 922112
2 29253909184 922112
2 29258517184 922112
2 29265889984 922112
2 29267733184 922112
2 29271419584 1843712
2 29274184384 922112
2 29277870784 1843712
2 29281557184 922112
2 29285243584 1843712
2 29288929984 922112
2 29292616384 1843712
2 29298145984 1843712
2 29300910784 1843712
2 29306440384 922112
2 29308283584 922112
2 29310126784 1843712
2 29312891584 1843712
2 29317499584 922112
2 29320264384 922112
2 29322107584 922112
2 29324872384 3686912
2 29329480384 3686912
2 29334088384 1843712
2 29340539584 922112
2 29342382784 1843712
2 29345147584 922112
2 29346990784 1843712
2 29349755584 1843712
2 29352520384 922112
2 29354363584 922112
2 29357128384 922112
2 29360814784 2765312
2 29365422784 922112
2 29367265984 922112
2 29369109184 1843712
2 29372795584 922112
2 29374638784 2765312
2 29379246784 922112
2 29381089984 5530112
2 29387541184 4608512
2 29393070784 922112
2 29394913984 1843712
2 29397678784 922112
2 29399521984 922112
2 29409659584 1843712
2 29416110784 922112
2 29419797184 1843712
2 29423483584 1843712
2 29429013184 922112
2 29434542784 922112
2 29436385984 922112
2 29441915584 2765312
2 29446523584 1843712
2 29450209984 922112
2 29455739584 1843712
2 29460347584 922112
2 29464955584 1843712
2 29467720384 922112
2 29473249984 922112
2 29475093184 1843712
2 29480622784 922112
2 29482465984 2765312
2 29487995584 922112
2 29495368384 922112
2 29499976384 1843712
2 29502741184 922112
2 29507349184 922112
2 29510113984 1843712
2 29512878784 922112
2 29514721984 922112
2 29517486784 922112
2 29519329984 4608512
2 29527624384 2765312
2 29531310784 1843712
2 29535918784 922112
2 29539605184 3686912
2 29545134784 1843712
2 29549742784 2765312
2 29555272384 1843712
2 29558958784 1843712
2 29561723584 1843712
2 29564488384 922112
2 29567253184 1843712
2 29571861184 1843712
2 29575547584 922112
2 29577390784 922112
2 29579233984 922112
2 29581077184 922112
2 29584763584 922112
2 29587528384 1843712
2 29591214784 922112
2 29593057984 2765312
2 29596744384 922112
2 29599509184 922112
2 29602273984 922112
2 29605960384 922112
2 29609646784 922112
2 29611489984 1843712
2 29614254784 922112
2 29619784384 922112
2 29623470784 922112
2 29626235584 922112
2 29629921984 1843712
2 29633608384 922112
2 29637294784 1843712
2 29640059584 922112
2 29641902784 922112
2 29644667584 1843712
2 30732348480 525312
2 30735497280 525312
2 30736546880 525312
2 30737596480 1050112
2 30739170880 525312
2 30743369280 525312
2 30744418880 1050112
2 30745993280 525312
2 30747567680 1050112
2 30750716480 525312
2 30751766080 525312
2 30753340480 1050112
2 30754914880 1050112
2 30757014080 525312
2 30758588480 525312
2 30759638080 1050112
2 30761737280 525312
2 30762786880 1050112
2 30765410880 525312
2 30766460480 4198912
2 30771183680 2099712
2 30773807680 525312
2 30776956480 525312
2 30780630080 525312
2 30786402880 525312
2 30789551680 525312
2 30791650880 1050112
2 30794274880 1574912
2 30796374080 1050112
2 30798998080 1050112
2 30804246080 1050112
2 30805820480 525312
2 30806870080 525312
2 30807919680 525312
2 30808969280 525312
2 30811068480 525312
2 30813167680 1050112
2 30816316480 1050112
2 30817890880 1050112
2 30820514880 525312
2 30826812480 525312
2 30828911680 1050112
2 30830486080 525312
2 30832060480 3149312
2 30835734080 1574912
2 30839407680 525312
2 30840457280 525312
2 30842556480 525312
2 30844130880 1050112
2 30846230080 525312
2 30847279680 1574912
2 30850428480 1574912
2 30852527680 525312
2 30855676480 525312
2 30857250880 525312
2 30858300480 525312
2 30859874880 1050112
2 30861449280 1050112
2 30864073280 525312
2 30867746880 2099712
2 30870370880 3149312
2 30874569280 525312
2 30875618880 525312
2 30879292480 525312
2 30880342080 525312
2 30881391680 525312
2 30882966080 525312
2 30884015680 525312
2 30885065280 2099712
2 30888738880 1050112
2 30892412480 525312
2 30896610880 1574912
2 30899234880 1050112
2 30900809280 1574912
2 30902908480 525312
2 30904482880 525312
2 30905532480 525312
2 30908156480 2624512
2 30911830080 525312
2 30913404480 525312
2 30914454080 525312
2 30915503680 1050112
2 30917078080 525312
2 30918652480 1050112
2 30920226880 525312
2 30925474880 525312
2 30927049280 1050112
2 30930198080 1050112
2 30932822080 525312
2 30935970880 1050112
2 30937545280 1050112
2 30940169280 525312
2 30944367680 525312
2 30945417280 525312
2 30946466880 525312
2 30948041280 1050112
2 30950665280 525312
2 30951714880 525312
2 30952764480 1574912
2 30955913280 525312
2 30956962880 525312
2 30958012480 525312
2 30959586880 525312
2 30960636480 525312
2 30962210880 525312
2 30964310080 2099712
2 30969033280 1050112
2 30970607680 525312
2 30971657280 1050112
2 30973756480 525312
2 30974806080 1050112
2 30976905280 525312
2 30977954880 1050112
2 30980054080 525312
2 30982153280 525312
2 30984252480 525312
2 30986876480 525312
2 30988450880 525312
2 30989500480 1574912
2 30991599680 525312
2 30993698880 3149312
2 30997372480 1574912
2 30999471680 525312
2 31007643200 525312
2 31010792000 525312
2 31011841600 525312
2 31012891200 1050112
2 31014465600 525312
2 31018664000 525312
2 31019713600 1050112
2 31021288000 525312
2 31022862400 1050112
2 31026011200 525312
2 31027060800 525312
2 31028635200 1050112
2 31030209600 1050112
2 31032308800 525312
2 31033883200 525312
2 31034932800 1050112
2 31037032000 525312
2 31038081600 1050112
2 31040705600 525312
2 31041755200 4198912
2 31046478400 2099712
2 31049102400 525312
2 31052251200 525312
2 31055924800 525312
2 31061697600 525312
2 31064846400 525312
2 31066945600 1050112
2 31069569600 1574912
2 31071668800 1050112
2 31074292800 1050112
2 31079540800 1050112
2 31081115200 525312
2 31082164800 525312
2 31083214400 525312
2 31084264000 525312
2 31086363200 525312
2 31088462400 1050112
2 31091611200 1050112
2 31093185600 1050112
2 31095809600 525312
2 31102107200 525312
2 31104206400 1050112
2 31105780800 525312
2 31107355200 3149312
2 31111028800 1574912
2 31114702400 525312
2 31115752000 525312
2 31117851200 525312
2 31119425600 1050112
2 31121524800 525312
2 31122574400 1574912
2 31125723200 1574912
2 31127822400 525312
2 31130971200 525312
2 31132545600 525312
2 31133595200 525312
2 31135169600 1050112
2 31136744000 1050112
2 31139368000 525312
2 31143041600 2099712
2 31145665600 3149312
2 31149864000 525312
2 31150913600 525312
2 31154587200 525312
2 31155636800 525312
2 31156686400 525312
2 31158260800 525312
2 31159310400 525312
2 31160360000 2099712
2 31164033600 1050112
2 31167707200 525312
2 31171905600 1574912
2 31174529600 1050112
2 31176104000 1574912
2 31178203200 525312
2 31179777600 525312
2 31180827200 525312
2 31183451200 2624512
2 31187124800 525312
2 31188699200 525312
2 31189748800 525312
2 31190798400 1050112
2 31192372800 525312
2 31193947200 1050112
2 31195521600 525312
2 31200769600 525312
2 31202344000 1050112
2 31205492800 1050112
2 31208116800 525312
2 31211265600 1050112
2 31212840000 1050112
2 31215464000 525312
2 31219662400 525312
2 31220712000 525312
2 31221761600 525312
2 31223336000 1050112
2 31225960000 525312
2 31227009600 525312
2 31228059200 1574912
2 31231208000 525312
2 31232257600 525312
2 31233307200 525312
2 31234881600 525312
2 31235931200 525312
2 31237505600 525312
2 31239604800 2099712
2 31244328000 1050112
2 31245902400 525312
2 31246952000 1050112
2 31249051200 525312
2 31250100800 1050112
2 31252200000 525312
2 31253249600 1050112
2 31255348800 525312
2 31257448000 525312
2 31259547200 525312
2 31262171200 525312
2 31263745600 525312
2 31264795200 1574912
2 31266894400 525312
2 31268993600 3149312
2 31272667200 1574912
2 31274766400 525312
2 30259145280 922112
2 30264674880 922112
2 30266518080 922112
2 30268361280 1843712
2 30271126080 922112
2 30278498880 922112
2 30280342080 1843712
2 30283106880 922112
2 30285871680 1843712
2 30291401280 922112
2 30293244480 922112
2 30296009280 1843712
2 30298774080 1843712
2 30302460480 922112
2 30305225280 922112
2 30307068480 1843712
2 30310754880 922112
2 30312598080 1843712
2 30317206080 922112
2 30319049280 7373312
2 30327343680 3686912
2 30331951680 922112
2 30337481280 922112
2 30343932480 922112
2 30354070080 922112
2 30359599680 922112
2 30363286080 1843712
2 30367894080 2765312
2 30371580480 1843712
2 30376188480 1843712
2 30385404480 1843712
2 30388169280 922112
2 30390012480 922112
2 30391855680 922112
2 30393698880 922112
2 30397385280 922112
2 30401071680 1843712
2 30406601280 1843712
2 30409366080 1843712
2 30413974080 922112
2 30425033280 922112
2 30428719680 1843712
2 30431484480 922112
2 30434249280 5530112
2 30440700480 2765312
2 30447151680 922112
2 30448994880 922112
2 30452681280 922112
2 30455446080 1843712
2 30459132480 922112
2 30460975680 2765312
2 30466505280 2765312
2 30470191680 922112
2 30475721280 922112
2 30478486080 922112
2 30480329280 922112
2 30483094080 1843712
2 30485858880 1843712
2 30490466880 922112
2 30496918080 3686912
2 30501526080 5530112
2 30508898880 922112
2 30510742080 922112
2 30517193280 922112
2 30519036480 922112
2 30520879680 922112
2 30523644480 922112
2 30525487680 922112
2 30527330880 3686912
2 30533782080 1843712
2 30540233280 922112
2 30547606080 2765312
2 30552214080 1843712
2 30554978880 2765312
2 30558665280 922112
2 30561430080 922112
2 30563273280 922112
2 30567881280 4608512
2 30574332480 922112
2 30577097280 922112
2 30578940480 922112
2 30580783680 1843712
2 30583548480 922112
2 30586313280 1843712
2 30589078080 922112
2 30598294080 922112
2 30601058880 1843712
2 30606588480 1843712
2 30611196480 922112
2 30616726080 1843712
2 30619490880 1843712
2 30624098880 922112
2 30631471680 922112
2 30633314880 922112
2 30635158080 922112
2 30637922880 1843712
2 30642530880 922112
2 30644374080 922112
2 30646217280 2765312
2 30651746880 922112
2 30653590080 922112
2 30655433280 922112
2 30658198080 922112
2 30660041280 922112
2 30662806080 922112
2 30666492480 3686912
2 30674786880 1843712
2 30677551680 922112
2 30679394880 1843712
2 30683081280 922112
2 30684924480 1843712
2 30688610880 922112
2 30690454080 1843712
2 30694140480 922112
2 30697826880 922112
2 30701513280 922112
2 30706121280 922112
2 30708886080 922112
2 30710729280 2765312
2 30714415680 922112
2 30718102080 5530112
2 30724553280 2765312
2 30728239680 922112
2 31820005824 525312
2 31821055424 525312
2 31824204224 1050112
2 31825778624 1050112
2 31828927424 1050112
2 31832601024 525312
2 31833650624 525312
2 31835225024 1574912
2 31837324224 525312
2 31838373824 1574912
2 31840473024 525312
2 31841522624 1050112
2 31843621824 525312
2 31845196224 1050112
2 31846770624 1050112
2 31848345024 525312
2 31850969024 525312
2 31852018624 525312
2 31854117824 1050112
2 31857791424 1050112
2 31859890624 1050112
2 31861989824 1574912
2 31865663424 1574912
2 31867762624 1050112
2 31870911424 525312
2 31876684224 1574912
2 31878783424 525312
2 31882981824 525312
2 31884556224 525312
2 31885605824 2099712
2 31888754624 525312
2 31890329024 525312
2 31891378624 525312
2 31894527424 525312
2 31895577024 1574912
2 31897676224 1574912
2 31899775424 1574912
2 31902399424 525312
2 31905023424 525312
2 31907122624 525312
2 31909221824 1050112
2 31911845824 525312
2 31913420224 525312
2 31914994624 525312
2 31916044224 2099712
2 31918668224 525312
2 31924441024 525312
2 31925490624 2099712
2 31928114624 525312
2 31930213824 525312
2 31936511424 525312
2 31938610624 525312
2 31940185024 1050112
2 31941759424 525312
2 31942809024 1050112
2 31947007424 1050112
2 31948581824 2099712
2 31953305024 525312
2 31958553024 1574912
2 31960652224 1574912
2 31963276224 525312
2 31964325824 2099712
2 31966949824 1050112
2 31970098624 525312
2 31971673024 525312
2 31973247424 525312
2 31975871424 1574912
2 31980069824 525312
2 31981119424 1574912
2 31986367424 525312
2 31987941824 1050112
2 31989516224 525312
2 31991090624 525312
2 31994764224 1050112
2 31996338624 1574912
2 31998437824 2099712
2 32001061824 525312
2 32002636224 1050112
2 32005785024 525312
2 32006834624 1574912
2 32008933824 1050112
2 32011033024 525312
2 32013657024 1050112
2 32015231424 525312
2 32017855424 525312
2 32018905024 1050112
2 32025202624 1050112
2 32026777024 1050112
2 32028876224 525312
2 32029925824 1050112
2 32031500224 525312
2 32033599424 525312
2 32035173824 525312
2 32037273024 525312
2 32038322624 525312
2 32040421824 525312
2 32044095424 525312
2 32046194624 525312
2 32047244224 525312
2 32048293824 525312
2 32049868224 1050112
2 32051967424 1574912
2 32054066624 525312
2 32055116224 525312
2 32056165824 1574912
2 32058265024 525312
2 32060364224 525312
2 32061938624 525312
2 32062988224 525312
2 32069285824 1050112
2 32070860224 525312
2 32071909824 1050112
2 32075058624 1050112
2 32076633024 525312
2 32078207424 525312
2 32082930624 525312
2 32087129024 525312
2 32095300544 525312
2 32096350144 525312
2 32099498944 1050112
2 32101073344 1050112
2 32104222144 1050112
2 32107895744 525312
2 32108945344 525312
2 32110519744 1574912
2 32112618944 525312
2 32113668544 1574912
2 32115767744 525312
2 32116817344 1050112
2 32118916544 525312
2 32120490944 1050112
2 32122065344 1050112
2 32123639744 525312
2 32126263744 525312
2 32127313344 525312
2 32129412544 1050112
2 32133086144 1050112
2 32135185344 1050112
2 32137284544 1574912
2 32140958144 1574912
2 32143057344 1050112
2 32146206144 525312
2 32151978944 1574912
2 32154078144 525312
2 32158276544 525312
2 32159850944 525312
2 32160900544 2099712
2 32164049344 525312
2 32165623744 525312
2 32166673344 525312
2 32169822144 525312
2 32170871744 1574912
2 32172970944 1574912
2 32175070144 1574912
2 32177694144 525312
2 32180318144 525312
2 32182417344 525312
2 32184516544 1050112
2 32187140544 525312
2 32188714944 525312
2 32190289344 525312
2 32191338944 2099712
2 32193962944 525312
2 32199735744 525312
2 32200785344 2099712
2 32203409344 525312
2 32205508544 525312
2 32211806144 525312
2 32213905344 525312
2 32215479744 1050112
2 32217054144 525312
2 32218103744 1050112
2 32222302144 1050112
2 32223876544 2099712
2 32228599744 525312
2 32233847744 1574912
2 32235946944 1574912
2 32238570944 525312
2 32239620544 2099712
2 32242244544 1050112
2 32245393344 525312
2 32246967744 525312
2 32248542144 525312
2 32251166144 1574912
2 32255364544 525312
2 32256414144 1574912
2 32261662144 525312
2 32263236544 1050112
2 32264810944 525312
2 32266385344 525312
2 32270058944 1050112
2 32271633344 1574912
2 32273732544 2099712
2 32276356544 525312
2 32277930944 1050112
2 32281079744 525312
2 32282129344 1574912
2 32284228544 1050112
2 32286327744 525312
2 32288951744 1050112
2 32290526144 525312
2 32293150144 525312
2 32294199744 1050112
2 32300497344 1050112
2 32302071744 1050112
2 32304170944 525312
2 32305220544 1050112
2 32306794944 525312
2 32308894144 525312
2 32310468544 525312
2 32312567744 525312
2 32313617344 525312
2 32315716544 525312
2 32319390144 525312
2 32321489344 525312
2 32322538944 525312
2 32323588544 525312
2 32325162944 1050112
2 32327262144 1574912
2 32329361344 525312
2 32330410944 525312
2 32331460544 1574912
2 32333559744 525312
2 32335658944 525312
2 32337233344 525312
2 32338282944 525312
2 32344580544 1050112
2 32346154944 525312
2 32347204544 1050112
2 32350353344 1050112
2 32351927744 525312
2 32353502144 525312
2 32358225344 525312
2 32362423744 525312
2 31346405824 922112
2 31348249024 922112
2 31353778624 1843712
2 31356543424 1843712
2 31362073024 1843712
2 31368524224 922112
2 31370367424 922112
2 31373132224 2765312
2 31376818624 922112
2 31378661824 2765312
2 31382348224 922112
2 31384191424 1843712
2 31387877824 922112
2 31390642624 1843712
2 31393407424 1843712
2 31396172224 922112
2 31400780224 922112
2 31402623424 922112
2 31406309824 1843712
2 31412761024 1843712
2 31416447424 1843712
2 31420133824 2765312
2 31426585024 2765312
2 31430271424 1843712
2 31435801024 922112
2 31445938624 2765312
2 31449625024 922112
2 31456997824 922112
2 31459762624 922112
2 31461605824 3686912
2 31467135424 922112
2 31469900224 922112
2 31471743424 922112
2 31477273024 922112
2 31479116224 2765312
2 31482802624 2765312
2 31486489024 2765312
2 31491097024 922112
2 31495705024 922112
2 31499391424 922112
2 31503077824 1843712
2 31507685824 922112
2 31510450624 922112
2 31513215424 922112
2 31515058624 3686912
2 31519666624 922112
2 31529804224 922112
2 31531647424 3686912
2 31536255424 922112
2 31539941824 922112
2 31551001024 922112
2 31554687424 922112
2 31557452224 1843712
2 31560217024 922112
2 31562060224 1843712
2 31569433024 1843712
2 31572197824 3686912
2 31580492224 922112
2 31589708224 2765312
2 31593394624 2765312
2 31598002624 922112
2 31599845824 3686912
2 31604453824 1843712
2 31609983424 922112
2 31612748224 922112
2 31615513024 922112
2 31620121024 2765312
2 31627493824 922112
2 31629337024 2765312
2 31638553024 922112
2 31641317824 1843712
2 31644082624 922112
2 31646847424 922112
2 31653298624 1843712
2 31656063424 2765312
2 31659749824 3686912
2 31664357824 922112
2 31667122624 1843712
2 31672652224 922112
2 31674495424 2765312
2 31678181824 1843712
2 31681868224 922112
2 31686476224 1843712
2 31689241024 922112
2 31693849024 922112
2 31695692224 1843712
2 31706751424 1843712
2 31709516224 1843712
2 31713202624 922112
2 31715045824 1843712
2 31717810624 922112
2 31721497024 922112
2 31724261824 922112
2 31727948224 922112
2 31729791424 922112
2 31733477824 922112
2 31739929024 922112
2 31743615424 922112
2 31745458624 922112
2 31747301824 922112
2 31750066624 1843712
2 31753753024 2765312
2 31757439424 922112
2 31759282624 922112
2 31761125824 2765312
2 31764812224 922112
2 31768498624 922112
2 31771263424 922112
2 31773106624 922112
2 31784165824 1843712
2 31786930624 922112
2 31788773824 1843712
2 31794303424 1843712
2 31797068224 922112
2 31799833024 922112
2 31808127424 922112
2 31815500224 922112
